ISO-10303-21;
HEADER;
FILE_DESCRIPTION (( 'STEP AP203' ),
    '1' );
FILE_NAME ('031169-A.STEP',
    '2021-12-06T13:35:50',
    ( '' ),
    ( '' ),
    'SwSTEP 2.0',
    'SolidWorks 2018',
    '' );
FILE_SCHEMA (( 'CONFIG_CONTROL_DESIGN' ));
ENDSEC;

DATA;
#1 = AXIS2_PLACEMENT_3D ( 'NONE', #704, #568, #1436 ) ;
#2 = EDGE_CURVE ( 'NONE', #130, #1841, #1284, .T. ) ;
#3 = CARTESIAN_POINT ( 'NONE',  ( 0.000000000000000000, 57.00000000000000000, 0.000000000000000000 ) ) ;
#4 = CARTESIAN_POINT ( 'NONE',  ( -13.46084005734785016, 12.49720653290216532, 2.085141108115161845 ) ) ;
#5 = EDGE_CURVE ( 'NONE', #1749, #1577, #1036, .T. ) ;
#6 = PLANE ( 'NONE',  #484 ) ;
#7 = EDGE_LOOP ( 'NONE', ( #1233, #1565, #1149, #498, #687, #102 ) ) ;
#8 = CONICAL_SURFACE ( 'NONE', #211, 12.69999999999999929, 1.047197551196603404 ) ;
#9 = PLANE ( 'NONE',  #876 ) ;
#10 = FACE_OUTER_BOUND ( 'NONE', #560, .T. ) ;
#11 = CALENDAR_DATE ( 2021, 6, 12 ) ;
#12 = CARTESIAN_POINT ( 'NONE',  ( -14.06495879929033421, 64.21194066979727211, 1.038776753266187791 ) ) ;
#13 = CARTESIAN_POINT ( 'NONE',  ( 1.285879139104718267E-15, 0.5000000000000125455, 10.49999999999997868 ) ) ;
#14 = AXIS2_PLACEMENT_3D ( 'NONE', #1367, #1390, #80 ) ;
#15 = VERTEX_POINT ( 'NONE', #122 ) ;
#16 = DIRECTION ( 'NONE',  ( -0.000000000000000000, -1.000000000000000000, -0.000000000000000000 ) ) ;
#17 = EDGE_CURVE ( 'NONE', #982, #670, #271, .T. ) ;
#18 = CARTESIAN_POINT ( 'NONE',  ( -12.54750232030948531, 5.207411640514839846, 3.667088473135593496 ) ) ;
#19 = EDGE_CURVE ( 'NONE', #949, #581, #1582, .T. ) ;
#20 = DIRECTION ( 'NONE',  ( 0.000000000000000000, 0.000000000000000000, -1.000000000000000000 ) ) ;
#21 = ADVANCED_FACE ( 'NONE', ( #204 ), #977, .T. ) ;
#22 = ORIENTED_EDGE ( 'NONE', *, *, #417, .F. ) ;
#23 = CARTESIAN_POINT ( 'NONE',  ( 13.46322499650260340, 5.503794396817455414, -2.081010272326173638 ) ) ;
#24 = ORIENTED_EDGE ( 'NONE', *, *, #525, .F. ) ;
#25 = CARTESIAN_POINT ( 'NONE',  ( 4.945596983098869970, 64.49296340391599358, -12.70000000000000107 ) ) ;
#26 = CARTESIAN_POINT ( 'NONE',  ( 0.000000000000000000, 56.00000000000000711, 5.899999999999997691 ) ) ;
#27 = CARTESIAN_POINT ( 'NONE',  ( 2.489441614469941833, 64.86896295390458533, 12.70000000000000107 ) ) ;
#28 = CARTESIAN_POINT ( 'NONE',  ( 2.489441614469941833, 57.13103704609540756, -12.69999999999999218 ) ) ;
#29 = AXIS2_PLACEMENT_3D ( 'NONE', #728, #588, #1612 ) ;
#30 = ADVANCED_FACE ( 'NONE', ( #1219 ), #480, .T. ) ;
#31 = CARTESIAN_POINT ( 'NONE',  ( 6.146748557700853155, 5.792065048506508163, 12.70000000000000107 ) ) ;
#32 = DIRECTION ( 'NONE',  ( -0.000000000000000000, 1.000000000000000000, -0.000000000000000000 ) ) ;
#33 = ORIENTED_EDGE ( 'NONE', *, *, #425, .T. ) ;
#34 = APPLICATION_PROTOCOL_DEFINITION ( 'international standard', 'config_control_design', 1994, #665 ) ;
#35 = CONICAL_SURFACE ( 'NONE', #1021, 14.66469683741649455, 1.047197551196603182 ) ;
#36 = B_SPLINE_CURVE_WITH_KNOTS ( 'NONE', 3,
 ( #387, #1560, #791, #363, #486, #1804 ),
 .UNSPECIFIED., .F., .F.,
 ( 4, 2, 4 ),
 ( 0.01308187316229593965, 0.01679073646925051747, 0.02049959977620509355 ),
 .UNSPECIFIED. ) ;
#37 = CARTESIAN_POINT ( 'NONE',  ( -9.756601700143052724, 12.86943327430278927, 8.501070146139348083 ) ) ;
#38 = VERTEX_POINT ( 'NONE', #1172 ) ;
#39 = APPROVAL_ROLE ( '' ) ;
#40 = ADVANCED_FACE ( 'NONE', ( #1304 ), #405, .F. ) ;
#41 = AXIS2_PLACEMENT_3D ( 'NONE', #996, #1725, #557 ) ;
#42 = CARTESIAN_POINT ( 'NONE',  ( 8.536205198776888992, 64.49720653290218308, 10.61485889188483789 ) ) ;
#43 = CARTESIAN_POINT ( 'NONE',  ( -12.23997287109751042, 57.10810657288141812, -4.199745103994401596 ) ) ;
#44 = EDGE_CURVE ( 'NONE', #712, #986, #1443, .T. ) ;
#45 = EDGE_LOOP ( 'NONE', ( #831, #1272, #822 ) ) ;
#46 = CARTESIAN_POINT ( 'NONE',  ( 3.108716113483801280, 5.208846260121640981, 12.70000000000000284 ) ) ;
#47 = ORIENTED_EDGE ( 'NONE', *, *, #343, .T. ) ;
#48 = CIRCLE ( 'NONE', #117, 12.69999999999999929 ) ;
#49 = DIRECTION ( 'NONE',  ( 0.000000000000000000, 0.000000000000000000, 1.000000000000000000 ) ) ;
#50 = ORIENTED_EDGE ( 'NONE', *, *, #1145, .T. ) ;
#51 = DIRECTION ( 'NONE',  ( -0.000000000000000000, -1.000000000000000000, -0.000000000000000000 ) ) ;
#52 = ADVANCED_FACE ( 'NONE', ( #1717 ), #421, .F. ) ;
#53 = EDGE_CURVE ( 'NONE', #1368, #58, #1917, .T. ) ;
#54 = CARTESIAN_POINT ( 'NONE',  ( 0.000000000000000000, 0.000000000000000000, 0.000000000000000000 ) ) ;
#55 = CARTESIAN_POINT ( 'NONE',  ( 0.000000000000000000, 70.00000000000000000, 0.000000000000000000 ) ) ;
#56 =( NAMED_UNIT ( * ) SI_UNIT ( $, .STERADIAN. ) SOLID_ANGLE_UNIT ( ) );
#57 = DIRECTION ( 'NONE',  ( 0.000000000000000000, 0.000000000000000000, -1.000000000000000000 ) ) ;
#58 = VERTEX_POINT ( 'NONE', #1611 ) ;
#59 = ORIENTED_EDGE ( 'NONE', *, *, #620, .T. ) ;
#60 = VECTOR ( 'NONE', #1288, 1000.000000000000000 ) ;
#61 = PERSON_AND_ORGANIZATION_ROLE ( 'creator' ) ;
#62 = CIRCLE ( 'NONE', #1464, 12.69999999999999929 ) ;
#63 = ADVANCED_FACE ( 'NONE', ( #1372 ), #904, .F. ) ;
#64 = COORDINATED_UNIVERSAL_TIME_OFFSET ( 0, 0, .AHEAD. ) ;
#65 = CARTESIAN_POINT ( 'NONE',  ( 9.756601700143058054, 57.13056672569720718, 8.501070146139340977 ) ) ;
#66 = ORIENTED_EDGE ( 'NONE', *, *, #224, .F. ) ;
#67 = ORIENTED_EDGE ( 'NONE', *, *, #1330, .F. ) ;
#68 = EDGE_CURVE ( 'NONE', #1206, #633, #1875, .T. ) ;
#69 = DIRECTION ( 'NONE',  ( 0.000000000000000000, 0.000000000000000000, -1.000000000000000000 ) ) ;
#70 = CARTESIAN_POINT ( 'NONE',  ( 7.332348418708231286, 6.134318247958397308, -12.69999999999999396 ) ) ;
#71 = AXIS2_PLACEMENT_3D ( 'NONE', #443, #1309, #1883 ) ;
#72 = DIRECTION ( 'NONE',  ( 0.000000000000000000, 0.000000000000000000, 1.000000000000000000 ) ) ;
#73 = CARTESIAN_POINT ( 'NONE',  ( 6.146748557700867366, 57.79206504850652237, 12.70000000000000284 ) ) ;
#74 = CARTESIAN_POINT ( 'NONE',  ( 4.945596983098854871, 5.507036596084003754, -12.69999999999999929 ) ) ;
#75 = CARTESIAN_POINT ( 'NONE',  ( 10.68738671117353078, 13.00000000000000711, -6.888903216111000205 ) ) ;
#76 = EDGE_CURVE ( 'NONE', #1890, #800, #372, .T. ) ;
#77 = CARTESIAN_POINT ( 'NONE',  ( 14.06645651165825051, 12.21107596515835603, 1.036182639349842560 ) ) ;
#78 = AXIS2_PLACEMENT_3D ( 'NONE', #755, #607, #1340 ) ;
#79 = EDGE_LOOP ( 'NONE', ( #1597, #1712, #149 ) ) ;
#80 = DIRECTION ( 'NONE',  ( 0.000000000000000000, 0.000000000000000000, -1.000000000000000000 ) ) ;
#81 = VECTOR ( 'NONE', #1476, 1000.000000000000000 ) ;
#82 = ORIENTED_EDGE ( 'NONE', *, *, #508, .F. ) ;
#83 = EDGE_CURVE ( 'NONE', #1516, #445, #1049, .T. ) ;
#84 = VECTOR ( 'NONE', #1659, 1000.000000000000000 ) ;
#85 = LOCAL_TIME ( 13, 35, 50.00000000000000000, #487 ) ;
#86 = CARTESIAN_POINT ( 'NONE',  ( -10.68738671117353256, 4.999999999999992895, -6.888903216111000205 ) ) ;
#87 = CARTESIAN_POINT ( 'NONE',  ( 0.000000000000000000, 63.86568175204160269, 0.000000000000000000 ) ) ;
#88 = CARTESIAN_POINT ( 'NONE',  ( 14.66469683741649632, 11.86568175204159559, -8.673617379884035472E-16 ) ) ;
#89 = EDGE_CURVE ( 'NONE', #1864, #148, #719, .T. ) ;
#90 = CARTESIAN_POINT ( 'NONE',  ( 7.332348418708249049, 11.86568175204159559, 12.69999999999999929 ) ) ;
#91 = ORIENTED_EDGE ( 'NONE', *, *, #106, .F. ) ;
#92 = AXIS2_PLACEMENT_3D ( 'NONE', #838, #247, #100 ) ;
#93 = CARTESIAN_POINT ( 'NONE',  ( -10.99852262806236958, 57.00000000000000000, 6.350000000000000533 ) ) ;
#94 = EDGE_LOOP ( 'NONE', ( #1432, #647, #1254, #1668, #277, #1482 ) ) ;
#95 = VERTEX_POINT ( 'NONE', #450 ) ;
#96 = CARTESIAN_POINT ( 'NONE',  ( 0.000000000000000000, 57.00000000000000000, 0.000000000000000000 ) ) ;
#97 = ORIENTED_EDGE ( 'NONE', *, *, #901, .F. ) ;
#98 = DIRECTION ( 'NONE',  ( 0.000000000000000000, 0.000000000000000000, -1.000000000000000000 ) ) ;
#99 = CARTESIAN_POINT ( 'NONE',  ( -4.918399208581590187, 5.501317700042091197, 12.69999999999999574 ) ) ;
#100 = DIRECTION ( 'NONE',  ( 0.000000000000000000, 0.000000000000000000, -1.000000000000000000 ) ) ;
#101 = EDGE_CURVE ( 'NONE', #1672, #1206, #1201, .T. ) ;
#102 = ORIENTED_EDGE ( 'NONE', *, *, #580, .F. ) ;
#103 = EDGE_LOOP ( 'NONE', ( #1404, #761, #33, #909 ) ) ;
#104 = AXIS2_PLACEMENT_3D ( 'NONE', #626, #1480, #1638 ) ;
#105 = CONICAL_SURFACE ( 'NONE', #1823, 12.69999999999999929, 1.047197551196603182 ) ;
#106 = EDGE_CURVE ( 'NONE', #1884, #1529, #956, .T. ) ;
#107 = DATE_AND_TIME ( #1876, #1075 ) ;
#108 = DIRECTION ( 'NONE',  ( -0.000000000000000000, -1.000000000000000000, -0.000000000000000000 ) ) ;
#109 = FACE_OUTER_BOUND ( 'NONE', #1856, .T. ) ;
#110 = DIRECTION ( 'NONE',  ( 8.659560562354978464E-17, 0.7071067811865439090, -0.7071067811865512365 ) ) ;
#111 = AXIS2_PLACEMENT_3D ( 'NONE', #208, #812, #1247 ) ;
#112 = PLANE ( 'NONE',  #1363 ) ;
#113 = CARTESIAN_POINT ( 'NONE',  ( -7.332348418708249049, 11.86568175204159559, -12.69999999999999929 ) ) ;
#114 = EDGE_LOOP ( 'NONE', ( #1763, #59, #380 ) ) ;
#115 = VECTOR ( 'NONE', #16, 1000.000000000000000 ) ;
#116 = EDGE_CURVE ( 'NONE', #842, #1407, #294, .T. ) ;
#117 = AXIS2_PLACEMENT_3D ( 'NONE', #898, #320, #155 ) ;
#118 = VERTEX_POINT ( 'NONE', #1319 ) ;
#119 = EDGE_CURVE ( 'NONE', #1318, #15, #1175, .T. ) ;
#120 = EDGE_CURVE ( 'NONE', #399, #1099, #456, .T. ) ;
#121 = CARTESIAN_POINT ( 'NONE',  ( -2.470065085984118891, 57.10650331468434615, 12.70000000000000107 ) ) ;
#122 = CARTESIAN_POINT ( 'NONE',  ( -14.66469683741648211, 6.134318247958397308, -1.214306433183764651E-14 ) ) ;
#123 = B_SPLINE_CURVE_WITH_KNOTS ( 'NONE', 3,
 ( #592, #1615, #1160, #428, #1451, #23, #903, #892 ),
 .UNSPECIFIED., .F., .F.,
 ( 4, 2, 2, 4 ),
 ( 0.007419373737101449262, 0.009267222171865860392, 0.01111507060663027152, 0.01481076747615908684 ),
 .UNSPECIFIED. ) ;
#124 = FACE_OUTER_BOUND ( 'NONE', #952, .T. ) ;
#125 = LINE ( 'NONE', #206, #328 ) ;
#126 = DATE_AND_TIME ( #1138, #576 ) ;
#127 = CARTESIAN_POINT ( 'NONE',  ( 0.000000000000000000, 57.00000000000000000, 0.000000000000000000 ) ) ;
#128 = AXIS2_PLACEMENT_3D ( 'NONE', #931, #49, #218 ) ;
#129 = DIRECTION ( 'NONE',  ( 0.000000000000000000, 0.000000000000000000, -1.000000000000000000 ) ) ;
#130 = VERTEX_POINT ( 'NONE', #762 ) ;
#131 = CARTESIAN_POINT ( 'NONE',  ( 0.000000000000000000, 0.5000000000000125455, -10.49999999999997868 ) ) ;
#132 = CARTESIAN_POINT ( 'NONE',  ( -14.06495879929033421, 12.21194066979727388, 1.038776753266188235 ) ) ;
#133 = CARTESIAN_POINT ( 'NONE',  ( 0.000000000000000000, 13.00000000000000178, 0.000000000000000000 ) ) ;
#134 = DIRECTION ( 'NONE',  ( -0.000000000000000000, -1.000000000000000000, -0.000000000000000000 ) ) ;
#135 = B_SPLINE_CURVE_WITH_KNOTS ( 'NONE', 3,
 ( #388, #1414, #1187, #267, #859, #577 ),
 .UNSPECIFIED., .F., .F.,
 ( 4, 2, 4 ),
 ( 0.01308187316229594485, 0.01679073646925052093, 0.02049959977620510049 ),
 .UNSPECIFIED. ) ;
#136 = ORIENTED_EDGE ( 'NONE', *, *, #1007, .T. ) ;
#137 = EDGE_LOOP ( 'NONE', ( #1168, #1028, #1475, #1810 ) ) ;
#138 = AXIS2_PLACEMENT_3D ( 'NONE', #1001, #261, #253 ) ;
#139 = EDGE_CURVE ( 'NONE', #949, #670, #1628, .T. ) ;
#140 = ORIENTED_EDGE ( 'NONE', *, *, #360, .T. ) ;
#141 = CARTESIAN_POINT ( 'NONE',  ( -14.66469683741649277, 5.000000000000000888, 0.000000000000000000 ) ) ;
#142 = CARTESIAN_POINT ( 'NONE',  ( 14.66469683741649277, 70.00000000000000000, 0.000000000000000000 ) ) ;
#143 = EDGE_CURVE ( 'NONE', #1289, #602, #1495, .T. ) ;
#144 = DIRECTION ( 'NONE',  ( 0.000000000000000000, 1.000000000000000000, 0.000000000000000000 ) ) ;
#145 = CARTESIAN_POINT ( 'NONE',  ( -12.54750232030948531, 12.79258835948516015, -3.667088473135592164 ) ) ;
#146 = B_SPLINE_CURVE_WITH_KNOTS ( 'NONE', 3,
 ( #93, #1713, #1575, #1314, #596, #422, #1185, #430 ),
 .UNSPECIFIED., .F., .F.,
 ( 4, 2, 2, 4 ),
 ( 0.007419373737101444925, 0.009267222171865851718, 0.01111507060663025764, 0.01481076747615907990 ),
 .UNSPECIFIED. ) ;
#147 = CARTESIAN_POINT ( 'NONE',  ( 0.000000000000000000, 0.000000000000000000, 9.999999999999960920 ) ) ;
#148 = VERTEX_POINT ( 'NONE', #1663 ) ;
#149 = ORIENTED_EDGE ( 'NONE', *, *, #788, .F. ) ;
#150 = ORIENTED_EDGE ( 'NONE', *, *, #1859, .T. ) ;
#151 = DIRECTION ( 'NONE',  ( -0.8660254037844387076, 0.000000000000000000, 0.5000000000000000000 ) ) ;
#152 = CARTESIAN_POINT ( 'NONE',  ( 1.285879139104720633E-15, 0.000000000000000000, 10.49999999999999822 ) ) ;
#153 = LINE ( 'NONE', #1190, #529 ) ;
#154 = CARTESIAN_POINT ( 'NONE',  ( 4.945596983098869082, 64.49296340391602200, 12.70000000000000284 ) ) ;
#155 = DIRECTION ( 'NONE',  ( 0.000000000000000000, 0.000000000000000000, -1.000000000000000000 ) ) ;
#156 = ORIENTED_EDGE ( 'NONE', *, *, #1797, .F. ) ;
#157 = CARTESIAN_POINT ( 'NONE',  ( 0.000000000000000000, 14.54077455712480926, 0.000000000000000000 ) ) ;
#158 = DIRECTION ( 'NONE',  ( -0.5000000000000001110, 0.000000000000000000, 0.8660254037844385966 ) ) ;
#159 = ORIENTED_EDGE ( 'NONE', *, *, #778, .F. ) ;
#160 = CARTESIAN_POINT ( 'NONE',  ( 0.000000000000000000, 5.000000000000000000, 0.000000000000000000 ) ) ;
#161 = ADVANCED_FACE ( 'NONE', ( #714 ), #1019, .T. ) ;
#162 = LINE ( 'NONE', #521, #1381 ) ;
#163 = ORIENTED_EDGE ( 'NONE', *, *, #630, .F. ) ;
#164 = CARTESIAN_POINT ( 'NONE',  ( 1.285879139104720831E-15, 0.000000000000000000, 10.50000000000000000 ) ) ;
#165 = DIRECTION ( 'NONE',  ( 0.000000000000000000, 1.000000000000000000, 0.000000000000000000 ) ) ;
#166 = ORIENTED_EDGE ( 'NONE', *, *, #143, .T. ) ;
#167 = EDGE_CURVE ( 'NONE', #1407, #551, #862, .T. ) ;
#168 = CARTESIAN_POINT ( 'NONE',  ( 6.146748557700868254, 64.20793495149348473, 12.70000000000000107 ) ) ;
#169 = DIRECTION ( 'NONE',  ( 0.000000000000000000, 0.000000000000000000, 1.000000000000000000 ) ) ;
#170 = ADVANCED_FACE ( 'NONE', ( #1250 ), #1348, .T. ) ;
#171 = DIRECTION ( 'NONE',  ( 0.000000000000000000, 0.000000000000000000, -1.000000000000000000 ) ) ;
#172 = CARTESIAN_POINT ( 'NONE',  ( 0.6198912292250986500, 65.00000000000001421, 12.70000000000000462 ) ) ;
#173 = ORIENTED_EDGE ( 'NONE', *, *, #282, .T. ) ;
#174 = VECTOR ( 'NONE', #110, 1000.000000000000000 ) ;
#175 = B_SPLINE_CURVE_WITH_KNOTS ( 'NONE', 3,
 ( #1139, #547, #1569, #99, #1147, #254 ),
 .UNSPECIFIED., .F., .F.,
 ( 4, 2, 4 ),
 ( 0.01277796130083745998, 0.01647734276364738737, 0.02017672422645731822 ),
 .UNSPECIFIED. ) ;
#176 = CIRCLE ( 'NONE', #14, 5.899999999999997691 ) ;
#177 = VECTOR ( 'NONE', #900, 1000.000000000000000 ) ;
#178 = CARTESIAN_POINT ( 'NONE',  ( 1.285879139104720436E-15, 13.00000000000000178, 10.49999999999999467 ) ) ;
#179 = ADVANCED_FACE ( 'NONE', ( #809 ), #924, .F. ) ;
#180 = CARTESIAN_POINT ( 'NONE',  ( 3.108716113483808829, 57.20884626012164631, -12.70000000000000107 ) ) ;
#181 = CARTESIAN_POINT ( 'NONE',  ( 10.37391523766104662, 65.00000000000001421, 7.431851734958102362 ) ) ;
#182 = CARTESIAN_POINT ( 'NONE',  ( 10.68738671117352901, 4.999999999999992006, 6.888903216110999317 ) ) ;
#183 = AXIS2_PLACEMENT_3D ( 'NONE', #1798, #1815, #346 ) ;
#184 = DIRECTION ( 'NONE',  ( -0.000000000000000000, 1.000000000000000000, -0.000000000000000000 ) ) ;
#185 = CARTESIAN_POINT ( 'NONE',  ( -13.46084005734784839, 5.502793467097834679, -2.085141108115169395 ) ) ;
#186 = ORIENTED_EDGE ( 'NONE', *, *, #1505, .F. ) ;
#187 = CARTESIAN_POINT ( 'NONE',  ( 7.932086456834406718, 5.788059330202727004, -11.66122324673381705 ) ) ;
#188 = EDGE_LOOP ( 'NONE', ( #1706, #1869, #1801 ) ) ;
#189 = ADVANCED_FACE ( 'NONE', ( #252 ), #225, .T. ) ;
#190 = EDGE_LOOP ( 'NONE', ( #1648, #279, #260, #97 ) ) ;
#191 = CARTESIAN_POINT ( 'NONE',  ( 7.332348418708249049, 63.86568175204160269, -12.69999999999999929 ) ) ;
#192 = CARTESIAN_POINT ( 'NONE',  ( -7.332348418708250826, 6.134318247958397308, 12.69999999999998330 ) ) ;
#193 = EDGE_CURVE ( 'NONE', #1176, #1884, #1074, .T. ) ;
#194 = PRODUCT_DEFINITION_FORMATION_WITH_SPECIFIED_SOURCE ( 'ANY', '', #817, .NOT_KNOWN. ) ;
#195 = CARTESIAN_POINT ( 'NONE',  ( 0.000000000000000000, 70.00000000000000000, 0.000000000000000000 ) ) ;
#196 = DIRECTION ( 'NONE',  ( 0.000000000000000000, 0.000000000000000000, -1.000000000000000000 ) ) ;
#197 = ORIENTED_EDGE ( 'NONE', *, *, #784, .T. ) ;
#198 = CARTESIAN_POINT ( 'NONE',  ( 6.146748557700870030, 64.20793495149348473, -12.70000000000000284 ) ) ;
#199 = ORIENTED_EDGE ( 'NONE', *, *, #1145, .F. ) ;
#200 = ADVANCED_FACE ( 'NONE', ( #625 ), #1541, .F. ) ;
#201 = ORIENTED_EDGE ( 'NONE', *, *, #546, .F. ) ;
#202 = ORIENTED_EDGE ( 'NONE', *, *, #1408, .F. ) ;
#203 = VECTOR ( 'NONE', #777, 1000.000000000000000 ) ;
#204 = FACE_OUTER_BOUND ( 'NONE', #190, .T. ) ;
#205 = B_SPLINE_CURVE_WITH_KNOTS ( 'NONE', 3,
 ( #1675, #1684, #1128, #65, #1688, #1112, #219, #537 ),
 .UNSPECIFIED., .F., .F.,
 ( 4, 2, 2, 4 ),
 ( 0.007419373737101447527, 0.009267222171865853453, 0.01111507060663025938, 0.01481076747615907817 ),
 .UNSPECIFIED. ) ;
#206 = CARTESIAN_POINT ( 'NONE',  ( 0.000000000000000000, 0.000000000000000000, -5.899999999999997691 ) ) ;
#207 = EDGE_CURVE ( 'NONE', #702, #118, #1910, .T. ) ;
#208 = CARTESIAN_POINT ( 'NONE',  ( 7.332348418708247273, 70.00000000000000000, -12.69999999999999929 ) ) ;
#209 = ORIENTED_EDGE ( 'NONE', *, *, #417, .T. ) ;
#210 = ORIENTED_EDGE ( 'NONE', *, *, #212, .F. ) ;
#211 = AXIS2_PLACEMENT_3D ( 'NONE', #1119, #681, #966 ) ;
#212 = EDGE_CURVE ( 'NONE', #1577, #623, #1756, .T. ) ;
#213 = CARTESIAN_POINT ( 'NONE',  ( 7.332348418708249049, 11.86568175204159559, -12.69999999999999929 ) ) ;
#214 = CARTESIAN_POINT ( 'NONE',  ( 0.000000000000000000, 57.00000000000000000, 0.000000000000000000 ) ) ;
#215 = AXIS2_PLACEMENT_3D ( 'NONE', #1295, #1459, #736 ) ;
#216 = CARTESIAN_POINT ( 'NONE',  ( 12.24044355598168821, 57.13056672569720718, -4.198929853860657424 ) ) ;
#217 = ORIENTED_EDGE ( 'NONE', *, *, #971, .F. ) ;
#218 = DIRECTION ( 'NONE',  ( 1.000000000000000000, 0.000000000000000000, 0.000000000000000000 ) ) ;
#219 = CARTESIAN_POINT ( 'NONE',  ( 7.930588744466492201, 57.78892403484164930, 11.66381736065015318 ) ) ;
#220 = CARTESIAN_POINT ( 'NONE',  ( 14.06645651165824340, 57.78892403484164930, -1.036182639349843448 ) ) ;
#221 = DIRECTION ( 'NONE',  ( 0.000000000000000000, 1.000000000000000000, 0.000000000000000000 ) ) ;
#222 = CIRCLE ( 'NONE', #1091, 9.999999999999960920 ) ;
#223 = DIRECTION ( 'NONE',  ( -1.000000000000000000, 0.000000000000000000, -0.000000000000000000 ) ) ;
#224 = EDGE_CURVE ( 'NONE', #1841, #38, #1449, .T. ) ;
#225 = CYLINDRICAL_SURFACE ( 'NONE', #420, 10.50000000000000000 ) ;
#226 = ORIENTED_EDGE ( 'NONE', *, *, #589, .T. ) ;
#227 = FACE_BOUND ( 'NONE', #1557, .T. ) ;
#228 = CARTESIAN_POINT ( 'NONE',  ( 2.489441614469940944, 57.13103704609541467, 12.70000000000000107 ) ) ;
#229 = FACE_OUTER_BOUND ( 'NONE', #621, .T. ) ;
#230 = CONICAL_SURFACE ( 'NONE', #820, 12.69999999999999929, 1.047197551196603182 ) ;
#231 = CIRCLE ( 'NONE', #1850, 12.69999999999999929 ) ;
#232 = DIRECTION ( 'NONE',  ( 0.000000000000000000, 1.000000000000000000, 0.000000000000000000 ) ) ;
#233 = CARTESIAN_POINT ( 'NONE',  ( 0.000000000000000000, 13.00000000000000178, 0.000000000000000000 ) ) ;
#234 = ORIENTED_EDGE ( 'NONE', *, *, #1847, .T. ) ;
#235 = DIRECTION ( 'NONE',  ( 0.000000000000000000, 0.000000000000000000, -1.000000000000000000 ) ) ;
#236 = ORIENTED_EDGE ( 'NONE', *, *, #496, .F. ) ;
#237 = DIRECTION ( 'NONE',  ( -0.000000000000000000, -1.000000000000000000, -0.000000000000000000 ) ) ;
#238 = CARTESIAN_POINT ( 'NONE',  ( 9.756601700143056277, 12.86943327430278927, -8.501070146139346306 ) ) ;
#239 = CARTESIAN_POINT ( 'NONE',  ( 0.000000000000000000, 63.86568175204160269, 0.000000000000000000 ) ) ;
#240 = DIRECTION ( 'NONE',  ( -0.000000000000000000, -1.000000000000000000, -0.000000000000000000 ) ) ;
#241 = EDGE_LOOP ( 'NONE', ( #236, #202 ) ) ;
#242 = CARTESIAN_POINT ( 'NONE',  ( -14.66469683741649277, 70.00000000000000000, 0.000000000000000000 ) ) ;
#243 = DIRECTION ( 'NONE',  ( 0.000000000000000000, 0.000000000000000000, 1.000000000000000000 ) ) ;
#244 = AXIS2_PLACEMENT_3D ( 'NONE', #1683, #679, #815 ) ;
#245 = EDGE_CURVE ( 'NONE', #314, #1468, #162, .T. ) ;
#246 = ORIENTED_EDGE ( 'NONE', *, *, #546, .T. ) ;
#247 = DIRECTION ( 'NONE',  ( 0.000000000000000000, -1.000000000000000000, -0.000000000000000000 ) ) ;
#248 = ORIENTED_EDGE ( 'NONE', *, *, #594, .T. ) ;
#249 = EDGE_CURVE ( 'NONE', #1853, #747, #1601, .T. ) ;
#250 = CONICAL_SURFACE ( 'NONE', #1317, 14.66469683741649455, 1.047197551196605847 ) ;
#251 = CARTESIAN_POINT ( 'NONE',  ( 0.000000000000000000, 65.00000000000000000, 0.000000000000000000 ) ) ;
#252 = FACE_OUTER_BOUND ( 'NONE', #1674, .T. ) ;
#253 = DIRECTION ( 'NONE',  ( 0.000000000000000000, 0.000000000000000000, -1.000000000000000000 ) ) ;
#254 = CARTESIAN_POINT ( 'NONE',  ( -7.332348418708250826, 6.134318247958397308, 12.69999999999998330 ) ) ;
#255 = CARTESIAN_POINT ( 'NONE',  ( 12.23997287109751042, 12.89189342711857833, -4.199745103994400708 ) ) ;
#256 = EDGE_LOOP ( 'NONE', ( #1573, #1397 ) ) ;
#257 = DIRECTION ( 'NONE',  ( -0.000000000000000000, -1.000000000000000000, -0.000000000000000000 ) ) ;
#258 = ORIENTED_EDGE ( 'NONE', *, *, #116, .T. ) ;
#259 = FACE_OUTER_BOUND ( 'NONE', #1503, .T. ) ;
#260 = ORIENTED_EDGE ( 'NONE', *, *, #282, .F. ) ;
#261 = DIRECTION ( 'NONE',  ( -0.000000000000000000, -1.000000000000000000, -0.000000000000000000 ) ) ;
#262 = DIRECTION ( 'NONE',  ( 0.000000000000000000, -1.000000000000000000, 0.000000000000000000 ) ) ;
#263 = CARTESIAN_POINT ( 'NONE',  ( 12.54750232030948887, 64.79258835948519391, 3.667088473135594384 ) ) ;
#264 = DIRECTION ( 'NONE',  ( -0.000000000000000000, -1.000000000000000000, -0.000000000000000000 ) ) ;
#265 = EDGE_CURVE ( 'NONE', #1672, #645, #1889, .T. ) ;
#266 = CONICAL_SURFACE ( 'NONE', #1183, 14.66469683741649455, 1.047197551196603182 ) ;
#267 = CARTESIAN_POINT ( 'NONE',  ( -2.470065085984122444, 57.10650331468431773, -12.69999999999999574 ) ) ;
#268 = ORIENTED_EDGE ( 'NONE', *, *, #193, .F. ) ;
#269 = AXIS2_PLACEMENT_3D ( 'NONE', #1542, #221, #522 ) ;
#270 = LINE ( 'NONE', #1593, #1249 ) ;
#271 = CIRCLE ( 'NONE', #655, 10.49999999999999822 ) ;
#272 = DIRECTION ( 'NONE',  ( -0.000000000000000000, -1.000000000000000000, -0.000000000000000000 ) ) ;
#273 = CIRCLE ( 'NONE', #985, 5.899999999999998579 ) ;
#274 = CIRCLE ( 'NONE', #1259, 5.899999999999998579 ) ;
#275 = CARTESIAN_POINT ( 'NONE',  ( 6.674325055353065377E-16, 14.54077455712480926, 4.999999999999986677 ) ) ;
#276 = CARTESIAN_POINT ( 'NONE',  ( -6.139801352388166045, 12.20994043692219577, -12.70000000000000107 ) ) ;
#277 = ORIENTED_EDGE ( 'NONE', *, *, #697, .F. ) ;
#278 = ORIENTED_EDGE ( 'NONE', *, *, #1894, .F. ) ;
#279 = ORIENTED_EDGE ( 'NONE', *, *, #1588, .T. ) ;
#280 = AXIS2_PLACEMENT_3D ( 'NONE', #1081, #771, #616 ) ;
#281 = ORIENTED_EDGE ( 'NONE', *, *, #1315, .F. ) ;
#282 = EDGE_CURVE ( 'NONE', #1872, #362, #308, .T. ) ;
#283 = DIRECTION ( 'NONE',  ( -0.8660254037844385966, 0.000000000000000000, -0.5000000000000001110 ) ) ;
#284 = CARTESIAN_POINT ( 'NONE',  ( 10.99852262806237135, 65.00000000000000000, 6.350000000000001421 ) ) ;
#285 = EDGE_LOOP ( 'NONE', ( #841, #82, #879, #491, #1619, #1754 ) ) ;
#286 = CARTESIAN_POINT ( 'NONE',  ( -12.24044355598168821, 12.86943327430278927, -4.198929853860656536 ) ) ;
#287 = CARTESIAN_POINT ( 'NONE',  ( 1.285879139104718267E-15, 5.000000000000000888, 10.49999999999997868 ) ) ;
#288 = ADVANCED_FACE ( 'NONE', ( #1679 ), #701, .T. ) ;
#289 = CARTESIAN_POINT ( 'NONE',  ( 9.449542935815255618, 64.79258835948517969, -9.032911526864406682 ) ) ;
#290 = CARTESIAN_POINT ( 'NONE',  ( 0.000000000000000000, 57.00000000000000000, 0.000000000000000000 ) ) ;
#291 = VECTOR ( 'NONE', #1465, 1000.000000000000000 ) ;
#292 = CARTESIAN_POINT ( 'NONE',  ( -13.46322499650259985, 12.49620560318254725, -2.081010272326173638 ) ) ;
#293 = ORIENTED_EDGE ( 'NONE', *, *, #326, .T. ) ;
#294 = B_SPLINE_CURVE_WITH_KNOTS ( 'NONE', 3,
 ( #1626, #1184, #1484, #317, #289, #743, #751, #899 ),
 .UNSPECIFIED., .F., .F.,
 ( 4, 2, 2, 4 ),
 ( 0.007419373737101444058, 0.009267222171865853453, 0.01111507060663026111, 0.01481076747615907643 ),
 .UNSPECIFIED. ) ;
#295 = LINE ( 'NONE', #527, #1137 ) ;
#296 = CALENDAR_DATE ( 2021, 6, 12 ) ;
#297 = CARTESIAN_POINT ( 'NONE',  ( 1.255262969126036846E-15, 70.00000000000000000, 9.999999999999994671 ) ) ;
#298 = DIRECTION ( 'NONE',  ( 8.659560562354979697E-17, -0.7071067811865439090, 0.7071067811865512365 ) ) ;
#299 = APPROVAL ( #1089, 'UNSPECIFIED' ) ;
#300 = CARTESIAN_POINT ( 'NONE',  ( 4.945596983098869082, 12.49296340391599536, -12.70000000000000107 ) ) ;
#301 = DIRECTION ( 'NONE',  ( -0.000000000000000000, -1.000000000000000000, -0.000000000000000000 ) ) ;
#302 = ORIENTED_EDGE ( 'NONE', *, *, #1425, .F. ) ;
#303 = B_SPLINE_CURVE_WITH_KNOTS ( 'NONE', 3,
 ( #1332, #12, #1485, #1210, #905, #1336 ),
 .UNSPECIFIED., .F., .F.,
 ( 4, 2, 4 ),
 ( 2.380729426785555977E-07, 0.003709805905022061680, 0.007419373737101444925 ),
 .UNSPECIFIED. ) ;
#304 = CARTESIAN_POINT ( 'NONE',  ( 0.000000000000000000, 13.00000000000000178, 0.000000000000000000 ) ) ;
#305 = DIRECTION ( 'NONE',  ( -0.000000000000000000, -1.000000000000000000, -0.000000000000000000 ) ) ;
#306 = DIRECTION ( 'NONE',  ( 1.049727191138617833E-16, 0.5150380749100552658, -0.8571673007021116675 ) ) ;
#307 = EDGE_LOOP ( 'NONE', ( #1105, #1851, #1072 ) ) ;
#308 = CIRCLE ( 'NONE', #1093, 10.49999999999997868 ) ;
#309 = CARTESIAN_POINT ( 'NONE',  ( -7.332348418708245497, 58.13431824795841152, 12.70000000000000107 ) ) ;
#310 = EDGE_CURVE ( 'NONE', #1551, #800, #444, .T. ) ;
#311 = ORIENTED_EDGE ( 'NONE', *, *, #1246, .T. ) ;
#312 = AXIS2_PLACEMENT_3D ( 'NONE', #373, #382, #72 ) ;
#313 = EDGE_CURVE ( 'NONE', #986, #1577, #1103, .T. ) ;
#314 = VERTEX_POINT ( 'NONE', #855 ) ;
#315 = DIRECTION ( 'NONE',  ( 0.000000000000000000, 0.000000000000000000, -1.000000000000000000 ) ) ;
#316 = EDGE_CURVE ( 'NONE', #581, #949, #1825, .T. ) ;
#317 = CARTESIAN_POINT ( 'NONE',  ( 9.756601700143059830, 64.86943327430280704, -8.501070146139339201 ) ) ;
#318 = DIRECTION ( 'NONE',  ( 0.000000000000000000, 0.000000000000000000, -1.000000000000000000 ) ) ;
#319 = B_SPLINE_CURVE_WITH_KNOTS ( 'NONE', 3,
 ( #1142, #1596, #1452, #563, #1579, #578 ),
 .UNSPECIFIED., .F., .F.,
 ( 4, 2, 4 ),
 ( 2.380729426810390454E-07, 0.003709805905022065583, 0.007419373737101450129 ),
 .UNSPECIFIED. ) ;
#320 = DIRECTION ( 'NONE',  ( -0.000000000000000000, -1.000000000000000000, -0.000000000000000000 ) ) ;
#321 = ORIENTED_EDGE ( 'NONE', *, *, #901, .T. ) ;
#322 = ORIENTED_EDGE ( 'NONE', *, *, #316, .T. ) ;
#323 = CARTESIAN_POINT ( 'NONE',  ( 7.332348418708247273, 70.00000000000000000, -12.69999999999999929 ) ) ;
#324 = LINE ( 'NONE', #1153, #60 ) ;
#325 = ADVANCED_FACE ( 'NONE', ( #612 ), #112, .F. ) ;
#326 = EDGE_CURVE ( 'NONE', #95, #986, #135, .T. ) ;
#327 = AXIS2_PLACEMENT_3D ( 'NONE', #1127, #232, #1555 ) ;
#328 = VECTOR ( 'NONE', #943, 1000.000000000000000 ) ;
#329 = CIRCLE ( 'NONE', #569, 12.69999999999999929 ) ;
#330 = AXIS2_PLACEMENT_3D ( 'NONE', #331, #1088, #1364 ) ;
#331 = CARTESIAN_POINT ( 'NONE',  ( 0.000000000000000000, 56.00000000000000711, 0.000000000000000000 ) ) ;
#332 = ORIENTED_EDGE ( 'NONE', *, *, #971, .T. ) ;
#333 = EDGE_CURVE ( 'NONE', #709, #1516, #1146, .T. ) ;
#334 = DIRECTION ( 'NONE',  ( 0.000000000000000000, 0.000000000000000000, -1.000000000000000000 ) ) ;
#335 = ORIENTED_EDGE ( 'NONE', *, *, #101, .T. ) ;
#336 = CARTESIAN_POINT ( 'NONE',  ( 0.000000000000000000, 70.00000000000000000, 0.000000000000000000 ) ) ;
#337 = ADVANCED_FACE ( 'NONE', ( #1292 ), #1637, .T. ) ;
#338 = EDGE_LOOP ( 'NONE', ( #24, #1355, #1785, #67, #528, #657 ) ) ;
#339 = CARTESIAN_POINT ( 'NONE',  ( -14.06645651165824873, 5.788924034841650190, 1.036182639349843893 ) ) ;
#340 = CARTESIAN_POINT ( 'NONE',  ( -14.66469683741649277, 65.00000000000000000, 0.000000000000000000 ) ) ;
#341 = VERTEX_POINT ( 'NONE', #1902 ) ;
#342 = DIRECTION ( 'NONE',  ( 0.000000000000000000, 1.000000000000000000, 0.000000000000000000 ) ) ;
#343 = EDGE_CURVE ( 'NONE', #1368, #1248, #398, .T. ) ;
#344 = AXIS2_PLACEMENT_3D ( 'NONE', #517, #828, #1556 ) ;
#345 = CARTESIAN_POINT ( 'NONE',  ( 11.62313001846369609, 56.99999999999999289, 5.268148265041896927 ) ) ;
#346 = DIRECTION ( 'NONE',  ( 0.000000000000000000, 0.000000000000000000, 1.000000000000000000 ) ) ;
#347 = PERSON_AND_ORGANIZATION_ROLE ( 'creator' ) ;
#348 = ADVANCED_FACE ( 'NONE', ( #1568 ), #266, .T. ) ;
#349 = CARTESIAN_POINT ( 'NONE',  ( 0.000000000000000000, 65.00000000000000000, -10.49999999999999822 ) ) ;
#350 = ORIENTED_EDGE ( 'NONE', *, *, #1678, .T. ) ;
#351 = CARTESIAN_POINT ( 'NONE',  ( -7.930588744466490425, 12.21107596515834715, 11.66381736065015318 ) ) ;
#352 = FACE_OUTER_BOUND ( 'NONE', #938, .T. ) ;
#353 = FACE_OUTER_BOUND ( 'NONE', #754, .T. ) ;
#354 = APPROVAL_STATUS ( 'not_yet_approved' ) ;
#355 = AXIS2_PLACEMENT_3D ( 'NONE', #465, #753, #1342 ) ;
#356 = CARTESIAN_POINT ( 'NONE',  ( 7.332348418708231286, 6.134318247958397308, -12.69999999999999396 ) ) ;
#357 = DIRECTION ( 'NONE',  ( -0.000000000000000000, -1.000000000000000000, -0.000000000000000000 ) ) ;
#358 = ADVANCED_FACE ( 'NONE', ( #1514, #1623 ), #1757, .T. ) ;
#359 = CARTESIAN_POINT ( 'NONE',  ( 7.332348418708249049, 58.13431824795841152, 12.69999999999999929 ) ) ;
#360 = EDGE_CURVE ( 'NONE', #1554, #362, #1647, .T. ) ;
#361 = CARTESIAN_POINT ( 'NONE',  ( -11.62219041892914007, 5.026811022569266818, 5.269775699174513051 ) ) ;
#362 = VERTEX_POINT ( 'NONE', #131 ) ;
#363 = CARTESIAN_POINT ( 'NONE',  ( -2.470065085984120223, 64.89349668531563964, 12.69999999999999574 ) ) ;
#364 = CIRCLE ( 'NONE', #779, 12.69999999999999929 ) ;
#365 = CARTESIAN_POINT ( 'NONE',  ( -9.449542935815253841, 12.79258835948516015, 9.032911526864408458 ) ) ;
#366 = EDGE_CURVE ( 'NONE', #781, #1853, #1463, .T. ) ;
#367 = CARTESIAN_POINT ( 'NONE',  ( 10.99852262806236958, 57.00000000000000000, -6.349999999999998757 ) ) ;
#368 = DIRECTION ( 'NONE',  ( 0.000000000000000000, 0.000000000000000000, -1.000000000000000000 ) ) ;
#369 = EDGE_LOOP ( 'NONE', ( #483, #47, #1491, #1123, #830, #920 ) ) ;
#370 = ORIENTED_EDGE ( 'NONE', *, *, #1133, .F. ) ;
#371 = LINE ( 'NONE', #849, #174 ) ;
#372 = LINE ( 'NONE', #1632, #81 ) ;
#373 = CARTESIAN_POINT ( 'NONE',  ( 0.000000000000000000, 57.00000000000000000, 0.000000000000000000 ) ) ;
#374 = CONICAL_SURFACE ( 'NONE', #1602, 14.66469683741649455, 1.047197551196605847 ) ;
#375 = CARTESIAN_POINT ( 'NONE',  ( 12.23997287109751042, 64.89189342711853214, -4.199745103994400708 ) ) ;
#376 = CARTESIAN_POINT ( 'NONE',  ( 6.146748557700850490, 5.792065048506507274, -12.69999999999999574 ) ) ;
#377 = VERTEX_POINT ( 'NONE', #297 ) ;
#378 = DIRECTION ( 'NONE',  ( -0.000000000000000000, -1.000000000000000000, -0.000000000000000000 ) ) ;
#379 = CARTESIAN_POINT ( 'NONE',  ( 14.06495879929033777, 64.21194066979728632, -1.038776753266185349 ) ) ;
#380 = ORIENTED_EDGE ( 'NONE', *, *, #89, .T. ) ;
#381 = ORIENTED_EDGE ( 'NONE', *, *, #1180, .F. ) ;
#382 = DIRECTION ( 'NONE',  ( 0.000000000000000000, 1.000000000000000000, 0.000000000000000000 ) ) ;
#383 = ORIENTED_EDGE ( 'NONE', *, *, #1518, .F. ) ;
#384 = CARTESIAN_POINT ( 'NONE',  ( 0.000000000000000000, 13.99999999999999822, 0.000000000000000000 ) ) ;
#385 = CARTESIAN_POINT ( 'NONE',  ( 8.533820259622144633, 12.49620560318254725, -10.61898972767382432 ) ) ;
#386 = AXIS2_PLACEMENT_3D ( 'NONE', #1578, #240, #98 ) ;
#387 = CARTESIAN_POINT ( 'NONE',  ( -7.332348418708245497, 63.86568175204160269, 12.70000000000000284 ) ) ;
#388 = CARTESIAN_POINT ( 'NONE',  ( -7.332348418708249049, 58.13431824795841152, -12.69999999999999929 ) ) ;
#389 = CARTESIAN_POINT ( 'NONE',  ( 0.6198912292250989831, 57.00000000000000711, 12.70000000000000107 ) ) ;
#390 = CONICAL_SURFACE ( 'NONE', #1719, 5.899999999999997691, 1.029744258676654090 ) ;
#391 = PERSON_AND_ORGANIZATION ( #829, #677 ) ;
#392 = CARTESIAN_POINT ( 'NONE',  ( 11.30965854495121192, 65.00000000000002842, 5.811096783889005302 ) ) ;
#393 = VERTEX_POINT ( 'NONE', #287 ) ;
#394 = CARTESIAN_POINT ( 'NONE',  ( 2.489441614469940944, 12.86896295390458711, 12.69999999999999574 ) ) ;
#395 = AXIS2_PLACEMENT_3D ( 'NONE', #617, #609, #1337 ) ;
#396 = CARTESIAN_POINT ( 'NONE',  ( -7.932086456834410271, 64.21194066979727211, -11.66122324673381172 ) ) ;
#397 = DIRECTION ( 'NONE',  ( -0.000000000000000000, -1.000000000000000000, -0.000000000000000000 ) ) ;
#398 = LINE ( 'NONE', #583, #907 ) ;
#399 = VERTEX_POINT ( 'NONE', #1743 ) ;
#400 = DIRECTION ( 'NONE',  ( 0.000000000000000000, 0.000000000000000000, -1.000000000000000000 ) ) ;
#401 = DIRECTION ( 'NONE',  ( -0.000000000000000000, -1.000000000000000000, -0.000000000000000000 ) ) ;
#402 = CARTESIAN_POINT ( 'NONE',  ( -7.332348418708249049, 63.86568175204160269, -12.69999999999999929 ) ) ;
#403 = EDGE_CURVE ( 'NONE', #747, #712, #1784, .T. ) ;
#404 = CARTESIAN_POINT ( 'NONE',  ( -10.37485483719559909, 5.026811022569266818, -7.430224300825488903 ) ) ;
#405 = PLANE ( 'NONE',  #742 ) ;
#406 = CARTESIAN_POINT ( 'NONE',  ( -8.536205198776894321, 64.49720653290218308, -10.61485889188484144 ) ) ;
#407 = FACE_OUTER_BOUND ( 'NONE', #307, .T. ) ;
#408 = FACE_OUTER_BOUND ( 'NONE', #103, .T. ) ;
#409 = PERSON_AND_ORGANIZATION ( #829, #677 ) ;
#410 = CIRCLE ( 'NONE', #1532, 10.49999999999999467 ) ;
#411 = PERSON_AND_ORGANIZATION ( #829, #677 ) ;
#412 = CARTESIAN_POINT ( 'NONE',  ( -7.332348418708245497, 58.13431824795841152, 12.70000000000000107 ) ) ;
#413 = CARTESIAN_POINT ( 'NONE',  ( -2.470065085984121556, 12.89349668531567694, -12.70000000000000107 ) ) ;
#414 = DIRECTION ( 'NONE',  ( 0.000000000000000000, 0.000000000000000000, 1.000000000000000000 ) ) ;
#415 = CARTESIAN_POINT ( 'NONE',  ( 13.46322499650260340, 64.49620560318258811, 2.081010272326175858 ) ) ;
#416 = ORIENTED_EDGE ( 'NONE', *, *, #167, .T. ) ;
#417 = EDGE_CURVE ( 'NONE', #1502, #1289, #1094, .T. ) ;
#418 = AXIS2_PLACEMENT_3D ( 'NONE', #1258, #1255, #243 ) ;
#419 = DIRECTION ( 'NONE',  ( -0.000000000000000000, -1.000000000000000000, -0.000000000000000000 ) ) ;
#420 = AXIS2_PLACEMENT_3D ( 'NONE', #54, #378, #684 ) ;
#421 = PLANE ( 'NONE',  #1056 ) ;
#422 = CARTESIAN_POINT ( 'NONE',  ( -13.46322499650259985, 57.50379439681744742, 2.081010272326177191 ) ) ;
#423 = EDGE_LOOP ( 'NONE', ( #724, #471, #1547, #1290, #1690, #1897 ) ) ;
#424 = CARTESIAN_POINT ( 'NONE',  ( -14.06645651165824518, 12.21107596515834715, -1.036182639349840784 ) ) ;
#425 = EDGE_CURVE ( 'NONE', #1289, #989, #1711, .T. ) ;
#426 = ORIENTED_EDGE ( 'NONE', *, *, #139, .T. ) ;
#427 = EDGE_LOOP ( 'NONE', ( #1002, #1912, #246, #506 ) ) ;
#428 = CARTESIAN_POINT ( 'NONE',  ( 12.24044355598168643, 5.130566725697216057, -4.198929853860655648 ) ) ;
#429 = CARTESIAN_POINT ( 'NONE',  ( 0.000000000000000000, 69.50000000000000000, 0.000000000000000000 ) ) ;
#430 = CARTESIAN_POINT ( 'NONE',  ( -14.66469683741649455, 58.13431824795841152, 8.673617379884035472E-16 ) ) ;
#431 = CARTESIAN_POINT ( 'NONE',  ( -7.332348418708249049, 63.86568175204160269, -12.69999999999999929 ) ) ;
#432 = B_SPLINE_CURVE_WITH_KNOTS ( 'NONE', 3,
 ( #1487, #1513, #42, #774, #181, #1527 ),
 .UNSPECIFIED., .F., .F.,
 ( 4, 2, 4 ),
 ( 2.380729426800524373E-07, 0.003709805905022062981, 0.007419373737101445793 ),
 .UNSPECIFIED. ) ;
#433 = CARTESIAN_POINT ( 'NONE',  ( 7.932086456834406718, 12.21194066979727388, 11.66122324673380994 ) ) ;
#434 = AXIS2_PLACEMENT_3D ( 'NONE', #1218, #1830, #1664 ) ;
#435 = VERTEX_POINT ( 'NONE', #1301 ) ;
#436 = CARTESIAN_POINT ( 'NONE',  ( 8.536205198776892544, 57.50279346709783823, -10.61485889188484144 ) ) ;
#437 = FACE_OUTER_BOUND ( 'NONE', #137, .T. ) ;
#438 = B_SPLINE_CURVE_WITH_KNOTS ( 'NONE', 3,
 ( #978, #75, #1553, #238, #1265, #385, #1108, #213 ),
 .UNSPECIFIED., .F., .F.,
 ( 4, 2, 2, 4 ),
 ( 0.007419373737101448395, 0.009267222171865856922, 0.01111507060663026632, 0.01481076747615907990 ),
 .UNSPECIFIED. ) ;
#439 = CARTESIAN_POINT ( 'NONE',  ( 0.000000000000000000, 56.00000000000000711, 5.899999999999997691 ) ) ;
#440 = DIRECTION ( 'NONE',  ( -0.000000000000000000, -1.000000000000000000, -0.000000000000000000 ) ) ;
#441 = ORIENTED_EDGE ( 'NONE', *, *, #636, .F. ) ;
#442 = CARTESIAN_POINT ( 'NONE',  ( -10.99852262806237135, 5.000000000000000000, 6.350000000000001421 ) ) ;
#443 = CARTESIAN_POINT ( 'NONE',  ( 0.000000000000000000, 0.000000000000000000, 0.000000000000000000 ) ) ;
#444 = B_SPLINE_CURVE_WITH_KNOTS ( 'NONE', 3,
 ( #1566, #86, #404, #848, #1870, #1154, #995, #690 ),
 .UNSPECIFIED., .F., .F.,
 ( 4, 2, 2, 4 ),
 ( 0.007419373737101446660, 0.009267222171865856922, 0.01111507060663026458, 0.01481076747615908511 ),
 .UNSPECIFIED. ) ;
#445 = VERTEX_POINT ( 'NONE', #275 ) ;
#446 = AXIS2_PLACEMENT_3D ( 'NONE', #1474, #305, #1610 ) ;
#447 = CARTESIAN_POINT ( 'NONE',  ( -2.470065085984115338, 5.106503314684322170, -12.69999999999999574 ) ) ;
#448 = ORIENTED_EDGE ( 'NONE', *, *, #449, .T. ) ;
#449 = EDGE_CURVE ( 'NONE', #1483, #1866, #123, .T. ) ;
#450 = CARTESIAN_POINT ( 'NONE',  ( -7.332348418708249049, 58.13431824795841152, -12.69999999999999929 ) ) ;
#451 = DIRECTION ( 'NONE',  ( 0.000000000000000000, 0.000000000000000000, -1.000000000000000000 ) ) ;
#452 = CARTESIAN_POINT ( 'NONE',  ( -12.23997287109751042, 12.89189342711857833, 4.199745103994404261 ) ) ;
#453 = CARTESIAN_POINT ( 'NONE',  ( 0.000000000000000000, 13.00000000000000178, 0.000000000000000000 ) ) ;
#454 = CARTESIAN_POINT ( 'NONE',  ( 0.000000000000000000, 4.898587196589425401E-17, 0.000000000000000000 ) ) ;
#455 = ADVANCED_FACE ( 'NONE', ( #716 ), #9, .F. ) ;
#456 = B_SPLINE_CURVE_WITH_KNOTS ( 'NONE', 3,
 ( #1524, #31, #478, #46, #801, #921, #1806, #634 ),
 .UNSPECIFIED., .F., .F.,
 ( 4, 2, 2, 4 ),
 ( 0.005374802509238486153, 0.009076381905037973069, 0.01092717160293771653, 0.01277796130083745998 ),
 .UNSPECIFIED. ) ;
#457 = ORIENTED_EDGE ( 'NONE', *, *, #916, .F. ) ;
#458 = ORIENTED_EDGE ( 'NONE', *, *, #636, .T. ) ;
#459 = VECTOR ( 'NONE', #1599, 1000.000000000000000 ) ;
#460 = DIRECTION ( 'NONE',  ( 0.000000000000000000, 0.000000000000000000, 1.000000000000000000 ) ) ;
#461 = VECTOR ( 'NONE', #237, 1000.000000000000000 ) ;
#462 = APPROVAL_PERSON_ORGANIZATION ( #411, #638, #510 ) ;
#463 = ORIENTED_EDGE ( 'NONE', *, *, #750, .T. ) ;
#464 = ORIENTED_EDGE ( 'NONE', *, *, #825, .F. ) ;
#465 = CARTESIAN_POINT ( 'NONE',  ( 0.000000000000000000, 14.54077455712480926, 0.000000000000000000 ) ) ;
#466 = ADVANCED_FACE ( 'NONE', ( #1079 ), #797, .F. ) ;
#467 = DIRECTION ( 'NONE',  ( 0.000000000000000000, 0.000000000000000000, -1.000000000000000000 ) ) ;
#468 = EDGE_CURVE ( 'NONE', #633, #58, #364, .T. ) ;
#469 = DIRECTION ( 'NONE',  ( 0.000000000000000000, 0.000000000000000000, -1.000000000000000000 ) ) ;
#470 = AXIS2_PLACEMENT_3D ( 'NONE', #1191, #301, #451 ) ;
#471 = ORIENTED_EDGE ( 'NONE', *, *, #1779, .T. ) ;
#472 = CARTESIAN_POINT ( 'NONE',  ( 0.6198912292250982059, 65.00000000000001421, -12.70000000000000107 ) ) ;
#473 = CARTESIAN_POINT ( 'NONE',  ( 14.66469683741649277, 70.00000000000000000, 0.000000000000000000 ) ) ;
#474 = ADVANCED_FACE ( 'NONE', ( #259 ), #1733, .F. ) ;
#475 = CARTESIAN_POINT ( 'NONE',  ( 4.945596983098868193, 57.50703659608402774, -12.70000000000000284 ) ) ;
#476 = ORIENTED_EDGE ( 'NONE', *, *, #932, .F. ) ;
#477 = EDGE_LOOP ( 'NONE', ( #984, #902, #953, #1745 ) ) ;
#478 = CARTESIAN_POINT ( 'NONE',  ( 4.945596983098854871, 5.507036596084003754, 12.69999999999999929 ) ) ;
#479 = DIRECTION ( 'NONE',  ( 0.000000000000000000, -0.000000000000000000, 1.000000000000000000 ) ) ;
#480 = CYLINDRICAL_SURFACE ( 'NONE', #1700, 10.49999999999999822 ) ;
#481 = CARTESIAN_POINT ( 'NONE',  ( -7.332348418708245497, 63.86568175204160269, 12.70000000000000284 ) ) ;
#482 = EDGE_CURVE ( 'NONE', #118, #702, #222, .T. ) ;
#483 = ORIENTED_EDGE ( 'NONE', *, *, #53, .F. ) ;
#484 = AXIS2_PLACEMENT_3D ( 'NONE', #473, #1064, #158 ) ;
#485 = CYLINDRICAL_SURFACE ( 'NONE', #1424, 4.999999999999986677 ) ;
#486 = CARTESIAN_POINT ( 'NONE',  ( -1.239046297348692871, 65.00000000000000000, 12.70000000000000107 ) ) ;
#487 = COORDINATED_UNIVERSAL_TIME_OFFSET ( 0, 0, .AHEAD. ) ;
#488 = CARTESIAN_POINT ( 'NONE',  ( 0.000000000000000000, 69.50000000000000000, -10.50000000000000000 ) ) ;
#489 = ADVANCED_FACE ( 'NONE', ( #1366 ), #230, .T. ) ;
#490 = EDGE_CURVE ( 'NONE', #445, #1516, #1773, .T. ) ;
#491 = ORIENTED_EDGE ( 'NONE', *, *, #1402, .F. ) ;
#492 = PERSON_AND_ORGANIZATION_ROLE ( 'design_supplier' ) ;
#493 = VERTEX_POINT ( 'NONE', #1196 ) ;
#494 = B_SPLINE_CURVE_WITH_KNOTS ( 'NONE', 3,
 ( #991, #1447, #413, #865, #276, #113 ),
 .UNSPECIFIED., .F., .F.,
 ( 4, 2, 4 ),
 ( 0.01277796130083745305, 0.01647734276364738043, 0.02017672422645730781 ),
 .UNSPECIFIED. ) ;
#495 = CARTESIAN_POINT ( 'NONE',  ( -7.332348418708245497, 11.86568175204159559, 12.70000000000000284 ) ) ;
#496 = EDGE_CURVE ( 'NONE', #341, #1148, #1808, .T. ) ;
#497 = ORIENTED_EDGE ( 'NONE', *, *, #1029, .T. ) ;
#498 = ORIENTED_EDGE ( 'NONE', *, *, #1916, .F. ) ;
#499 = EDGE_CURVE ( 'NONE', #645, #399, #1061, .T. ) ;
#500 = ADVANCED_FACE ( 'NONE', ( #408 ), #1393, .F. ) ;
#501 = ORIENTED_EDGE ( 'NONE', *, *, #1894, .T. ) ;
#502 = AXIS2_PLACEMENT_3D ( 'NONE', #1202, #772, #20 ) ;
#503 = B_SPLINE_CURVE_WITH_KNOTS ( 'NONE', 3,
 ( #795, #1358, #185, #1802, #1232, #1365 ),
 .UNSPECIFIED., .F., .F.,
 ( 4, 2, 4 ),
 ( 2.380729426967968228E-07, 0.003709805905022071654, 0.007419373737101446660 ),
 .UNSPECIFIED. ) ;
#504 = EDGE_LOOP ( 'NONE', ( #1525, #1907, #997, #201 ) ) ;
#505 = ADVANCED_FACE ( 'NONE', ( #948, #1400 ), #1496, .F. ) ;
#506 = ORIENTED_EDGE ( 'NONE', *, *, #19, .F. ) ;
#507 = LINE ( 'NONE', #914, #1627 ) ;
#508 = EDGE_CURVE ( 'NONE', #1841, #1672, #48, .T. ) ;
#509 = ADVANCED_BREP_SHAPE_REPRESENTATION ( '031169-A', ( #1383, #128 ), #705 ) ;
#510 = APPROVAL_ROLE ( '' ) ;
#511 = AXIS2_PLACEMENT_3D ( 'NONE', #1852, #524, #1699 ) ;
#512 = DIRECTION ( 'NONE',  ( 0.000000000000000000, 0.000000000000000000, -1.000000000000000000 ) ) ;
#513 = VERTEX_POINT ( 'NONE', #1214 ) ;
#514 = CARTESIAN_POINT ( 'NONE',  ( 14.66469683741649455, 58.13431824795841152, 8.673617379884035472E-16 ) ) ;
#515 = MECHANICAL_CONTEXT ( 'NONE', #1107, 'mechanical' ) ;
#516 = CARTESIAN_POINT ( 'NONE',  ( 8.536205198776888992, 5.502793467097837343, -10.61485889188484144 ) ) ;
#517 = CARTESIAN_POINT ( 'NONE',  ( 0.000000000000000000, 0.000000000000000000, 0.000000000000000000 ) ) ;
#518 = VERTEX_POINT ( 'NONE', #1767 ) ;
#519 = CARTESIAN_POINT ( 'NONE',  ( -10.99852262806237135, 13.00000000000000178, -6.349999999999999645 ) ) ;
#520 = VERTEX_POINT ( 'NONE', #1630 ) ;
#521 = CARTESIAN_POINT ( 'NONE',  ( -7.332348418708245497, 70.00000000000000000, 12.69999999999999929 ) ) ;
#522 = DIRECTION ( 'NONE',  ( 0.000000000000000000, 0.000000000000000000, 1.000000000000000000 ) ) ;
#523 = AXIS2_PLACEMENT_3D ( 'NONE', #1477, #1034, #604 ) ;
#524 = DIRECTION ( 'NONE',  ( -0.000000000000000000, 1.000000000000000000, -0.000000000000000000 ) ) ;
#525 = EDGE_CURVE ( 'NONE', #493, #1198, #432, .T. ) ;
#526 = EDGE_CURVE ( 'NONE', #38, #1866, #1445, .T. ) ;
#527 = CARTESIAN_POINT ( 'NONE',  ( 0.000000000000000000, 0.000000000000000000, -10.50000000000000000 ) ) ;
#528 = ORIENTED_EDGE ( 'NONE', *, *, #845, .F. ) ;
#529 = VECTOR ( 'NONE', #744, 1000.000000000000000 ) ;
#530 = PLANE ( 'NONE',  #1649 ) ;
#531 = EDGE_LOOP ( 'NONE', ( #1065, #1775, #680 ) ) ;
#532 = LINE ( 'NONE', #1171, #979 ) ;
#533 = PERSON_AND_ORGANIZATION ( #829, #677 ) ;
#534 = EDGE_CURVE ( 'NONE', #377, #1240, #897, .T. ) ;
#535 = ORIENTED_EDGE ( 'NONE', *, *, #2, .T. ) ;
#536 = CC_DESIGN_PERSON_AND_ORGANIZATION_ASSIGNMENT ( #533, #1225, ( #817 ) ) ;
#537 = CARTESIAN_POINT ( 'NONE',  ( 7.332348418708249049, 58.13431824795841152, 12.69999999999999929 ) ) ;
#538 = CARTESIAN_POINT ( 'NONE',  ( -13.46084005734785549, 57.50279346709783823, -2.085141108115159625 ) ) ;
#539 = CARTESIAN_POINT ( 'NONE',  ( 4.945596983098867305, 12.49296340391599536, 12.70000000000000107 ) ) ;
#540 = ORIENTED_EDGE ( 'NONE', *, *, #5, .T. ) ;
#541 = CARTESIAN_POINT ( 'NONE',  ( 11.62313001846369609, 13.00000000000001066, -5.268148265041900480 ) ) ;
#542 = ORIENTED_EDGE ( 'NONE', *, *, #249, .F. ) ;
#543 = CARTESIAN_POINT ( 'NONE',  ( -10.99852262806236958, 57.00000000000000000, 6.350000000000000533 ) ) ;
#544 = DIRECTION ( 'NONE',  ( -0.000000000000000000, -1.000000000000000000, -0.000000000000000000 ) ) ;
#545 = AXIS2_PLACEMENT_3D ( 'NONE', #554, #262, #564 ) ;
#546 = EDGE_CURVE ( 'NONE', #1240, #581, #964, .T. ) ;
#547 = CARTESIAN_POINT ( 'NONE',  ( -1.239046297348693759, 5.000000000000000000, 12.69999999999999929 ) ) ;
#548 = EDGE_CURVE ( 'NONE', #1492, #1791, #1613, .T. ) ;
#549 = ORIENTED_EDGE ( 'NONE', *, *, #249, .T. ) ;
#550 = EDGE_LOOP ( 'NONE', ( #1131, #1795 ) ) ;
#551 = VERTEX_POINT ( 'NONE', #951 ) ;
#552 = FACE_OUTER_BOUND ( 'NONE', #660, .T. ) ;
#553 = VECTOR ( 'NONE', #603, 1000.000000000000000 ) ;
#554 = CARTESIAN_POINT ( 'NONE',  ( 0.000000000000000000, 0.000000000000000000, 0.000000000000000000 ) ) ;
#555 = CARTESIAN_POINT ( 'NONE',  ( -10.37391523766105017, 65.00000000000001421, -7.431851734958101474 ) ) ;
#556 = CARTESIAN_POINT ( 'NONE',  ( 0.000000000000000000, 12.99999999999999822, 12.69999999999999929 ) ) ;
#557 = DIRECTION ( 'NONE',  ( -1.000000000000000000, 0.000000000000000000, -0.000000000000000000 ) ) ;
#558 = ORIENTED_EDGE ( 'NONE', *, *, #1862, .F. ) ;
#559 = DIRECTION ( 'NONE',  ( 1.000000000000000000, 0.000000000000000000, -0.000000000000000000 ) ) ;
#560 = EDGE_LOOP ( 'NONE', ( #464, #871, #1267, #1038 ) ) ;
#561 = ORIENTED_EDGE ( 'NONE', *, *, #788, .T. ) ;
#562 = DIRECTION ( 'NONE',  ( 0.8660254037844387076, -0.000000000000000000, 0.5000000000000000000 ) ) ;
#563 = CARTESIAN_POINT ( 'NONE',  ( -9.757072385027230510, 12.89189342711857833, -8.500254896005593253 ) ) ;
#564 = DIRECTION ( 'NONE',  ( 0.000000000000000000, -0.000000000000000000, -1.000000000000000000 ) ) ;
#565 = CARTESIAN_POINT ( 'NONE',  ( -10.99852262806237135, 5.000000000000000000, -6.349999999999999645 ) ) ;
#566 = DIRECTION ( 'NONE',  ( 0.000000000000000000, -1.000000000000000000, 0.000000000000000000 ) ) ;
#567 = EDGE_CURVE ( 'NONE', #1617, #1492, #1787, .T. ) ;
#568 = DIRECTION ( 'NONE',  ( -0.000000000000000000, -1.000000000000000000, -0.000000000000000000 ) ) ;
#569 = AXIS2_PLACEMENT_3D ( 'NONE', #160, #1634, #469 ) ;
#570 = DIRECTION ( 'NONE',  ( 0.4999999999999999445, 0.000000000000000000, -0.8660254037844385966 ) ) ;
#571 = ORIENTED_EDGE ( 'NONE', *, *, #1562, .F. ) ;
#572 = CARTESIAN_POINT ( 'NONE',  ( 0.000000000000000000, 65.00000000000000000, -12.69999999999999929 ) ) ;
#573 = FACE_OUTER_BOUND ( 'NONE', #1537, .T. ) ;
#574 = DIRECTION ( 'NONE',  ( 0.000000000000000000, 0.000000000000000000, -1.000000000000000000 ) ) ;
#575 = FACE_OUTER_BOUND ( 'NONE', #1387, .T. ) ;
#576 = LOCAL_TIME ( 13, 35, 50.00000000000000000, #64 ) ;
#577 = CARTESIAN_POINT ( 'NONE',  ( 0.000000000000000000, 57.00000000000000000, -12.69999999999999929 ) ) ;
#578 = CARTESIAN_POINT ( 'NONE',  ( -10.99852262806237135, 13.00000000000000178, -6.349999999999999645 ) ) ;
#579 = ORIENTED_EDGE ( 'NONE', *, *, #1859, .F. ) ;
#580 = EDGE_CURVE ( 'NONE', #1206, #314, #598, .T. ) ;
#581 = VERTEX_POINT ( 'NONE', #1811 ) ;
#582 = AXIS2_PLACEMENT_3D ( 'NONE', #1789, #769, #613 ) ;
#583 = CARTESIAN_POINT ( 'NONE',  ( 7.332348418708247273, 70.00000000000000000, -12.69999999999999929 ) ) ;
#584 = ADVANCED_FACE ( 'NONE', ( #437 ), #694, .F. ) ;
#585 = AXIS2_PLACEMENT_3D ( 'NONE', #157, #1322, #893 ) ;
#586 = DIRECTION ( 'NONE',  ( 0.8660254037844387076, -0.000000000000000000, 0.5000000000000000000 ) ) ;
#587 = EDGE_LOOP ( 'NONE', ( #1384, #1723, #1370 ) ) ;
#588 = DIRECTION ( 'NONE',  ( -0.000000000000000000, 1.000000000000000000, -0.000000000000000000 ) ) ;
#589 = EDGE_CURVE ( 'NONE', #1577, #518, #1100, .T. ) ;
#590 = ORIENTED_EDGE ( 'NONE', *, *, #313, .F. ) ;
#591 = ORIENTED_EDGE ( 'NONE', *, *, #589, .F. ) ;
#592 = CARTESIAN_POINT ( 'NONE',  ( 10.99852262806237135, 5.000000000000000000, -6.349999999999999645 ) ) ;
#593 = DIRECTION ( 'NONE',  ( 0.000000000000000000, 0.000000000000000000, -1.000000000000000000 ) ) ;
#594 = EDGE_CURVE ( 'NONE', #1176, #513, #125, .T. ) ;
#595 = CARTESIAN_POINT ( 'NONE',  ( -14.06645651165824518, 64.21107596515834359, -1.036182639349840784 ) ) ;
#596 = CARTESIAN_POINT ( 'NONE',  ( -12.54750232030948709, 57.20741164051484162, 3.667088473135593052 ) ) ;
#597 = DIRECTION ( 'NONE',  ( 0.000000000000000000, 1.000000000000000000, 0.000000000000000000 ) ) ;
#598 = B_SPLINE_CURVE_WITH_KNOTS ( 'NONE', 3,
 ( #1818, #1538, #934, #37, #365, #1092, #351, #495 ),
 .UNSPECIFIED., .F., .F.,
 ( 4, 2, 2, 4 ),
 ( 0.007419373737101450129, 0.009267222171865858657, 0.01111507060663026805, 0.01481076747615908337 ),
 .UNSPECIFIED. ) ;
#599 = DIRECTION ( 'NONE',  ( -0.000000000000000000, -1.000000000000000000, -0.000000000000000000 ) ) ;
#600 = ORIENTED_EDGE ( 'NONE', *, *, #1211, .F. ) ;
#601 = ORIENTED_EDGE ( 'NONE', *, *, #1729, .F. ) ;
#602 = VERTEX_POINT ( 'NONE', #1392 ) ;
#603 = DIRECTION ( 'NONE',  ( -0.000000000000000000, -1.000000000000000000, -0.000000000000000000 ) ) ;
#604 = DIRECTION ( 'NONE',  ( 0.000000000000000000, 0.000000000000000000, 1.000000000000000000 ) ) ;
#605 = LINE ( 'NONE', #152, #203 ) ;
#606 = CARTESIAN_POINT ( 'NONE',  ( 14.66469683741649277, 70.00000000000000000, 0.000000000000000000 ) ) ;
#607 = DIRECTION ( 'NONE',  ( -0.000000000000000000, -1.000000000000000000, -0.000000000000000000 ) ) ;
#608 = ORIENTED_EDGE ( 'NONE', *, *, #449, .F. ) ;
#609 = DIRECTION ( 'NONE',  ( -0.000000000000000000, -1.000000000000000000, -0.000000000000000000 ) ) ;
#610 = ORIENTED_EDGE ( 'NONE', *, *, #534, .T. ) ;
#611 = AXIS2_PLACEMENT_3D ( 'NONE', #1341, #631, #334 ) ;
#612 = FACE_OUTER_BOUND ( 'NONE', #1412, .T. ) ;
#613 = DIRECTION ( 'NONE',  ( 0.000000000000000000, 0.000000000000000000, 1.000000000000000000 ) ) ;
#614 = CARTESIAN_POINT ( 'NONE',  ( 9.757072385027225181, 12.89189342711858011, 8.500254896005593253 ) ) ;
#615 = DIRECTION ( 'NONE',  ( 0.000000000000000000, 0.000000000000000000, -1.000000000000000000 ) ) ;
#616 = DIRECTION ( 'NONE',  ( 0.000000000000000000, 0.000000000000000000, -1.000000000000000000 ) ) ;
#617 = CARTESIAN_POINT ( 'NONE',  ( 0.000000000000000000, 13.99999999999999822, 0.000000000000000000 ) ) ;
#618 = DIRECTION ( 'NONE',  ( -0.000000000000000000, -1.000000000000000000, -0.000000000000000000 ) ) ;
#619 = CARTESIAN_POINT ( 'NONE',  ( 14.66469683741648211, 6.134318247958397308, 1.387778780781445360E-14 ) ) ;
#620 = EDGE_CURVE ( 'NONE', #1492, #1864, #1444, .T. ) ;
#621 = EDGE_LOOP ( 'NONE', ( #1479, #1776, #136, #571 ) ) ;
#622 = AXIS2_PLACEMENT_3D ( 'NONE', #1490, #32, #171 ) ;
#623 = VERTEX_POINT ( 'NONE', #970 ) ;
#624 = FACE_OUTER_BOUND ( 'NONE', #919, .T. ) ;
#625 = FACE_OUTER_BOUND ( 'NONE', #1506, .T. ) ;
#626 = CARTESIAN_POINT ( 'NONE',  ( 0.000000000000000000, 57.00000000000000000, 0.000000000000000000 ) ) ;
#627 = ADVANCED_FACE ( 'NONE', ( #1558 ), #35, .T. ) ;
#628 = EDGE_CURVE ( 'NONE', #1864, #551, #1497, .T. ) ;
#629 = CIRCLE ( 'NONE', #946, 12.69999999999999929 ) ;
#630 = EDGE_CURVE ( 'NONE', #1529, #513, #273, .T. ) ;
#631 = DIRECTION ( 'NONE',  ( -0.000000000000000000, -1.000000000000000000, -0.000000000000000000 ) ) ;
#632 = CARTESIAN_POINT ( 'NONE',  ( 7.332348418708249049, 58.13431824795841152, -12.69999999999999929 ) ) ;
#633 = VERTEX_POINT ( 'NONE', #519 ) ;
#634 = CARTESIAN_POINT ( 'NONE',  ( 0.000000000000000000, 5.000000000000000000, 12.69999999999999929 ) ) ;
#635 = CARTESIAN_POINT ( 'NONE',  ( -9.757072385027226957, 5.108106572881421670, 8.500254896005593253 ) ) ;
#636 = EDGE_CURVE ( 'NONE', #709, #1502, #785, .T. ) ;
#637 = ADVANCED_FACE ( 'NONE', ( #928 ), #1078, .T. ) ;
#638 = APPROVAL ( #940, 'UNSPECIFIED' ) ;
#639 = CARTESIAN_POINT ( 'NONE',  ( -10.68738671117353078, 65.00000000000002842, 6.888903216110996652 ) ) ;
#640 = B_SPLINE_CURVE_WITH_KNOTS ( 'NONE', 3,
 ( #356, #187, #516, #835, #1854, #669 ),
 .UNSPECIFIED., .F., .F.,
 ( 4, 2, 4 ),
 ( 2.380729426770830574E-07, 0.003709805905022063414, 0.007419373737101449262 ),
 .UNSPECIFIED. ) ;
#641 = CARTESIAN_POINT ( 'NONE',  ( 6.123233995736750505E-16, 0.000000000000000000, 4.999999999999986677 ) ) ;
#642 = ORIENTED_EDGE ( 'NONE', *, *, #333, .T. ) ;
#643 = CARTESIAN_POINT ( 'NONE',  ( -14.66469683741648211, 6.134318247958397308, -1.214306433183764651E-14 ) ) ;
#644 = CARTESIAN_POINT ( 'NONE',  ( 14.06495879929033421, 57.78805933020272079, 1.038776753266187791 ) ) ;
#645 = VERTEX_POINT ( 'NONE', #1013 ) ;
#646 =( NAMED_UNIT ( * ) PLANE_ANGLE_UNIT ( ) SI_UNIT ( $, .RADIAN. ) );
#647 = ORIENTED_EDGE ( 'NONE', *, *, #76, .T. ) ;
#648 = EDGE_LOOP ( 'NONE', ( #281, #458, #209, #166 ) ) ;
#649 = AXIS2_PLACEMENT_3D ( 'NONE', #1584, #1708, #1592 ) ;
#650 = CIRCLE ( 'NONE', #1616, 10.50000000000000000 ) ;
#651 = EDGE_CURVE ( 'NONE', #341, #1380, #1399, .T. ) ;
#652 = VECTOR ( 'NONE', #1102, 1000.000000000000000 ) ;
#653 = SHAPE_DEFINITION_REPRESENTATION ( #1256, #509 ) ;
#654 = CARTESIAN_POINT ( 'NONE',  ( 0.000000000000000000, 65.00000000000000000, 0.000000000000000000 ) ) ;
#655 = AXIS2_PLACEMENT_3D ( 'NONE', #1882, #272, #873 ) ;
#656 = CARTESIAN_POINT ( 'NONE',  ( -10.99852262806237135, 5.000000000000000000, 6.350000000000001421 ) ) ;
#657 = ORIENTED_EDGE ( 'NONE', *, *, #1603, .F. ) ;
#658 =( LENGTH_UNIT ( ) NAMED_UNIT ( * ) SI_UNIT ( .MILLI., .METRE. ) );
#659 = ADVANCED_FACE ( 'NONE', ( #1022 ), #1203, .T. ) ;
#660 = EDGE_LOOP ( 'NONE', ( #1429, #1411, #217, #666, #1827, #1677 ) ) ;
#661 = UNCERTAINTY_MEASURE_WITH_UNIT (LENGTH_MEASURE( 1.000000000000000082E-05 ), #658, 'distance_accuracy_value', 'NONE');
#662 = CARTESIAN_POINT ( 'NONE',  ( 0.000000000000000000, 11.86568175204159559, 0.000000000000000000 ) ) ;
#663 = VERTEX_POINT ( 'NONE', #738 ) ;
#664 = ORIENTED_EDGE ( 'NONE', *, *, #689, .F. ) ;
#665 = APPLICATION_CONTEXT ( 'configuration controlled 3d designs of mechanical parts and assemblies' ) ;
#666 = ORIENTED_EDGE ( 'NONE', *, *, #326, .F. ) ;
#667 = ADVANCED_FACE ( 'NONE', ( #874 ), #1652, .F. ) ;
#668 = CARTESIAN_POINT ( 'NONE',  ( 0.000000000000000000, 0.000000000000000000, -0.000000000000000000 ) ) ;
#669 = CARTESIAN_POINT ( 'NONE',  ( 10.99852262806237135, 5.000000000000000000, -6.349999999999999645 ) ) ;
#670 = VERTEX_POINT ( 'NONE', #1125 ) ;
#671 = ORIENTED_EDGE ( 'NONE', *, *, #1310, .T. ) ;
#672 = CONICAL_SURFACE ( 'NONE', #1746, 12.69999999999999929, 1.047197551196603182 ) ;
#673 = EDGE_CURVE ( 'NONE', #1887, #842, #1817, .T. ) ;
#674 = CARTESIAN_POINT ( 'NONE',  ( 1.255262969126033296E-15, 0.000000000000000000, -9.999999999999960920 ) ) ;
#675 = CARTESIAN_POINT ( 'NONE',  ( 2.489441614469936948, 5.131037046095414667, -12.69999999999999929 ) ) ;
#676 = CIRCLE ( 'NONE', #1328, 4.999999999999986677 ) ;
#677 = ORGANIZATION ( 'UNSPECIFIED', 'UNSPECIFIED', '' ) ;
#678 = AXIS2_PLACEMENT_3D ( 'NONE', #1132, #1587, #559 ) ;
#679 = DIRECTION ( 'NONE',  ( -0.000000000000000000, -1.000000000000000000, -0.000000000000000000 ) ) ;
#680 = ORIENTED_EDGE ( 'NONE', *, *, #740, .T. ) ;
#681 = DIRECTION ( 'NONE',  ( 0.000000000000000000, 1.000000000000000000, 0.000000000000000000 ) ) ;
#682 = DIRECTION ( 'NONE',  ( -0.000000000000000000, -1.000000000000000000, -0.000000000000000000 ) ) ;
#683 = CARTESIAN_POINT ( 'NONE',  ( -14.66469683741649455, 58.13431824795841152, 8.673617379884035472E-16 ) ) ;
#684 = DIRECTION ( 'NONE',  ( 0.000000000000000000, 0.000000000000000000, -1.000000000000000000 ) ) ;
#685 = CARTESIAN_POINT ( 'NONE',  ( 0.000000000000000000, 5.000000000000000000, 0.000000000000000000 ) ) ;
#686 = AXIS2_PLACEMENT_3D ( 'NONE', #251, #858, #574 ) ;
#687 = ORIENTED_EDGE ( 'NONE', *, *, #245, .F. ) ;
#688 = AXIS2_PLACEMENT_3D ( 'NONE', #1141, #710, #1704 ) ;
#689 = EDGE_CURVE ( 'NONE', #930, #781, #773, .T. ) ;
#690 = CARTESIAN_POINT ( 'NONE',  ( -7.332348418708231286, 6.134318247958397308, -12.69999999999999396 ) ) ;
#691 = DIRECTION ( 'NONE',  ( -0.000000000000000000, -1.000000000000000000, -0.000000000000000000 ) ) ;
#692 = CARTESIAN_POINT ( 'NONE',  ( 14.06495879929033244, 12.21194066979727388, -1.038776753266186681 ) ) ;
#693 = ORIENTED_EDGE ( 'NONE', *, *, #1189, .T. ) ;
#694 = CYLINDRICAL_SURFACE ( 'NONE', #1269, 5.899999999999997691 ) ;
#695 = CARTESIAN_POINT ( 'NONE',  ( 0.000000000000000000, 63.86568175204160269, 0.000000000000000000 ) ) ;
#696 = PERSON_AND_ORGANIZATION ( #829, #677 ) ;
#697 = EDGE_CURVE ( 'NONE', #435, #15, #1419, .T. ) ;
#698 = ORIENTED_EDGE ( 'NONE', *, *, #796, .T. ) ;
#699 = CARTESIAN_POINT ( 'NONE',  ( 1.241768048510595079, 12.97365659377145519, 12.70000000000000107 ) ) ;
#700 = ORIENTED_EDGE ( 'NONE', *, *, #193, .T. ) ;
#701 = CONICAL_SURFACE ( 'NONE', #1129, 12.69999999999999929, 1.047197551196603182 ) ;
#702 = VERTEX_POINT ( 'NONE', #674 ) ;
#703 = ORIENTED_EDGE ( 'NONE', *, *, #1794, .T. ) ;
#704 = CARTESIAN_POINT ( 'NONE',  ( 0.000000000000000000, 5.000000000000000000, 0.000000000000000000 ) ) ;
#705 =( GEOMETRIC_REPRESENTATION_CONTEXT ( 3 ) GLOBAL_UNCERTAINTY_ASSIGNED_CONTEXT ( ( #661 ) ) GLOBAL_UNIT_ASSIGNED_CONTEXT ( ( #658, #646, #56 ) ) REPRESENTATION_CONTEXT ( 'NONE', 'WORKASPACE' ) );
#706 = DIRECTION ( 'NONE',  ( 0.000000000000000000, 0.000000000000000000, -1.000000000000000000 ) ) ;
#707 = CARTESIAN_POINT ( 'NONE',  ( -4.918399208581591076, 12.49868229995791147, 12.70000000000000284 ) ) ;
#708 = DIRECTION ( 'NONE',  ( 0.000000000000000000, 0.000000000000000000, -1.000000000000000000 ) ) ;
#709 = VERTEX_POINT ( 'NONE', #827 ) ;
#710 = DIRECTION ( 'NONE',  ( -0.000000000000000000, -1.000000000000000000, -0.000000000000000000 ) ) ;
#711 = CARTESIAN_POINT ( 'NONE',  ( 0.000000000000000000, 13.99999999999999822, 0.000000000000000000 ) ) ;
#712 = VERTEX_POINT ( 'NONE', #1415 ) ;
#713 = CIRCLE ( 'NONE', #280, 12.69999999999999929 ) ;
#714 = FACE_OUTER_BOUND ( 'NONE', #1570, .T. ) ;
#715 = FACE_OUTER_BOUND ( 'NONE', #285, .T. ) ;
#716 = FACE_OUTER_BOUND ( 'NONE', #1633, .T. ) ;
#717 = DATE_AND_TIME ( #11, #1498 ) ;
#718 = CARTESIAN_POINT ( 'NONE',  ( 0.000000000000000000, 12.99999999999999822, 12.69999999999999929 ) ) ;
#719 = B_SPLINE_CURVE_WITH_KNOTS ( 'NONE', 3,
 ( #1620, #1778, #1499, #1913, #1057, #1470, #595, #1068 ),
 .UNSPECIFIED., .F., .F.,
 ( 4, 2, 2, 4 ),
 ( 0.007419373737101444925, 0.009267222171865855188, 0.01111507060663026458, 0.01481076747615907990 ),
 .UNSPECIFIED. ) ;
#720 = EDGE_CURVE ( 'NONE', #581, #982, #295, .T. ) ;
#721 = AXIS2_PLACEMENT_3D ( 'NONE', #340, #1216, #479 ) ;
#722 = DIRECTION ( 'NONE',  ( -0.000000000000000000, 1.000000000000000000, -0.000000000000000000 ) ) ;
#723 = CARTESIAN_POINT ( 'NONE',  ( 0.000000000000000000, 57.00000000000000000, 12.69999999999999929 ) ) ;
#724 = ORIENTED_EDGE ( 'NONE', *, *, #725, .T. ) ;
#725 = EDGE_CURVE ( 'NONE', #1551, #1614, #629, .T. ) ;
#726 = DIRECTION ( 'NONE',  ( 0.000000000000000000, -1.000000000000000000, -0.000000000000000000 ) ) ;
#727 = CARTESIAN_POINT ( 'NONE',  ( -10.37485483719560264, 57.02681102256927659, -7.430224300825488015 ) ) ;
#728 = CARTESIAN_POINT ( 'NONE',  ( 0.000000000000000000, 56.00000000000000711, 0.000000000000000000 ) ) ;
#729 = DIRECTION ( 'NONE',  ( 0.000000000000000000, 0.000000000000000000, -1.000000000000000000 ) ) ;
#730 = EDGE_CURVE ( 'NONE', #393, #1554, #1877, .T. ) ;
#731 = DIRECTION ( 'NONE',  ( 0.000000000000000000, 0.000000000000000000, -1.000000000000000000 ) ) ;
#732 = CARTESIAN_POINT ( 'NONE',  ( -14.66469683741649277, 70.00000000000000000, 0.000000000000000000 ) ) ;
#733 = CARTESIAN_POINT ( 'NONE',  ( -10.68738671117353078, 56.99999999999998579, -6.888903216110996652 ) ) ;
#734 = FACE_BOUND ( 'NONE', #1728, .T. ) ;
#735 = VECTOR ( 'NONE', #134, 1000.000000000000000 ) ;
#736 = DIRECTION ( 'NONE',  ( 0.000000000000000000, 0.000000000000000000, 1.000000000000000000 ) ) ;
#737 = CARTESIAN_POINT ( 'NONE',  ( -11.62313001846369609, 13.00000000000001066, 5.268148265041901368 ) ) ;
#738 = CARTESIAN_POINT ( 'NONE',  ( -14.66469683741649455, 58.13431824795841152, 8.673617379884035472E-16 ) ) ;
#739 = AXIS2_PLACEMENT_3D ( 'NONE', #127, #1170, #1182 ) ;
#740 = EDGE_CURVE ( 'NONE', #842, #1198, #1813, .T. ) ;
#741 = DIRECTION ( 'NONE',  ( -0.000000000000000000, -1.000000000000000000, -0.000000000000000000 ) ) ;
#742 = AXIS2_PLACEMENT_3D ( 'NONE', #1448, #283, #1033 ) ;
#743 = CARTESIAN_POINT ( 'NONE',  ( 8.533820259622144633, 64.49620560318255968, -10.61898972767382254 ) ) ;
#744 = DIRECTION ( 'NONE',  ( -0.000000000000000000, -1.000000000000000000, -0.000000000000000000 ) ) ;
#745 = ORIENTED_EDGE ( 'NONE', *, *, #1635, .T. ) ;
#746 = VECTOR ( 'NONE', #1031, 1000.000000000000000 ) ;
#747 = VERTEX_POINT ( 'NONE', #837 ) ;
#748 = ORIENTED_EDGE ( 'NONE', *, *, #825, .T. ) ;
#749 = CARTESIAN_POINT ( 'NONE',  ( 7.332348418708245497, 70.00000000000000000, 12.69999999999999929 ) ) ;
#750 = EDGE_CURVE ( 'NONE', #58, #1890, #494, .T. ) ;
#751 = CARTESIAN_POINT ( 'NONE',  ( 7.930588744466493978, 64.21107596515834359, -11.66381736065014962 ) ) ;
#752 = CARTESIAN_POINT ( 'NONE',  ( 1.241768048510595079, 64.97365659377145164, 12.70000000000000107 ) ) ;
#753 = DIRECTION ( 'NONE',  ( 0.000000000000000000, 1.000000000000000000, 0.000000000000000000 ) ) ;
#754 = EDGE_LOOP ( 'NONE', ( #1753, #937, #906, #700 ) ) ;
#755 = CARTESIAN_POINT ( 'NONE',  ( 0.000000000000000000, 5.000000000000000888, 0.000000000000000000 ) ) ;
#756 = FACE_OUTER_BOUND ( 'NONE', #927, .T. ) ;
#757 = CARTESIAN_POINT ( 'NONE',  ( 0.000000000000000000, 65.00000000000000000, 12.69999999999999929 ) ) ;
#758 = LINE ( 'NONE', #1526, #84 ) ;
#759 = CYLINDRICAL_SURFACE ( 'NONE', #71, 10.49999999999997868 ) ;
#760 = DIRECTION ( 'NONE',  ( -0.000000000000000000, 1.000000000000000000, -0.000000000000000000 ) ) ;
#761 = ORIENTED_EDGE ( 'NONE', *, *, #143, .F. ) ;
#762 = CARTESIAN_POINT ( 'NONE',  ( 10.99852262806237135, 13.00000000000000178, -6.349999999999999645 ) ) ;
#763 = CARTESIAN_POINT ( 'NONE',  ( 0.000000000000000000, 5.000000000000000000, 0.000000000000000000 ) ) ;
#764 = ORIENTED_EDGE ( 'NONE', *, *, #725, .F. ) ;
#765 = EDGE_CURVE ( 'NONE', #1483, #1166, #1048, .T. ) ;
#766 = CARTESIAN_POINT ( 'NONE',  ( 7.225416114969381235E-16, 13.99999999999999822, 5.899999999999997691 ) ) ;
#767 = ADVANCED_FACE ( 'NONE', ( #1838 ), #1740, .T. ) ;
#768 = CC_DESIGN_PERSON_AND_ORGANIZATION_ASSIGNMENT ( #1401, #347, ( #1205 ) ) ;
#769 = DIRECTION ( 'NONE',  ( -0.000000000000000000, 1.000000000000000000, -0.000000000000000000 ) ) ;
#770 = EDGE_LOOP ( 'NONE', ( #91, #268, #248, #703 ) ) ;
#771 = DIRECTION ( 'NONE',  ( -0.000000000000000000, -1.000000000000000000, -0.000000000000000000 ) ) ;
#772 = DIRECTION ( 'NONE',  ( -0.000000000000000000, -1.000000000000000000, -0.000000000000000000 ) ) ;
#773 = B_SPLINE_CURVE_WITH_KNOTS ( 'NONE', 3,
 ( #1567, #73, #1268, #1710, #228, #1849, #389, #1552 ),
 .UNSPECIFIED., .F., .F.,
 ( 4, 2, 2, 4 ),
 ( 0.005374802509238464469, 0.009076381905037960926, 0.01092717160293770959, 0.01277796130083745652 ),
 .UNSPECIFIED. ) ;
#774 = CARTESIAN_POINT ( 'NONE',  ( 9.757072385027225181, 64.89189342711854636, 8.500254896005596805 ) ) ;
#775 = ADVANCED_FACE ( 'NONE', ( #229 ), #390, .F. ) ;
#776 = DIRECTION ( 'NONE',  ( 0.000000000000000000, 1.000000000000000000, 0.000000000000000000 ) ) ;
#777 = DIRECTION ( 'NONE',  ( -0.000000000000000000, -1.000000000000000000, -0.000000000000000000 ) ) ;
#778 = EDGE_CURVE ( 'NONE', #1099, #1318, #1223, .T. ) ;
#779 = AXIS2_PLACEMENT_3D ( 'NONE', #304, #618, #1642 ) ;
#780 = CARTESIAN_POINT ( 'NONE',  ( 0.000000000000000000, 57.00000000000000000, -12.69999999999999929 ) ) ;
#781 = VERTEX_POINT ( 'NONE', #723 ) ;
#782 = ORIENTED_EDGE ( 'NONE', *, *, #1271, .F. ) ;
#783 = CARTESIAN_POINT ( 'NONE',  ( -8.533820259622141080, 64.49620560318257390, 10.61898972767382077 ) ) ;
#784 = EDGE_CURVE ( 'NONE', #1890, #633, #319, .T. ) ;
#785 = CIRCLE ( 'NONE', #1405, 4.999999999999986677 ) ;
#786 = CONICAL_SURFACE ( 'NONE', #611, 14.66469683741649455, 1.047197551196603182 ) ;
#787 = CARTESIAN_POINT ( 'NONE',  ( -11.30965854495121192, 4.999999999999991118, 5.811096783889002637 ) ) ;
#788 = EDGE_CURVE ( 'NONE', #518, #781, #1585, .T. ) ;
#789 = APPLICATION_PROTOCOL_DEFINITION ( 'international standard', 'config_control_design', 1994, #1107 ) ;
#790 = ADVANCED_FACE ( 'NONE', ( #352 ), #1744, .F. ) ;
#791 = CARTESIAN_POINT ( 'NONE',  ( -4.918399208581590187, 64.49868229995792035, 12.70000000000000107 ) ) ;
#792 = B_SPLINE_CURVE_WITH_KNOTS ( 'NONE', 3,
 ( #1376, #1665, #1796, #28, #180, #475, #1809, #632 ),
 .UNSPECIFIED., .F., .F.,
 ( 4, 2, 2, 4 ),
 ( 0.02049959977620510049, 0.02235513321292616901, 0.02421066664964723752, 0.02792173352308937456 ),
 .UNSPECIFIED. ) ;
#793 = CARTESIAN_POINT ( 'NONE',  ( 7.930588744466492201, 5.788924034841646638, 11.66381736065015495 ) ) ;
#794 = CARTESIAN_POINT ( 'NONE',  ( 13.46084005734785016, 57.50279346709783823, 2.085141108115160069 ) ) ;
#795 = CARTESIAN_POINT ( 'NONE',  ( -14.66469683741648211, 6.134318247958397308, -1.214306433183764651E-14 ) ) ;
#796 = EDGE_CURVE ( 'NONE', #1198, #1617, #62, .T. ) ;
#797 = CYLINDRICAL_SURFACE ( 'NONE', #1178, 5.899999999999993250 ) ;
#798 = ORIENTED_EDGE ( 'NONE', *, *, #651, .T. ) ;
#799 = ADVANCED_FACE ( 'NONE', ( #832 ), #811, .T. ) ;
#800 = VERTEX_POINT ( 'NONE', #1768 ) ;
#801 = CARTESIAN_POINT ( 'NONE',  ( 2.489441614469936059, 5.131037046095412890, 12.70000000000000107 ) ) ;
#802 = DIRECTION ( 'NONE',  ( 0.000000000000000000, 0.000000000000000000, 1.000000000000000000 ) ) ;
#803 = DIRECTION ( 'NONE',  ( -0.000000000000000000, -1.000000000000000000, -0.000000000000000000 ) ) ;
#804 = EDGE_CURVE ( 'NONE', #435, #1206, #1766, .T. ) ;
#805 = DIRECTION ( 'NONE',  ( 0.000000000000000000, 0.000000000000000000, -1.000000000000000000 ) ) ;
#806 = ORIENTED_EDGE ( 'NONE', *, *, #120, .F. ) ;
#807 = ORIENTED_EDGE ( 'NONE', *, *, #1217, .T. ) ;
#808 = FACE_OUTER_BOUND ( 'NONE', #45, .T. ) ;
#809 = FACE_OUTER_BOUND ( 'NONE', #770, .T. ) ;
#810 = DIRECTION ( 'NONE',  ( 1.000000000000000000, 0.000000000000000000, -0.000000000000000000 ) ) ;
#811 = CONICAL_SURFACE ( 'NONE', #1242, 14.66469683741649455, 1.047197551196605847 ) ;
#812 = DIRECTION ( 'NONE',  ( -0.8660254037844387076, 0.000000000000000000, 0.5000000000000000000 ) ) ;
#813 = DIRECTION ( 'NONE',  ( 0.000000000000000000, 0.000000000000000000, -1.000000000000000000 ) ) ;
#814 = ORIENTED_EDGE ( 'NONE', *, *, #730, .T. ) ;
#815 = DIRECTION ( 'NONE',  ( 0.000000000000000000, 0.000000000000000000, -1.000000000000000000 ) ) ;
#816 = CARTESIAN_POINT ( 'NONE',  ( 10.99852262806237135, 5.000000000000000000, -6.349999999999999645 ) ) ;
#817 = PRODUCT ( '031169-A', '031169-A', '', ( #515 ) ) ;
#818 = CARTESIAN_POINT ( 'NONE',  ( 12.24044355598168821, 12.86943327430278750, 4.198929853860656536 ) ) ;
#819 = CARTESIAN_POINT ( 'NONE',  ( 0.000000000000000000, 13.00000000000000178, -10.49999999999999467 ) ) ;
#820 = AXIS2_PLACEMENT_3D ( 'NONE', #3, #910, #169 ) ;
#821 = DIRECTION ( 'NONE',  ( 0.000000000000000000, 0.000000000000000000, 1.000000000000000000 ) ) ;
#822 = ORIENTED_EDGE ( 'NONE', *, *, #1820, .F. ) ;
#823 = AXIS2_PLACEMENT_3D ( 'NONE', #429, #108, #706 ) ;
#824 = ORIENTED_EDGE ( 'NONE', *, *, #1029, .F. ) ;
#825 = EDGE_CURVE ( 'NONE', #1502, #709, #676, .T. ) ;
#826 = CARTESIAN_POINT ( 'NONE',  ( 13.46322499650259630, 57.50379439681745453, -2.081010272326176302 ) ) ;
#827 = CARTESIAN_POINT ( 'NONE',  ( 6.674325055353065377E-16, 55.45922544287519429, -4.999999999999986677 ) ) ;
#828 = DIRECTION ( 'NONE',  ( -0.000000000000000000, -1.000000000000000000, -0.000000000000000000 ) ) ;
#829 = PERSON ( 'UNSPECIFIED', 'UNSPECIFIED', 'UNSPECIFIED', ('UNSPECIFIED'), ('UNSPECIFIED'), ('UNSPECIFIED') ) ;
#830 = ORIENTED_EDGE ( 'NONE', *, *, #76, .F. ) ;
#831 = ORIENTED_EDGE ( 'NONE', *, *, #916, .T. ) ;
#832 = FACE_OUTER_BOUND ( 'NONE', #114, .T. ) ;
#833 = FACE_OUTER_BOUND ( 'NONE', #1236, .T. ) ;
#834 = CC_DESIGN_APPROVAL ( #299, ( #194 ) ) ;
#835 = CARTESIAN_POINT ( 'NONE',  ( 9.757072385027225181, 5.108106572881421670, -8.500254896005596805 ) ) ;
#836 = EDGE_LOOP ( 'NONE', ( #1302, #967, #1423 ) ) ;
#837 = CARTESIAN_POINT ( 'NONE',  ( -10.99852262806236958, 57.00000000000000000, 6.350000000000000533 ) ) ;
#838 = CARTESIAN_POINT ( 'NONE',  ( -14.66469683741649099, 57.00000000000000000, 0.000000000000000000 ) ) ;
#839 = ORIENTED_EDGE ( 'NONE', *, *, #765, .F. ) ;
#840 = CARTESIAN_POINT ( 'NONE',  ( 0.000000000000000000, 4.898587196589425401E-17, 0.000000000000000000 ) ) ;
#841 = ORIENTED_EDGE ( 'NONE', *, *, #101, .F. ) ;
#842 = VERTEX_POINT ( 'NONE', #1055 ) ;
#843 = CARTESIAN_POINT ( 'NONE',  ( 0.000000000000000000, 57.00000000000000000, 0.000000000000000000 ) ) ;
#844 = AXIS2_PLACEMENT_3D ( 'NONE', #1833, #682, #1676 ) ;
#845 = EDGE_CURVE ( 'NONE', #1887, #623, #1899, .T. ) ;
#846 = ORIENTED_EDGE ( 'NONE', *, *, #947, .F. ) ;
#847 = CARTESIAN_POINT ( 'NONE',  ( 13.46084005734785549, 12.49720653290216532, -2.085141108115159181 ) ) ;
#848 = CARTESIAN_POINT ( 'NONE',  ( -9.756601700143052724, 5.130566725697212505, -8.501070146139340977 ) ) ;
#849 = CARTESIAN_POINT ( 'NONE',  ( 1.224646799147348326E-15, 0.000000000000000000, -9.999999999999960920 ) ) ;
#850 = EDGE_CURVE ( 'NONE', #645, #1841, #1909, .T. ) ;
#851 = B_SPLINE_CURVE_WITH_KNOTS ( 'NONE', 3,
 ( #861, #1742, #1016, #286, #145, #292, #424, #1324 ),
 .UNSPECIFIED., .F., .F.,
 ( 4, 2, 2, 4 ),
 ( 0.007419373737101450129, 0.009267222171865860392, 0.01111507060663026979, 0.01481076747615908684 ),
 .UNSPECIFIED. ) ;
#852 = FACE_OUTER_BOUND ( 'NONE', #1735, .T. ) ;
#853 = FACE_OUTER_BOUND ( 'NONE', #531, .T. ) ;
#854 = CIRCLE ( 'NONE', #1522, 5.899999999999988809 ) ;
#855 = CARTESIAN_POINT ( 'NONE',  ( -7.332348418708245497, 11.86568175204159559, 12.70000000000000284 ) ) ;
#856 = ORIENTED_EDGE ( 'NONE', *, *, #1330, .T. ) ;
#857 = CARTESIAN_POINT ( 'NONE',  ( 0.000000000000000000, 5.000000000000004441, -12.69999999999999929 ) ) ;
#858 = DIRECTION ( 'NONE',  ( -0.000000000000000000, -1.000000000000000000, -0.000000000000000000 ) ) ;
#859 = CARTESIAN_POINT ( 'NONE',  ( -1.239046297348691761, 57.00000000000001421, -12.70000000000000107 ) ) ;
#860 = ORIENTED_EDGE ( 'NONE', *, *, #887, .T. ) ;
#861 = CARTESIAN_POINT ( 'NONE',  ( -10.99852262806237135, 13.00000000000000178, -6.349999999999999645 ) ) ;
#862 = B_SPLINE_CURVE_WITH_KNOTS ( 'NONE', 3,
 ( #191, #198, #25, #1373, #1530, #1821, #472, #1792 ),
 .UNSPECIFIED., .F., .F.,
 ( 4, 2, 2, 4 ),
 ( 0.005374802509238531256, 0.009076381905038028580, 0.01092717160293777898, 0.01277796130083752937 ),
 .UNSPECIFIED. ) ;
#863 = EDGE_CURVE ( 'NONE', #670, #982, #1349, .T. ) ;
#864 = CARTESIAN_POINT ( 'NONE',  ( 0.000000000000000000, 70.00000000000000000, 5.899999999999993250 ) ) ;
#865 = CARTESIAN_POINT ( 'NONE',  ( -4.918399208581591964, 12.49868229995790792, -12.69999999999999574 ) ) ;
#866 = CARTESIAN_POINT ( 'NONE',  ( 7.932086456834406718, 57.78805933020272079, -11.66122324673381172 ) ) ;
#867 = DIRECTION ( 'NONE',  ( 0.000000000000000000, 0.000000000000000000, 1.000000000000000000 ) ) ;
#868 = CARTESIAN_POINT ( 'NONE',  ( -1.239046297348695536, 64.99999999999998579, -12.69999999999999929 ) ) ;
#869 = ORIENTED_EDGE ( 'NONE', *, *, #1305, .F. ) ;
#870 = DIRECTION ( 'NONE',  ( 0.000000000000000000, 0.000000000000000000, -1.000000000000000000 ) ) ;
#871 = ORIENTED_EDGE ( 'NONE', *, *, #923, .T. ) ;
#872 = CYLINDRICAL_SURFACE ( 'NONE', #344, 10.50000000000000000 ) ;
#873 = DIRECTION ( 'NONE',  ( 0.000000000000000000, 0.000000000000000000, -1.000000000000000000 ) ) ;
#874 = FACE_OUTER_BOUND ( 'NONE', #1467, .T. ) ;
#875 = APPROVAL_PERSON_ORGANIZATION ( #1264, #299, #1531 ) ;
#876 = AXIS2_PLACEMENT_3D ( 'NONE', #1209, #1054, #1338 ) ;
#877 = CARTESIAN_POINT ( 'NONE',  ( -1.239046297348692871, 57.00000000000000000, 12.69999999999999929 ) ) ;
#878 = DIRECTION ( 'NONE',  ( -0.000000000000000000, -1.000000000000000000, -0.000000000000000000 ) ) ;
#879 = ORIENTED_EDGE ( 'NONE', *, *, #2, .F. ) ;
#880 = AXIS2_PLACEMENT_3D ( 'NONE', #1583, #1306, #1898 ) ;
#881 = CARTESIAN_POINT ( 'NONE',  ( -9.449542935815257394, 57.20741164051484162, -9.032911526864406682 ) ) ;
#882 = DIRECTION ( 'NONE',  ( 0.000000000000000000, 0.000000000000000000, -1.000000000000000000 ) ) ;
#883 = EDGE_CURVE ( 'NONE', #377, #949, #532, .T. ) ;
#884 = ORIENTED_EDGE ( 'NONE', *, *, #1729, .T. ) ;
#885 = DIRECTION ( 'NONE',  ( 0.000000000000000000, 0.000000000000000000, 1.000000000000000000 ) ) ;
#886 = EDGE_LOOP ( 'NONE', ( #540, #590, #332 ) ) ;
#887 = EDGE_CURVE ( 'NONE', #800, #1614, #1354, .T. ) ;
#888 = DIRECTION ( 'NONE',  ( -0.000000000000000000, -1.000000000000000000, -0.000000000000000000 ) ) ;
#889 = CARTESIAN_POINT ( 'NONE',  ( -7.930588744466499307, 57.78892403484164930, -11.66381736065015495 ) ) ;
#890 = ORIENTED_EDGE ( 'NONE', *, *, #1211, .T. ) ;
#891 = CARTESIAN_POINT ( 'NONE',  ( -7.332348418708246385, 70.00000000000000000, -12.69999999999999929 ) ) ;
#892 = CARTESIAN_POINT ( 'NONE',  ( 14.66469683741648211, 6.134318247958397308, 1.387778780781445360E-14 ) ) ;
#893 = DIRECTION ( 'NONE',  ( 0.000000000000000000, 0.000000000000000000, -1.000000000000000000 ) ) ;
#894 = CARTESIAN_POINT ( 'NONE',  ( 11.62313001846368898, 4.999999999999992006, 5.268148265041902256 ) ) ;
#895 = ORIENTED_EDGE ( 'NONE', *, *, #954, .T. ) ;
#896 = CONICAL_SURFACE ( 'NONE', #1082, 14.66469683741649455, 1.047197551196603182 ) ;
#897 = CIRCLE ( 'NONE', #1126, 9.999999999999994671 ) ;
#898 = CARTESIAN_POINT ( 'NONE',  ( 0.000000000000000000, 13.00000000000000178, 0.000000000000000000 ) ) ;
#899 = CARTESIAN_POINT ( 'NONE',  ( 7.332348418708249049, 63.86568175204160269, -12.69999999999999929 ) ) ;
#900 = DIRECTION ( 'NONE',  ( -0.000000000000000000, -1.000000000000000000, -0.000000000000000000 ) ) ;
#901 = EDGE_CURVE ( 'NONE', #118, #1872, #1697, .T. ) ;
#902 = ORIENTED_EDGE ( 'NONE', *, *, #1298, .T. ) ;
#903 = CARTESIAN_POINT ( 'NONE',  ( 14.06645651165824873, 5.788924034841649302, -1.036182639349839896 ) ) ;
#904 = PLANE ( 'NONE',  #1428 ) ;
#905 = CARTESIAN_POINT ( 'NONE',  ( -11.62313001846369609, 65.00000000000001421, 5.268148265041898703 ) ) ;
#906 = ORIENTED_EDGE ( 'NONE', *, *, #1562, .T. ) ;
#907 = VECTOR ( 'NONE', #1042, 1000.000000000000000 ) ;
#908 = CARTESIAN_POINT ( 'NONE',  ( 13.46084005734784661, 5.502793467097834679, 2.085141108115171615 ) ) ;
#909 = ORIENTED_EDGE ( 'NONE', *, *, #1425, .T. ) ;
#910 = DIRECTION ( 'NONE',  ( 0.000000000000000000, 1.000000000000000000, 0.000000000000000000 ) ) ;
#911 = ADVANCED_FACE ( 'NONE', ( #853 ), #1858, .T. ) ;
#912 = CARTESIAN_POINT ( 'NONE',  ( 10.99852262806236958, 57.00000000000000000, 6.350000000000000533 ) ) ;
#913 = CARTESIAN_POINT ( 'NONE',  ( 3.108716113483810606, 12.79115373987835369, -12.69999999999999751 ) ) ;
#914 = CARTESIAN_POINT ( 'NONE',  ( 7.225416114969375319E-16, 70.00000000000000000, -5.899999999999993250 ) ) ;
#915 = CARTESIAN_POINT ( 'NONE',  ( -7.332348418708249049, 11.86568175204159559, -12.69999999999999929 ) ) ;
#916 = EDGE_CURVE ( 'NONE', #1166, #399, #1060, .T. ) ;
#917 = AXIS2_PLACEMENT_3D ( 'NONE', #214, #357, #1369 ) ;
#918 = PLANE ( 'NONE',  #1836 ) ;
#919 = EDGE_LOOP ( 'NONE', ( #1045, #1135, #1192 ) ) ;
#920 = ORIENTED_EDGE ( 'NONE', *, *, #750, .F. ) ;
#921 = CARTESIAN_POINT ( 'NONE',  ( 1.241768048510592637, 5.026343406228548361, 12.70000000000000107 ) ) ;
#922 = CONICAL_SURFACE ( 'NONE', #649, 14.66469683741649455, 1.047197551196603182 ) ;
#923 = EDGE_CURVE ( 'NONE', #1502, #445, #1120, .T. ) ;
#924 = CYLINDRICAL_SURFACE ( 'NONE', #988, 5.899999999999997691 ) ;
#925 = DIRECTION ( 'NONE',  ( -0.000000000000000000, -1.000000000000000000, -0.000000000000000000 ) ) ;
#926 = ADVANCED_FACE ( 'NONE', ( #734, #715 ), #918, .T. ) ;
#927 = EDGE_LOOP ( 'NONE', ( #1660, #860, #764 ) ) ;
#928 = FACE_OUTER_BOUND ( 'NONE', #1406, .T. ) ;
#929 = CARTESIAN_POINT ( 'NONE',  ( 10.99852262806237135, 5.000000000000000000, 6.350000000000001421 ) ) ;
#930 = VERTEX_POINT ( 'NONE', #359 ) ;
#931 = CARTESIAN_POINT ( 'NONE',  ( 0.000000000000000000, 0.000000000000000000, 0.000000000000000000 ) ) ;
#932 = EDGE_CURVE ( 'NONE', #663, #712, #1208, .T. ) ;
#933 = SECURITY_CLASSIFICATION ( '', '', #1517 ) ;
#934 = CARTESIAN_POINT ( 'NONE',  ( -10.37485483719559731, 12.97318897743073407, 7.430224300825489792 ) ) ;
#935 = ADVANCED_FACE ( 'NONE', ( #10 ), #485, .F. ) ;
#936 = CARTESIAN_POINT ( 'NONE',  ( 9.756601700143052724, 5.130566725697215169, 8.501070146139346306 ) ) ;
#937 = ORIENTED_EDGE ( 'NONE', *, *, #490, .T. ) ;
#938 = EDGE_LOOP ( 'NONE', ( #383, #1156, #950, #806, #1800, #1656 ) ) ;
#939 = ORIENTED_EDGE ( 'NONE', *, *, #1916, .T. ) ;
#940 = APPROVAL_STATUS ( 'not_yet_approved' ) ;
#941 = EDGE_LOOP ( 'NONE', ( #448, #1720, #839 ) ) ;
#942 = B_SPLINE_CURVE_WITH_KNOTS ( 'NONE', 3,
 ( #1167, #733, #727, #1914, #881, #1471, #889, #1058 ),
 .UNSPECIFIED., .F., .F.,
 ( 4, 2, 2, 4 ),
 ( 0.007419373737101446660, 0.009267222171865855188, 0.01111507060663026285, 0.01481076747615907990 ),
 .UNSPECIFIED. ) ;
#943 = DIRECTION ( 'NONE',  ( -0.000000000000000000, -1.000000000000000000, -0.000000000000000000 ) ) ;
#944 = CARTESIAN_POINT ( 'NONE',  ( 0.000000000000000000, 0.000000000000000000, -0.000000000000000000 ) ) ;
#945 = ADVANCED_FACE ( 'NONE', ( #1158 ), #374, .T. ) ;
#946 = AXIS2_PLACEMENT_3D ( 'NONE', #685, #691, #1705 ) ;
#947 = EDGE_CURVE ( 'NONE', #1791, #1617, #36, .T. ) ;
#948 = FACE_OUTER_BOUND ( 'NONE', #1280, .T. ) ;
#949 = VERTEX_POINT ( 'NONE', #1239 ) ;
#950 = ORIENTED_EDGE ( 'NONE', *, *, #1109, .F. ) ;
#951 = CARTESIAN_POINT ( 'NONE',  ( 0.000000000000000000, 65.00000000000000000, -12.69999999999999929 ) ) ;
#952 = EDGE_LOOP ( 'NONE', ( #1783, #1115, #457, #1257, #1455, #66 ) ) ;
#953 = ORIENTED_EDGE ( 'NONE', *, *, #1305, .T. ) ;
#954 = EDGE_CURVE ( 'NONE', #1299, #1380, #410, .T. ) ;
#955 = LINE ( 'NONE', #1816, #1765 ) ;
#956 = LINE ( 'NONE', #1199, #553 ) ;
#957 = CARTESIAN_POINT ( 'NONE',  ( 11.30965854495121548, 57.00000000000000000, -5.811096783889003525 ) ) ;
#958 = DESIGN_CONTEXT ( 'detailed design', #665, 'design' ) ;
#959 = CARTESIAN_POINT ( 'NONE',  ( 0.000000000000000000, 70.00000000000000000, 5.899999999999988809 ) ) ;
#960 = CARTESIAN_POINT ( 'NONE',  ( 7.332348418708245497, 70.00000000000000000, 12.69999999999999929 ) ) ;
#961 = B_SPLINE_CURVE_WITH_KNOTS ( 'NONE', 3,
 ( #402, #396, #406, #1861, #555, #992 ),
 .UNSPECIFIED., .F., .F.,
 ( 4, 2, 4 ),
 ( 2.380729426781361047E-07, 0.003709805905022061246, 0.007419373737101444925 ),
 .UNSPECIFIED. ) ;
#962 = DIRECTION ( 'NONE',  ( -0.000000000000000000, -1.000000000000000000, -0.000000000000000000 ) ) ;
#963 = ORIENTED_EDGE ( 'NONE', *, *, #19, .T. ) ;
#964 = LINE ( 'NONE', #488, #1179 ) ;
#965 = EDGE_LOOP ( 'NONE', ( #1032, #1282, #782 ) ) ;
#966 = DIRECTION ( 'NONE',  ( 0.000000000000000000, 0.000000000000000000, 1.000000000000000000 ) ) ;
#967 = ORIENTED_EDGE ( 'NONE', *, *, #932, .T. ) ;
#968 = CARTESIAN_POINT ( 'NONE',  ( 0.000000000000000000, 11.86568175204159559, 0.000000000000000000 ) ) ;
#969 = CARTESIAN_POINT ( 'NONE',  ( -10.99852262806237135, 65.00000000000000000, 6.350000000000001421 ) ) ;
#970 = CARTESIAN_POINT ( 'NONE',  ( 14.66469683741649455, 58.13431824795841152, 8.673617379884035472E-16 ) ) ;
#971 = EDGE_CURVE ( 'NONE', #986, #1749, #792, .T. ) ;
#972 = CLOSED_SHELL ( 'NONE', ( #30, #21, #170, #189, #1062, #935, #466, #667, #584, #775, #1221, #505, #1090, #1803, #179, #1751, #500, #474, #358, #1671, #1488, #767, #1790, #1353, #1245, #337, #1070, #1386, #1084, #659, #945, #799, #1343, #637, #911, #1508, #52, #1658, #790, #1253, #63, #1101, #1822, #627, #1896, #1361, #348, #926, #1645, #1639, #1528, #489, #1173, #1457, #161, #288, #1501, #325, #455, #1375, #40, #200 ) ) ;
#973 = CARTESIAN_POINT ( 'NONE',  ( 3.108716113483803056, 5.208846260121640981, -12.70000000000000107 ) ) ;
#974 = ORIENTED_EDGE ( 'NONE', *, *, #863, .T. ) ;
#975 = CC_DESIGN_PERSON_AND_ORGANIZATION_ASSIGNMENT ( #696, #61, ( #194 ) ) ;
#976 = CIRCLE ( 'NONE', #78, 10.49999999999997868 ) ;
#977 = CONICAL_SURFACE ( 'NONE', #1026, 9.999999999999960920, 0.7853981633974533860 ) ;
#978 = CARTESIAN_POINT ( 'NONE',  ( 10.99852262806237135, 13.00000000000000178, -6.349999999999999645 ) ) ;
#979 = VECTOR ( 'NONE', #298, 999.9999999999998863 ) ;
#980 = CARTESIAN_POINT ( 'NONE',  ( -11.62313001846369609, 56.99999999999999289, -5.268148265041899592 ) ) ;
#981 = CARTESIAN_POINT ( 'NONE',  ( 13.46322499650260518, 12.49620560318254725, 2.081010272326173638 ) ) ;
#982 = VERTEX_POINT ( 'NONE', #349 ) ;
#983 = EDGE_LOOP ( 'NONE', ( #1438, #745, #535 ) ) ;
#984 = ORIENTED_EDGE ( 'NONE', *, *, #1189, .F. ) ;
#985 = AXIS2_PLACEMENT_3D ( 'NONE', #840, #264, #708 ) ;
#986 = VERTEX_POINT ( 'NONE', #780 ) ;
#987 = CARTESIAN_POINT ( 'NONE',  ( 11.62219041892914007, 64.97318897743072341, 5.269775699174514827 ) ) ;
#988 = AXIS2_PLACEMENT_3D ( 'NONE', #668, #1829, #1394 ) ;
#989 = VERTEX_POINT ( 'NONE', #959 ) ;
#990 = CARTESIAN_POINT ( 'NONE',  ( -9.757072385027223405, 57.10810657288141812, 8.500254896005596805 ) ) ;
#991 = CARTESIAN_POINT ( 'NONE',  ( 0.000000000000000000, 13.00000000000000178, -12.69999999999999929 ) ) ;
#992 = CARTESIAN_POINT ( 'NONE',  ( -10.99852262806237135, 65.00000000000000000, -6.349999999999999645 ) ) ;
#993 = DIRECTION ( 'NONE',  ( -0.000000000000000000, -1.000000000000000000, -0.000000000000000000 ) ) ;
#994 = ORIENTED_EDGE ( 'NONE', *, *, #1243, .T. ) ;
#995 = CARTESIAN_POINT ( 'NONE',  ( -7.930588744466492201, 5.788924034841647526, -11.66381736065015140 ) ) ;
#996 = CARTESIAN_POINT ( 'NONE',  ( 7.332348418708245497, 70.00000000000000000, 12.69999999999999929 ) ) ;
#997 = ORIENTED_EDGE ( 'NONE', *, *, #316, .F. ) ;
#998 = FACE_OUTER_BOUND ( 'NONE', #1689, .T. ) ;
#999 = CARTESIAN_POINT ( 'NONE',  ( 10.99852262806237135, 13.00000000000000178, -6.349999999999999645 ) ) ;
#1000 = CARTESIAN_POINT ( 'NONE',  ( 0.000000000000000000, 0.5000000000000125455, 0.000000000000000000 ) ) ;
#1001 = CARTESIAN_POINT ( 'NONE',  ( 0.000000000000000000, 65.00000000000000000, 0.000000000000000000 ) ) ;
#1002 = ORIENTED_EDGE ( 'NONE', *, *, #883, .F. ) ;
#1003 = PLANE ( 'NONE',  #545 ) ;
#1004 = CARTESIAN_POINT ( 'NONE',  ( -6.139801352388166045, 12.20994043692219400, 12.70000000000000284 ) ) ;
#1005 = ORIENTED_EDGE ( 'NONE', *, *, #1588, .F. ) ;
#1006 = DIRECTION ( 'NONE',  ( 0.000000000000000000, 0.000000000000000000, -1.000000000000000000 ) ) ;
#1007 = EDGE_CURVE ( 'NONE', #1884, #1176, #176, .T. ) ;
#1008 = DIRECTION ( 'NONE',  ( 0.000000000000000000, 1.000000000000000000, 0.000000000000000000 ) ) ;
#1009 = CARTESIAN_POINT ( 'NONE',  ( 0.000000000000000000, 57.00000000000000000, 0.000000000000000000 ) ) ;
#1010 = CC_DESIGN_PERSON_AND_ORGANIZATION_ASSIGNMENT ( #1181, #492, ( #194 ) ) ;
#1011 = CARTESIAN_POINT ( 'NONE',  ( 7.332348418708249049, 58.13431824795841152, -12.69999999999999929 ) ) ;
#1012 = CARTESIAN_POINT ( 'NONE',  ( 10.99852262806237135, 65.00000000000000000, 6.350000000000001421 ) ) ;
#1013 = CARTESIAN_POINT ( 'NONE',  ( 7.332348418708249049, 11.86568175204159559, 12.69999999999999929 ) ) ;
#1014 = CARTESIAN_POINT ( 'NONE',  ( -4.918399208581589299, 57.50131770004209386, 12.69999999999999574 ) ) ;
#1015 = ORIENTED_EDGE ( 'NONE', *, *, #5, .F. ) ;
#1016 = CARTESIAN_POINT ( 'NONE',  ( -11.62219041892914184, 12.97318897743073407, -5.269775699174512162 ) ) ;
#1017 = EDGE_LOOP ( 'NONE', ( #50, #293, #1351 ) ) ;
#1018 = LINE ( 'NONE', #1510, #1494 ) ;
#1019 = CONICAL_SURFACE ( 'NONE', #183, 12.69999999999999929, 1.047197551196603182 ) ;
#1020 = DATE_AND_TIME ( #296, #1521 ) ;
#1021 = AXIS2_PLACEMENT_3D ( 'NONE', #662, #962, #1114 ) ;
#1022 = FACE_OUTER_BOUND ( 'NONE', #188, .T. ) ;
#1023 = APPROVAL_DATE_TIME ( #717, #638 ) ;
#1024 = CARTESIAN_POINT ( 'NONE',  ( 0.000000000000000000, 57.00000000000000000, 12.69999999999999929 ) ) ;
#1025 = DIRECTION ( 'NONE',  ( 0.000000000000000000, 0.000000000000000000, -1.000000000000000000 ) ) ;
#1026 = AXIS2_PLACEMENT_3D ( 'NONE', #1293, #1886, #414 ) ;
#1027 = DIRECTION ( 'NONE',  ( -0.5000000000000001110, 0.000000000000000000, -0.8660254037844385966 ) ) ;
#1028 = ORIENTED_EDGE ( 'NONE', *, *, #106, .T. ) ;
#1029 = EDGE_CURVE ( 'NONE', #1248, #1483, #640, .T. ) ;
#1030 = ORIENTED_EDGE ( 'NONE', *, *, #628, .F. ) ;
#1031 = DIRECTION ( 'NONE',  ( -0.000000000000000000, -1.000000000000000000, -0.000000000000000000 ) ) ;
#1032 = ORIENTED_EDGE ( 'NONE', *, *, #119, .T. ) ;
#1033 = DIRECTION ( 'NONE',  ( -0.5000000000000001110, 0.000000000000000000, 0.8660254037844385966 ) ) ;
#1034 = DIRECTION ( 'NONE',  ( -0.000000000000000000, 1.000000000000000000, -0.000000000000000000 ) ) ;
#1035 = DIRECTION ( 'NONE',  ( -0.000000000000000000, -1.000000000000000000, -0.000000000000000000 ) ) ;
#1036 = B_SPLINE_CURVE_WITH_KNOTS ( 'NONE', 3,
 ( #1011, #866, #436, #1433, #1287, #1732 ),
 .UNSPECIFIED., .F., .F.,
 ( 4, 2, 4 ),
 ( 2.380729426810390454E-07, 0.003709805905022065583, 0.007419373737101450129 ),
 .UNSPECIFIED. ) ;
#1037 = EDGE_LOOP ( 'NONE', ( #600, #814, #140, #1174 ) ) ;
#1038 = ORIENTED_EDGE ( 'NONE', *, *, #333, .F. ) ;
#1039 = CARTESIAN_POINT ( 'NONE',  ( -7.332348418708231286, 6.134318247958397308, -12.69999999999999396 ) ) ;
#1040 = CC_DESIGN_APPROVAL ( #1682, ( #933 ) ) ;
#1041 = DIRECTION ( 'NONE',  ( 0.8660254037844385966, 0.000000000000000000, -0.5000000000000001110 ) ) ;
#1042 = DIRECTION ( 'NONE',  ( -0.000000000000000000, -1.000000000000000000, -0.000000000000000000 ) ) ;
#1043 = CARTESIAN_POINT ( 'NONE',  ( -10.99852262806237135, 13.00000000000000178, 6.350000000000001421 ) ) ;
#1044 = ORIENTED_EDGE ( 'NONE', *, *, #620, .F. ) ;
#1045 = ORIENTED_EDGE ( 'NONE', *, *, #947, .T. ) ;
#1046 = EDGE_LOOP ( 'NONE', ( #1197, #1564, #226, #561, #501, #1378 ) ) ;
#1047 = CARTESIAN_POINT ( 'NONE',  ( 10.99852262806237135, 5.000000000000000000, 6.350000000000001421 ) ) ;
#1048 = CIRCLE ( 'NONE', #1561, 12.69999999999999929 ) ;
#1049 = CIRCLE ( 'NONE', #585, 4.999999999999986677 ) ;
#1050 = CONICAL_SURFACE ( 'NONE', #502, 14.66469683741649455, 1.047197551196603182 ) ;
#1051 = CARTESIAN_POINT ( 'NONE',  ( 0.000000000000000000, 0.000000000000000000, 0.000000000000000000 ) ) ;
#1052 = ORIENTED_EDGE ( 'NONE', *, *, #1217, .F. ) ;
#1053 = EDGE_CURVE ( 'NONE', #1407, #1749, #758, .T. ) ;
#1054 = DIRECTION ( 'NONE',  ( 0.8660254037844385966, 0.000000000000000000, -0.5000000000000001110 ) ) ;
#1055 = CARTESIAN_POINT ( 'NONE',  ( 10.99852262806237135, 65.00000000000000000, -6.349999999999999645 ) ) ;
#1056 = AXIS2_PLACEMENT_3D ( 'NONE', #732, #586, #570 ) ;
#1057 = CARTESIAN_POINT ( 'NONE',  ( -12.54750232030948531, 64.79258835948517969, -3.667088473135592164 ) ) ;
#1058 = CARTESIAN_POINT ( 'NONE',  ( -7.332348418708249049, 58.13431824795841152, -12.69999999999999929 ) ) ;
#1059 = CARTESIAN_POINT ( 'NONE',  ( 3.108716113483807497, 64.79115373987835369, 12.69999999999999929 ) ) ;
#1060 = B_SPLINE_CURVE_WITH_KNOTS ( 'NONE', 3,
 ( #929, #182, #1339, #936, #1362, #1230, #793, #1077 ),
 .UNSPECIFIED., .F., .F.,
 ( 4, 2, 2, 4 ),
 ( 0.007419373737101449262, 0.009267222171865858657, 0.01111507060663026805, 0.01481076747615908337 ),
 .UNSPECIFIED. ) ;
#1061 = LINE ( 'NONE', #749, #115 ) ;
#1062 = ADVANCED_FACE ( 'NONE', ( #575 ), #1251, .T. ) ;
#1063 = CARTESIAN_POINT ( 'NONE',  ( 0.6198912292250993161, 13.00000000000000178, -12.70000000000000107 ) ) ;
#1064 = DIRECTION ( 'NONE',  ( -0.8660254037844385966, 0.000000000000000000, -0.5000000000000001110 ) ) ;
#1065 = ORIENTED_EDGE ( 'NONE', *, *, #1603, .T. ) ;
#1066 = CARTESIAN_POINT ( 'NONE',  ( 0.000000000000000000, 0.5000000000000125455, 0.000000000000000000 ) ) ;
#1067 = CARTESIAN_POINT ( 'NONE',  ( 0.000000000000000000, 0.000000000000000000, -0.000000000000000000 ) ) ;
#1068 = CARTESIAN_POINT ( 'NONE',  ( -14.66469683741649455, 63.86568175204160269, 2.602085213965210642E-15 ) ) ;
#1069 = PLANE ( 'NONE',  #721 ) ;
#1070 = ADVANCED_FACE ( 'NONE', ( #1607 ), #1283, .T. ) ;
#1071 = ORIENTED_EDGE ( 'NONE', *, *, #804, .T. ) ;
#1072 = ORIENTED_EDGE ( 'NONE', *, *, #508, .T. ) ;
#1073 = FACE_OUTER_BOUND ( 'NONE', #256, .T. ) ;
#1074 = CIRCLE ( 'NONE', #1625, 5.899999999999997691 ) ;
#1075 = LOCAL_TIME ( 13, 35, 50.00000000000000000, #1117 ) ;
#1076 = DIRECTION ( 'NONE',  ( 0.000000000000000000, -0.000000000000000000, -1.000000000000000000 ) ) ;
#1077 = CARTESIAN_POINT ( 'NONE',  ( 7.332348418708231286, 6.134318247958397308, 12.69999999999999396 ) ) ;
#1078 = CONICAL_SURFACE ( 'NONE', #1359, 14.66469683741649455, 1.047197551196605847 ) ;
#1079 = FACE_OUTER_BOUND ( 'NONE', #477, .T. ) ;
#1080 = LINE ( 'NONE', #1207, #177 ) ;
#1081 = CARTESIAN_POINT ( 'NONE',  ( 0.000000000000000000, 5.000000000000000000, 0.000000000000000000 ) ) ;
#1082 = AXIS2_PLACEMENT_3D ( 'NONE', #968, #1840, #813 ) ;
#1083 = DIRECTION ( 'NONE',  ( -0.000000000000000000, -1.000000000000000000, -0.000000000000000000 ) ) ;
#1084 = ADVANCED_FACE ( 'NONE', ( #1329 ), #1116, .T. ) ;
#1085 = DIRECTION ( 'NONE',  ( -0.000000000000000000, -1.000000000000000000, -0.000000000000000000 ) ) ;
#1086 = DIRECTION ( 'NONE',  ( -0.000000000000000000, -1.000000000000000000, -0.000000000000000000 ) ) ;
#1087 = DIRECTION ( 'NONE',  ( 0.000000000000000000, -0.000000000000000000, 1.000000000000000000 ) ) ;
#1088 = DIRECTION ( 'NONE',  ( -0.000000000000000000, 1.000000000000000000, -0.000000000000000000 ) ) ;
#1089 = APPROVAL_STATUS ( 'not_yet_approved' ) ;
#1090 = ADVANCED_FACE ( 'NONE', ( #1073, #1200 ), #1003, .T. ) ;
#1091 = AXIS2_PLACEMENT_3D ( 'NONE', #1911, #1333, #1782 ) ;
#1092 = CARTESIAN_POINT ( 'NONE',  ( -8.533820259622139304, 12.49620560318254725, 10.61898972767382610 ) ) ;
#1093 = AXIS2_PLACEMENT_3D ( 'NONE', #1000, #1008, #1417 ) ;
#1094 = LINE ( 'NONE', #439, #291 ) ;
#1095 = ORIENTED_EDGE ( 'NONE', *, *, #496, .T. ) ;
#1096 = DIRECTION ( 'NONE',  ( 0.000000000000000000, 0.000000000000000000, 1.000000000000000000 ) ) ;
#1097 = EDGE_LOOP ( 'NONE', ( #1052, #1812, #798, #1227 ) ) ;
#1098 = CARTESIAN_POINT ( 'NONE',  ( -8.536205198776894321, 5.502793467097834679, 10.61485889188483078 ) ) ;
#1099 = VERTEX_POINT ( 'NONE', #1842 ) ;
#1100 = CIRCLE ( 'NONE', #917, 12.69999999999999929 ) ;
#1101 = ADVANCED_FACE ( 'NONE', ( #1472 ), #922, .T. ) ;
#1102 = DIRECTION ( 'NONE',  ( -0.000000000000000000, -1.000000000000000000, -0.000000000000000000 ) ) ;
#1103 = CIRCLE ( 'NONE', #386, 12.69999999999999929 ) ;
#1104 = DIRECTION ( 'NONE',  ( -0.000000000000000000, -1.000000000000000000, -0.000000000000000000 ) ) ;
#1105 = ORIENTED_EDGE ( 'NONE', *, *, #265, .T. ) ;
#1106 = ORIENTED_EDGE ( 'NONE', *, *, #720, .T. ) ;
#1107 = APPLICATION_CONTEXT ( 'configuration controlled 3d designs of mechanical parts and assemblies' ) ;
#1108 = CARTESIAN_POINT ( 'NONE',  ( 7.930588744466493978, 12.21107596515834715, -11.66381736065015495 ) ) ;
#1109 = EDGE_CURVE ( 'NONE', #1099, #1468, #175, .T. ) ;
#1110 = CARTESIAN_POINT ( 'NONE',  ( -7.932086456834412047, 5.788059330202723451, 11.66122324673379929 ) ) ;
#1111 = AXIS2_PLACEMENT_3D ( 'NONE', #233, #1831, #512 ) ;
#1112 = CARTESIAN_POINT ( 'NONE',  ( 8.533820259622141080, 57.50379439681745453, 10.61898972767382254 ) ) ;
#1113 = ORIENTED_EDGE ( 'NONE', *, *, #740, .F. ) ;
#1114 = DIRECTION ( 'NONE',  ( 0.000000000000000000, 0.000000000000000000, -1.000000000000000000 ) ) ;
#1115 = ORIENTED_EDGE ( 'NONE', *, *, #499, .T. ) ;
#1116 = CONICAL_SURFACE ( 'NONE', #327, 12.69999999999999929, 1.047197551196603404 ) ;
#1117 = COORDINATED_UNIVERSAL_TIME_OFFSET ( 0, 0, .AHEAD. ) ;
#1118 = CARTESIAN_POINT ( 'NONE',  ( 11.62219041892914184, 57.02681102256927659, -5.269775699174512162 ) ) ;
#1119 = CARTESIAN_POINT ( 'NONE',  ( 0.000000000000000000, 5.000000000000000000, 0.000000000000000000 ) ) ;
#1120 = LINE ( 'NONE', #641, #1263 ) ;
#1121 = VECTOR ( 'NONE', #1771, 1000.000000000000000 ) ;
#1122 = CARTESIAN_POINT ( 'NONE',  ( 0.000000000000000000, 55.45922544287519429, 4.999999999999986677 ) ) ;
#1123 = ORIENTED_EDGE ( 'NONE', *, *, #887, .F. ) ;
#1124 = CARTESIAN_POINT ( 'NONE',  ( 12.54750232030948887, 12.79258835948516193, 3.667088473135591720 ) ) ;
#1125 = CARTESIAN_POINT ( 'NONE',  ( 1.285879139104720831E-15, 65.00000000000000000, 10.49999999999999822 ) ) ;
#1126 = AXIS2_PLACEMENT_3D ( 'NONE', #195, #1805, #1670 ) ;
#1127 = CARTESIAN_POINT ( 'NONE',  ( 0.000000000000000000, 5.000000000000000000, 0.000000000000000000 ) ) ;
#1128 = CARTESIAN_POINT ( 'NONE',  ( 10.37485483719560264, 57.02681102256927659, 7.430224300825487127 ) ) ;
#1129 = AXIS2_PLACEMENT_3D ( 'NONE', #843, #1435, #1863 ) ;
#1130 = EDGE_LOOP ( 'NONE', ( #1234, #939, #159 ) ) ;
#1131 = ORIENTED_EDGE ( 'NONE', *, *, #1246, .F. ) ;
#1132 = CARTESIAN_POINT ( 'NONE',  ( -7.332348418708246385, 70.00000000000000000, -12.69999999999999929 ) ) ;
#1133 = EDGE_CURVE ( 'NONE', #747, #663, #146, .T. ) ;
#1134 = CARTESIAN_POINT ( 'NONE',  ( 14.66469683741649632, 63.86568175204160269, -8.673617379884035472E-16 ) ) ;
#1135 = ORIENTED_EDGE ( 'NONE', *, *, #567, .T. ) ;
#1136 = AXIS2_PLACEMENT_3D ( 'NONE', #1895, #1035, #129 ) ;
#1137 = VECTOR ( 'NONE', #1410, 1000.000000000000000 ) ;
#1138 = CALENDAR_DATE ( 2021, 6, 12 ) ;
#1139 = CARTESIAN_POINT ( 'NONE',  ( 0.000000000000000000, 5.000000000000000000, 12.69999999999999929 ) ) ;
#1140 = CARTESIAN_POINT ( 'NONE',  ( 0.000000000000000000, 63.86568175204160269, 0.000000000000000000 ) ) ;
#1141 = CARTESIAN_POINT ( 'NONE',  ( 0.000000000000000000, 69.50000000000000000, 0.000000000000000000 ) ) ;
#1142 = CARTESIAN_POINT ( 'NONE',  ( -7.332348418708249049, 11.86568175204159559, -12.69999999999999929 ) ) ;
#1143 = ORIENTED_EDGE ( 'NONE', *, *, #526, .T. ) ;
#1144 = AXIS2_PLACEMENT_3D ( 'NONE', #1009, #1278, #870 ) ;
#1145 = EDGE_CURVE ( 'NONE', #712, #95, #942, .T. ) ;
#1146 = LINE ( 'NONE', #1152, #746 ) ;
#1147 = CARTESIAN_POINT ( 'NONE',  ( -6.139801352388168709, 5.790059563077810445, 12.70000000000000107 ) ) ;
#1148 = VERTEX_POINT ( 'NONE', #1279 ) ;
#1149 = ORIENTED_EDGE ( 'NONE', *, *, #119, .F. ) ;
#1150 = AXIS2_PLACEMENT_3D ( 'NONE', #133, #888, #467 ) ;
#1151 = VERTEX_POINT ( 'NONE', #1426 ) ;
#1152 = CARTESIAN_POINT ( 'NONE',  ( 0.000000000000000000, 0.000000000000000000, -4.999999999999986677 ) ) ;
#1153 = CARTESIAN_POINT ( 'NONE',  ( 0.000000000000000000, 13.99999999999999822, -5.899999999999997691 ) ) ;
#1154 = CARTESIAN_POINT ( 'NONE',  ( -8.533820259622139304, 5.503794396817453638, -10.61898972767382254 ) ) ;
#1155 = CARTESIAN_POINT ( 'NONE',  ( 0.000000000000000000, 63.86568175204160269, 0.000000000000000000 ) ) ;
#1156 = ORIENTED_EDGE ( 'NONE', *, *, #245, .T. ) ;
#1157 = CIRCLE ( 'NONE', #523, 5.899999999999997691 ) ;
#1158 = FACE_OUTER_BOUND ( 'NONE', #1772, .T. ) ;
#1159 = CARTESIAN_POINT ( 'NONE',  ( 12.24044355598168643, 64.86943327430280704, 4.198929853860658312 ) ) ;
#1160 = CARTESIAN_POINT ( 'NONE',  ( 11.62219041892914007, 5.026811022569267706, -5.269775699174512162 ) ) ;
#1161 = DIRECTION ( 'NONE',  ( 0.000000000000000000, 0.000000000000000000, -1.000000000000000000 ) ) ;
#1162 = CARTESIAN_POINT ( 'NONE',  ( 1.285879139104718267E-15, 0.000000000000000000, 10.49999999999997868 ) ) ;
#1163 = ORIENTED_EDGE ( 'NONE', *, *, #366, .F. ) ;
#1164 = CARTESIAN_POINT ( 'NONE',  ( 0.000000000000000000, 69.50000000000000000, 0.000000000000000000 ) ) ;
#1165 = AXIS2_PLACEMENT_3D ( 'NONE', #1908, #1755, #882 ) ;
#1166 = VERTEX_POINT ( 'NONE', #1047 ) ;
#1167 = CARTESIAN_POINT ( 'NONE',  ( -10.99852262806236958, 57.00000000000000000, -6.349999999999998757 ) ) ;
#1168 = ORIENTED_EDGE ( 'NONE', *, *, #1007, .F. ) ;
#1169 = CARTESIAN_POINT ( 'NONE',  ( -6.139801352388174038, 64.20994043692218156, -12.70000000000000107 ) ) ;
#1170 = DIRECTION ( 'NONE',  ( -0.000000000000000000, -1.000000000000000000, -0.000000000000000000 ) ) ;
#1171 = CARTESIAN_POINT ( 'NONE',  ( 1.285879139104720831E-15, 69.50000000000000000, 10.50000000000000000 ) ) ;
#1172 = CARTESIAN_POINT ( 'NONE',  ( 14.66469683741649632, 11.86568175204159559, -8.673617379884035472E-16 ) ) ;
#1173 = ADVANCED_FACE ( 'NONE', ( #998 ), #105, .T. ) ;
#1174 = ORIENTED_EDGE ( 'NONE', *, *, #1797, .T. ) ;
#1175 = B_SPLINE_CURVE_WITH_KNOTS ( 'NONE', 3,
 ( #442, #787, #361, #1345, #18, #1654, #339, #643 ),
 .UNSPECIFIED., .F., .F.,
 ( 4, 2, 2, 4 ),
 ( 0.007419373737101446660, 0.009267222171865855188, 0.01111507060663026285, 0.01481076747615908337 ),
 .UNSPECIFIED. ) ;
#1176 = VERTEX_POINT ( 'NONE', #1454 ) ;
#1177 = ORIENTED_EDGE ( 'NONE', *, *, #1215, .F. ) ;
#1178 = AXIS2_PLACEMENT_3D ( 'NONE', #1651, #760, #460 ) ;
#1179 = VECTOR ( 'NONE', #1385, 999.9999999999998863 ) ;
#1180 = EDGE_CURVE ( 'NONE', #493, #930, #153, .T. ) ;
#1181 = PERSON_AND_ORGANIZATION ( #829, #677 ) ;
#1182 = DIRECTION ( 'NONE',  ( 0.000000000000000000, 0.000000000000000000, -1.000000000000000000 ) ) ;
#1183 = AXIS2_PLACEMENT_3D ( 'NONE', #1609, #419, #731 ) ;
#1184 = CARTESIAN_POINT ( 'NONE',  ( 10.68738671117353078, 65.00000000000002842, -6.888903216110994876 ) ) ;
#1185 = CARTESIAN_POINT ( 'NONE',  ( -14.06645651165824695, 57.78892403484165641, 1.036182639349846113 ) ) ;
#1186 = ORIENTED_EDGE ( 'NONE', *, *, #17, .F. ) ;
#1187 = CARTESIAN_POINT ( 'NONE',  ( -4.918399208581592852, 57.50131770004210807, -12.70000000000000107 ) ) ;
#1188 = CARTESIAN_POINT ( 'NONE',  ( -14.66469683741649455, 11.86568175204159559, 2.602085213965210642E-15 ) ) ;
#1189 = EDGE_CURVE ( 'NONE', #602, #1289, #1157, .T. ) ;
#1190 = CARTESIAN_POINT ( 'NONE',  ( 7.332348418708245497, 70.00000000000000000, 12.69999999999999929 ) ) ;
#1191 = CARTESIAN_POINT ( 'NONE',  ( 0.000000000000000000, 5.000000000000000000, 0.000000000000000000 ) ) ;
#1192 = ORIENTED_EDGE ( 'NONE', *, *, #548, .T. ) ;
#1193 = CARTESIAN_POINT ( 'NONE',  ( 10.99852262806237135, 13.00000000000000178, 6.350000000000001421 ) ) ;
#1194 = CARTESIAN_POINT ( 'NONE',  ( 2.489441614469942277, 12.86896295390458889, -12.70000000000000107 ) ) ;
#1195 = CARTESIAN_POINT ( 'NONE',  ( 10.99852262806237135, 5.000000000000000000, 6.350000000000001421 ) ) ;
#1196 = CARTESIAN_POINT ( 'NONE',  ( 7.332348418708249049, 63.86568175204160269, 12.69999999999999929 ) ) ;
#1197 = ORIENTED_EDGE ( 'NONE', *, *, #44, .T. ) ;
#1198 = VERTEX_POINT ( 'NONE', #284 ) ;
#1199 = CARTESIAN_POINT ( 'NONE',  ( 7.225416114969382221E-16, 0.000000000000000000, 5.899999999999997691 ) ) ;
#1200 = FACE_BOUND ( 'NONE', #1892, .T. ) ;
#1201 = CIRCLE ( 'NONE', #1150, 12.69999999999999929 ) ;
#1202 = CARTESIAN_POINT ( 'NONE',  ( 0.000000000000000000, 11.86568175204159559, 0.000000000000000000 ) ) ;
#1203 = CONICAL_SURFACE ( 'NONE', #1543, 14.66469683741649455, 1.047197551196605847 ) ;
#1204 = COORDINATED_UNIVERSAL_TIME_OFFSET ( 0, 0, .AHEAD. ) ;
#1205 = PRODUCT_DEFINITION ( 'UNKNOWN', '', #194, #958 ) ;
#1206 = VERTEX_POINT ( 'NONE', #1323 ) ;
#1207 = CARTESIAN_POINT ( 'NONE',  ( -14.66469683741649277, 70.00000000000000000, 0.000000000000000000 ) ) ;
#1208 = B_SPLINE_CURVE_WITH_KNOTS ( 'NONE', 3,
 ( #683, #1846, #538, #43, #980, #1701 ),
 .UNSPECIFIED., .F., .F.,
 ( 4, 2, 4 ),
 ( 2.380729426769780783E-07, 0.003709805905022062113, 0.007419373737101446660 ),
 .UNSPECIFIED. ) ;
#1209 = CARTESIAN_POINT ( 'NONE',  ( -7.332348418708245497, 70.00000000000000000, 12.69999999999999929 ) ) ;
#1210 = CARTESIAN_POINT ( 'NONE',  ( -12.23997287109751042, 64.89189342711854636, 4.199745103994400708 ) ) ;
#1211 = EDGE_CURVE ( 'NONE', #393, #1872, #1540, .T. ) ;
#1212 = AXIS2_PLACEMENT_3D ( 'NONE', #654, #803, #1244 ) ;
#1213 = ORIENTED_EDGE ( 'NONE', *, *, #116, .F. ) ;
#1214 = CARTESIAN_POINT ( 'NONE',  ( 0.000000000000000000, 4.898587196589425401E-17, -5.899999999999998579 ) ) ;
#1215 = EDGE_CURVE ( 'NONE', #148, #1492, #303, .T. ) ;
#1216 = DIRECTION ( 'NONE',  ( 0.000000000000000000, 1.000000000000000000, 0.000000000000000000 ) ) ;
#1217 = EDGE_CURVE ( 'NONE', #1148, #1299, #605, .T. ) ;
#1218 = CARTESIAN_POINT ( 'NONE',  ( 0.000000000000000000, 57.00000000000000000, 0.000000000000000000 ) ) ;
#1219 = FACE_OUTER_BOUND ( 'NONE', #1595, .T. ) ;
#1220 = CARTESIAN_POINT ( 'NONE',  ( -7.332348418708245497, 63.86568175204160269, 12.70000000000000284 ) ) ;
#1221 = ADVANCED_FACE ( 'NONE', ( #227, #109 ), #1069, .T. ) ;
#1222 = ORIENTED_EDGE ( 'NONE', *, *, #845, .T. ) ;
#1223 = CIRCLE ( 'NONE', #1, 12.69999999999999929 ) ;
#1224 = DATE_AND_TIME ( #1608, #85 ) ;
#1225 = PERSON_AND_ORGANIZATION_ROLE ( 'design_owner' ) ;
#1226 = DIRECTION ( 'NONE',  ( 0.000000000000000000, 0.000000000000000000, -1.000000000000000000 ) ) ;
#1227 = ORIENTED_EDGE ( 'NONE', *, *, #954, .F. ) ;
#1228 = AXIS2_PLACEMENT_3D ( 'NONE', #1066, #342, #1644 ) ;
#1229 = CARTESIAN_POINT ( 'NONE',  ( -10.99852262806237135, 65.00000000000000000, 6.350000000000001421 ) ) ;
#1230 = CARTESIAN_POINT ( 'NONE',  ( 8.533820259622139304, 5.503794396817454526, 10.61898972767382254 ) ) ;
#1231 = CARTESIAN_POINT ( 'NONE',  ( 0.000000000000000000, 69.50000000000000000, 0.000000000000000000 ) ) ;
#1232 = CARTESIAN_POINT ( 'NONE',  ( -11.62313001846369431, 4.999999999999992006, -5.268148265041899592 ) ) ;
#1233 = ORIENTED_EDGE ( 'NONE', *, *, #804, .F. ) ;
#1234 = ORIENTED_EDGE ( 'NONE', *, *, #1109, .T. ) ;
#1235 = CARTESIAN_POINT ( 'NONE',  ( 0.000000000000000000, 13.00000000000000178, 0.000000000000000000 ) ) ;
#1236 = EDGE_LOOP ( 'NONE', ( #1005, #1580, #321, #156 ) ) ;
#1237 = B_SPLINE_CURVE_WITH_KNOTS ( 'NONE', 3,
 ( #1680, #644, #794, #1624, #345, #912 ),
 .UNSPECIFIED., .F., .F.,
 ( 4, 2, 4 ),
 ( 2.380729426789293510E-07, 0.003709805905022062981, 0.007419373737101447527 ),
 .UNSPECIFIED. ) ;
#1238 = CARTESIAN_POINT ( 'NONE',  ( -7.930588744466495754, 64.21107596515834359, 11.66381736065015851 ) ) ;
#1239 = CARTESIAN_POINT ( 'NONE',  ( 1.285879139104720831E-15, 69.50000000000000000, 10.50000000000000000 ) ) ;
#1240 = VERTEX_POINT ( 'NONE', #1799 ) ;
#1241 = DIRECTION ( 'NONE',  ( -0.000000000000000000, -1.000000000000000000, -0.000000000000000000 ) ) ;
#1242 = AXIS2_PLACEMENT_3D ( 'NONE', #1155, #1422, #1718 ) ;
#1243 = EDGE_CURVE ( 'NONE', #1240, #377, #1581, .T. ) ;
#1244 = DIRECTION ( 'NONE',  ( 0.000000000000000000, 0.000000000000000000, -1.000000000000000000 ) ) ;
#1245 = ADVANCED_FACE ( 'NONE', ( #756 ), #1371, .T. ) ;
#1246 = EDGE_CURVE ( 'NONE', #1554, #393, #976, .T. ) ;
#1247 = DIRECTION ( 'NONE',  ( 0.4999999999999999445, 0.000000000000000000, 0.8660254037844385966 ) ) ;
#1248 = VERTEX_POINT ( 'NONE', #1346 ) ;
#1249 = VECTOR ( 'NONE', #1709, 1000.000000000000000 ) ;
#1250 = FACE_OUTER_BOUND ( 'NONE', #504, .T. ) ;
#1251 = CYLINDRICAL_SURFACE ( 'NONE', #244, 10.49999999999997868 ) ;
#1252 = CARTESIAN_POINT ( 'NONE',  ( -10.99852262806237135, 5.000000000000000000, 6.350000000000001421 ) ) ;
#1253 = ADVANCED_FACE ( 'NONE', ( #124 ), #6, .F. ) ;
#1254 = ORIENTED_EDGE ( 'NONE', *, *, #310, .F. ) ;
#1255 = DIRECTION ( 'NONE',  ( -0.000000000000000000, 1.000000000000000000, -0.000000000000000000 ) ) ;
#1256 = PRODUCT_DEFINITION_SHAPE ( 'NONE', 'NONE',  #1205 ) ;
#1257 = ORIENTED_EDGE ( 'NONE', *, *, #1874, .F. ) ;
#1258 = CARTESIAN_POINT ( 'NONE',  ( 0.000000000000000000, 56.00000000000000711, 0.000000000000000000 ) ) ;
#1259 = AXIS2_PLACEMENT_3D ( 'NONE', #454, #925, #1500 ) ;
#1260 = DIRECTION ( 'NONE',  ( 0.000000000000000000, 0.000000000000000000, -1.000000000000000000 ) ) ;
#1261 = FACE_OUTER_BOUND ( 'NONE', #79, .T. ) ;
#1262 = CARTESIAN_POINT ( 'NONE',  ( 14.66469683741649632, 11.86568175204159559, -8.673617379884035472E-16 ) ) ;
#1263 = VECTOR ( 'NONE', #1085, 1000.000000000000000 ) ;
#1264 = PERSON_AND_ORGANIZATION ( #829, #677 ) ;
#1265 = CARTESIAN_POINT ( 'NONE',  ( 9.449542935815257394, 12.79258835948516015, -9.032911526864406682 ) ) ;
#1266 = DIRECTION ( 'NONE',  ( -0.000000000000000000, -1.000000000000000000, -0.000000000000000000 ) ) ;
#1267 = ORIENTED_EDGE ( 'NONE', *, *, #83, .F. ) ;
#1268 = CARTESIAN_POINT ( 'NONE',  ( 4.945596983098868193, 57.50703659608401352, 12.70000000000000107 ) ) ;
#1269 = AXIS2_PLACEMENT_3D ( 'NONE', #1523, #51, #368 ) ;
#1270 = PLANE ( 'NONE',  #92 ) ;
#1271 = EDGE_CURVE ( 'NONE', #1318, #1551, #713, .T. ) ;
#1272 = ORIENTED_EDGE ( 'NONE', *, *, #120, .T. ) ;
#1273 = ORIENTED_EDGE ( 'NONE', *, *, #360, .F. ) ;
#1274 = DIRECTION ( 'NONE',  ( 0.4999999999999999445, 0.000000000000000000, -0.8660254037844385966 ) ) ;
#1275 = CARTESIAN_POINT ( 'NONE',  ( -14.66469683741649277, 70.00000000000000000, 0.000000000000000000 ) ) ;
#1276 = CARTESIAN_POINT ( 'NONE',  ( 7.225416114969384193E-16, 4.898587196589425401E-17, 5.899999999999999467 ) ) ;
#1277 = B_SPLINE_CURVE_WITH_KNOTS ( 'NONE', 3,
 ( #1721, #1004, #707, #1427, #1855, #1434 ),
 .UNSPECIFIED., .F., .F.,
 ( 4, 2, 4 ),
 ( 0.01308187316229594138, 0.01679073646925051747, 0.02049959977620509355 ),
 .UNSPECIFIED. ) ;
#1278 = DIRECTION ( 'NONE',  ( -0.000000000000000000, -1.000000000000000000, -0.000000000000000000 ) ) ;
#1279 = CARTESIAN_POINT ( 'NONE',  ( 1.285879139104720831E-15, 57.00000000000000000, 10.50000000000000000 ) ) ;
#1280 = EDGE_LOOP ( 'NONE', ( #994, #610 ) ) ;
#1281 = ORIENTED_EDGE ( 'NONE', *, *, #567, .F. ) ;
#1282 = ORIENTED_EDGE ( 'NONE', *, *, #1901, .T. ) ;
#1283 = CONICAL_SURFACE ( 'NONE', #1696, 12.69999999999999929, 1.047197551196603404 ) ;
#1284 = CIRCLE ( 'NONE', #880, 12.69999999999999929 ) ;
#1285 = CARTESIAN_POINT ( 'NONE',  ( 0.6198912292250986500, 13.00000000000000000, 12.69999999999999929 ) ) ;
#1286 = DIRECTION ( 'NONE',  ( -0.000000000000000000, -1.000000000000000000, -0.000000000000000000 ) ) ;
#1287 = CARTESIAN_POINT ( 'NONE',  ( 10.37391523766105017, 56.99999999999999289, -7.431851734958100586 ) ) ;
#1288 = DIRECTION ( 'NONE',  ( 0.000000000000000000, -0.5150380749100544886, -0.8571673007021121116 ) ) ;
#1289 = VERTEX_POINT ( 'NONE', #26 ) ;
#1290 = ORIENTED_EDGE ( 'NONE', *, *, #1820, .T. ) ;
#1291 = AXIS2_PLACEMENT_3D ( 'NONE', #1297, #1041, #1027 ) ;
#1292 = FACE_OUTER_BOUND ( 'NONE', #965, .T. ) ;
#1293 = CARTESIAN_POINT ( 'NONE',  ( 0.000000000000000000, 0.000000000000000000, 0.000000000000000000 ) ) ;
#1294 = EDGE_LOOP ( 'NONE', ( #1071, #1458, #350 ) ) ;
#1295 = CARTESIAN_POINT ( 'NONE',  ( 0.000000000000000000, 5.000000000000000000, 0.000000000000000000 ) ) ;
#1296 = DIRECTION ( 'NONE',  ( -0.000000000000000000, -1.000000000000000000, -0.000000000000000000 ) ) ;
#1297 = CARTESIAN_POINT ( 'NONE',  ( -7.332348418708245497, 70.00000000000000000, 12.69999999999999929 ) ) ;
#1298 = EDGE_CURVE ( 'NONE', #602, #520, #507, .T. ) ;
#1299 = VERTEX_POINT ( 'NONE', #178 ) ;
#1300 = AXIS2_PLACEMENT_3D ( 'NONE', #1418, #544, #1686 ) ;
#1301 = CARTESIAN_POINT ( 'NONE',  ( -14.66469683741649455, 11.86568175204159559, 2.602085213965210642E-15 ) ) ;
#1302 = ORIENTED_EDGE ( 'NONE', *, *, #1133, .T. ) ;
#1303 = FACE_OUTER_BOUND ( 'NONE', #7, .T. ) ;
#1304 = FACE_OUTER_BOUND ( 'NONE', #338, .T. ) ;
#1305 = EDGE_CURVE ( 'NONE', #520, #989, #854, .T. ) ;
#1306 = DIRECTION ( 'NONE',  ( -0.000000000000000000, -1.000000000000000000, -0.000000000000000000 ) ) ;
#1307 = VECTOR ( 'NONE', #1481, 1000.000000000000000 ) ;
#1308 = CIRCLE ( 'NONE', #434, 12.69999999999999929 ) ;
#1309 = DIRECTION ( 'NONE',  ( -0.000000000000000000, -1.000000000000000000, -0.000000000000000000 ) ) ;
#1310 = EDGE_CURVE ( 'NONE', #1791, #1853, #955, .T. ) ;
#1311 = CARTESIAN_POINT ( 'NONE',  ( 0.000000000000000000, 55.45922544287519429, 0.000000000000000000 ) ) ;
#1312 = ORIENTED_EDGE ( 'NONE', *, *, #580, .T. ) ;
#1313 = CARTESIAN_POINT ( 'NONE',  ( 0.000000000000000000, 57.00000000000000000, 0.000000000000000000 ) ) ;
#1314 = CARTESIAN_POINT ( 'NONE',  ( -12.24044355598168465, 57.13056672569721428, 4.198929853860660089 ) ) ;
#1315 = EDGE_CURVE ( 'NONE', #709, #602, #1018, .T. ) ;
#1316 = CARTESIAN_POINT ( 'NONE',  ( -6.139801352388152722, 5.790059563077806892, -12.69999999999999929 ) ) ;
#1317 = AXIS2_PLACEMENT_3D ( 'NONE', #87, #401, #805 ) ;
#1318 = VERTEX_POINT ( 'NONE', #656 ) ;
#1319 = CARTESIAN_POINT ( 'NONE',  ( 0.000000000000000000, 0.000000000000000000, 9.999999999999960920 ) ) ;
#1320 = CARTESIAN_POINT ( 'NONE',  ( -6.139801352388166045, 57.79005956307781133, 12.70000000000000107 ) ) ;
#1321 = CARTESIAN_POINT ( 'NONE',  ( 8.536205198776888992, 12.49720653290216532, 10.61485889188483789 ) ) ;
#1322 = DIRECTION ( 'NONE',  ( 0.000000000000000000, 1.000000000000000000, 0.000000000000000000 ) ) ;
#1323 = CARTESIAN_POINT ( 'NONE',  ( -10.99852262806237135, 13.00000000000000178, 6.350000000000001421 ) ) ;
#1324 = CARTESIAN_POINT ( 'NONE',  ( -14.66469683741649455, 11.86568175204159559, 2.602085213965210642E-15 ) ) ;
#1325 = EDGE_LOOP ( 'NONE', ( #1326, #1143, #608, #824, #1600, #186 ) ) ;
#1326 = ORIENTED_EDGE ( 'NONE', *, *, #1635, .F. ) ;
#1327 = ORIENTED_EDGE ( 'NONE', *, *, #525, .T. ) ;
#1328 = AXIS2_PLACEMENT_3D ( 'NONE', #1311, #1893, #885 ) ;
#1329 = FACE_OUTER_BOUND ( 'NONE', #941, .T. ) ;
#1330 = EDGE_CURVE ( 'NONE', #623, #518, #1237, .T. ) ;
#1331 = CARTESIAN_POINT ( 'NONE',  ( 6.146748557700866478, 12.20793495149348828, -12.70000000000000284 ) ) ;
#1332 = CARTESIAN_POINT ( 'NONE',  ( -14.66469683741649455, 63.86568175204160269, 2.602085213965210642E-15 ) ) ;
#1333 = DIRECTION ( 'NONE',  ( 0.000000000000000000, -1.000000000000000000, 0.000000000000000000 ) ) ;
#1334 = CARTESIAN_POINT ( 'NONE',  ( 0.000000000000000000, 5.000000000000004441, -12.69999999999999929 ) ) ;
#1335 = CARTESIAN_POINT ( 'NONE',  ( 1.241768048510596634, 12.97365659377145697, -12.70000000000000284 ) ) ;
#1336 = CARTESIAN_POINT ( 'NONE',  ( -10.99852262806237135, 65.00000000000000000, 6.350000000000001421 ) ) ;
#1337 = DIRECTION ( 'NONE',  ( 0.000000000000000000, 0.000000000000000000, -1.000000000000000000 ) ) ;
#1338 = DIRECTION ( 'NONE',  ( -0.5000000000000001110, 0.000000000000000000, -0.8660254037844385966 ) ) ;
#1339 = CARTESIAN_POINT ( 'NONE',  ( 10.37485483719559909, 5.026811022569265930, 7.430224300825487127 ) ) ;
#1340 = DIRECTION ( 'NONE',  ( 0.000000000000000000, 0.000000000000000000, -1.000000000000000000 ) ) ;
#1341 = CARTESIAN_POINT ( 'NONE',  ( 0.000000000000000000, 11.86568175204159559, 0.000000000000000000 ) ) ;
#1342 = DIRECTION ( 'NONE',  ( 0.000000000000000000, 0.000000000000000000, -1.000000000000000000 ) ) ;
#1343 = ADVANCED_FACE ( 'NONE', ( #624 ), #250, .T. ) ;
#1344 = ORIENTED_EDGE ( 'NONE', *, *, #1847, .F. ) ;
#1345 = CARTESIAN_POINT ( 'NONE',  ( -12.24044355598167755, 5.130566725697212505, 4.198929853860655648 ) ) ;
#1346 = CARTESIAN_POINT ( 'NONE',  ( 7.332348418708231286, 6.134318247958397308, -12.69999999999999396 ) ) ;
#1347 = FACE_OUTER_BOUND ( 'NONE', #1097, .T. ) ;
#1348 = CONICAL_SURFACE ( 'NONE', #1533, 10.50000000000000000, 0.7853981633974536081 ) ;
#1349 = CIRCLE ( 'NONE', #446, 10.49999999999999822 ) ;
#1350 = CARTESIAN_POINT ( 'NONE',  ( -14.66469683741648034, 13.00000000000000178, 0.000000000000000000 ) ) ;
#1351 = ORIENTED_EDGE ( 'NONE', *, *, #44, .F. ) ;
#1352 = CARTESIAN_POINT ( 'NONE',  ( 14.06495879929032000, 5.788059330202723451, 1.038776753266200448 ) ) ;
#1353 = ADVANCED_FACE ( 'NONE', ( #852 ), #1873, .T. ) ;
#1354 = B_SPLINE_CURVE_WITH_KNOTS ( 'NONE', 3,
 ( #1039, #1316, #1466, #447, #1631, #1334 ),
 .UNSPECIFIED., .F., .F.,
 ( 4, 2, 4 ),
 ( 0.01308187316229595699, 0.01679073646925052440, 0.02049959977620509355 ),
 .UNSPECIFIED. ) ;
#1355 = ORIENTED_EDGE ( 'NONE', *, *, #1180, .T. ) ;
#1356 = DIRECTION ( 'NONE',  ( -0.000000000000000000, -1.000000000000000000, -0.000000000000000000 ) ) ;
#1357 = ORIENTED_EDGE ( 'NONE', *, *, #863, .F. ) ;
#1358 = CARTESIAN_POINT ( 'NONE',  ( -14.06495879929032355, 5.788059330202723451, -1.038776753266200004 ) ) ;
#1359 = AXIS2_PLACEMENT_3D ( 'NONE', #695, #397, #1006 ) ;
#1360 = EDGE_CURVE ( 'NONE', #1614, #1248, #1486, .T. ) ;
#1361 = ADVANCED_FACE ( 'NONE', ( #407 ), #896, .T. ) ;
#1362 = CARTESIAN_POINT ( 'NONE',  ( 9.449542935815253841, 5.207411640514841622, 9.032911526864406682 ) ) ;
#1363 = AXIS2_PLACEMENT_3D ( 'NONE', #242, #562, #1274 ) ;
#1364 = DIRECTION ( 'NONE',  ( 0.000000000000000000, 0.000000000000000000, 1.000000000000000000 ) ) ;
#1365 = CARTESIAN_POINT ( 'NONE',  ( -10.99852262806237135, 5.000000000000000000, -6.349999999999999645 ) ) ;
#1366 = FACE_OUTER_BOUND ( 'NONE', #836, .T. ) ;
#1367 = CARTESIAN_POINT ( 'NONE',  ( 0.000000000000000000, 13.99999999999999822, 0.000000000000000000 ) ) ;
#1368 = VERTEX_POINT ( 'NONE', #1549 ) ;
#1369 = DIRECTION ( 'NONE',  ( 0.000000000000000000, 0.000000000000000000, -1.000000000000000000 ) ) ;
#1370 = ORIENTED_EDGE ( 'NONE', *, *, #1402, .T. ) ;
#1371 = CONICAL_SURFACE ( 'NONE', #1891, 12.69999999999999929, 1.047197551196603404 ) ;
#1372 = FACE_OUTER_BOUND ( 'NONE', #1325, .T. ) ;
#1373 = CARTESIAN_POINT ( 'NONE',  ( 3.108716113483809718, 64.79115373987835369, -12.69999999999999751 ) ) ;
#1374 = CARTESIAN_POINT ( 'NONE',  ( -10.37391523766105017, 4.999999999999992006, 7.431851734958100586 ) ) ;
#1375 = ADVANCED_FACE ( 'NONE', ( #573 ), #1391, .F. ) ;
#1376 = CARTESIAN_POINT ( 'NONE',  ( 0.000000000000000000, 57.00000000000000000, -12.69999999999999929 ) ) ;
#1377 = CARTESIAN_POINT ( 'NONE',  ( -9.756601700143052724, 64.86943327430279282, 8.501070146139340977 ) ) ;
#1378 = ORIENTED_EDGE ( 'NONE', *, *, #403, .T. ) ;
#1379 = CARTESIAN_POINT ( 'NONE',  ( 0.000000000000000000, 0.000000000000000000, 0.000000000000000000 ) ) ;
#1380 = VERTEX_POINT ( 'NONE', #819 ) ;
#1381 = VECTOR ( 'NONE', #1409, 1000.000000000000000 ) ;
#1382 = CARTESIAN_POINT ( 'NONE',  ( -7.332348418708246385, 70.00000000000000000, -12.69999999999999929 ) ) ;
#1383 = MANIFOLD_SOLID_BREP ( 'Cut-Revolve2', #972 ) ;
#1384 = ORIENTED_EDGE ( 'NONE', *, *, #1505, .T. ) ;
#1385 = DIRECTION ( 'NONE',  ( 0.000000000000000000, -0.7071067811865439090, -0.7071067811865512365 ) ) ;
#1386 = ADVANCED_FACE ( 'NONE', ( #808 ), #8, .T. ) ;
#1387 = EDGE_LOOP ( 'NONE', ( #311, #890, #173, #1273 ) ) ;
#1388 = DIRECTION ( 'NONE',  ( 0.000000000000000000, 0.000000000000000000, -1.000000000000000000 ) ) ;
#1389 = CC_DESIGN_DATE_AND_TIME_ASSIGNMENT ( #126, #1655, ( #1205 ) ) ;
#1390 = DIRECTION ( 'NONE',  ( -0.000000000000000000, -1.000000000000000000, -0.000000000000000000 ) ) ;
#1391 = PLANE ( 'NONE',  #1453 ) ;
#1392 = CARTESIAN_POINT ( 'NONE',  ( 7.225416114969381235E-16, 56.00000000000000711, -5.899999999999997691 ) ) ;
#1393 = CYLINDRICAL_SURFACE ( 'NONE', #582, 5.899999999999993250 ) ;
#1394 = DIRECTION ( 'NONE',  ( 0.000000000000000000, 0.000000000000000000, -1.000000000000000000 ) ) ;
#1395 = CARTESIAN_POINT ( 'NONE',  ( 13.46084005734785372, 64.49720653290219730, -2.085141108115160957 ) ) ;
#1396 = CARTESIAN_POINT ( 'NONE',  ( 0.000000000000000000, 5.000000000000004441, -12.69999999999999929 ) ) ;
#1397 = ORIENTED_EDGE ( 'NONE', *, *, #207, .T. ) ;
#1398 = CIRCLE ( 'NONE', #1111, 12.69999999999999929 ) ;
#1399 = LINE ( 'NONE', #1734, #1544 ) ;
#1400 = FACE_BOUND ( 'NONE', #1750, .T. ) ;
#1401 = PERSON_AND_ORGANIZATION ( #829, #677 ) ;
#1402 = EDGE_CURVE ( 'NONE', #58, #130, #1398, .T. ) ;
#1403 = CARTESIAN_POINT ( 'NONE',  ( 10.99852262806237135, 65.00000000000000000, -6.349999999999999645 ) ) ;
#1404 = ORIENTED_EDGE ( 'NONE', *, *, #1298, .F. ) ;
#1405 = AXIS2_PLACEMENT_3D ( 'NONE', #1442, #566, #1594 ) ;
#1406 = EDGE_LOOP ( 'NONE', ( #234, #1327, #698 ) ) ;
#1407 = VERTEX_POINT ( 'NONE', #1546 ) ;
#1408 = EDGE_CURVE ( 'NONE', #1148, #341, #650, .T. ) ;
#1409 = DIRECTION ( 'NONE',  ( -0.000000000000000000, -1.000000000000000000, -0.000000000000000000 ) ) ;
#1410 = DIRECTION ( 'NONE',  ( -0.000000000000000000, -1.000000000000000000, -0.000000000000000000 ) ) ;
#1411 = ORIENTED_EDGE ( 'NONE', *, *, #1053, .T. ) ;
#1412 = EDGE_LOOP ( 'NONE', ( #1605, #1828, #199, #476, #558, #1703 ) ) ;
#1413 = DIRECTION ( 'NONE',  ( -0.000000000000000000, -1.000000000000000000, -0.000000000000000000 ) ) ;
#1414 = CARTESIAN_POINT ( 'NONE',  ( -6.139801352388167821, 57.79005956307780423, -12.69999999999999929 ) ) ;
#1415 = CARTESIAN_POINT ( 'NONE',  ( -10.99852262806236958, 57.00000000000000000, -6.349999999999998757 ) ) ;
#1416 = CARTESIAN_POINT ( 'NONE',  ( 10.99852262806236958, 57.00000000000000000, -6.349999999999998757 ) ) ;
#1417 = DIRECTION ( 'NONE',  ( 0.000000000000000000, 0.000000000000000000, -1.000000000000000000 ) ) ;
#1418 = CARTESIAN_POINT ( 'NONE',  ( 0.000000000000000000, 5.000000000000000888, 0.000000000000000000 ) ) ;
#1419 = LINE ( 'NONE', #1275, #461 ) ;
#1420 = FACE_OUTER_BOUND ( 'NONE', #1037, .T. ) ;
#1421 = CARTESIAN_POINT ( 'NONE',  ( 14.66469683741649632, 63.86568175204160269, -8.673617379884035472E-16 ) ) ;
#1422 = DIRECTION ( 'NONE',  ( -0.000000000000000000, -1.000000000000000000, -0.000000000000000000 ) ) ;
#1423 = ORIENTED_EDGE ( 'NONE', *, *, #403, .F. ) ;
#1424 = AXIS2_PLACEMENT_3D ( 'NONE', #944, #1691, #235 ) ;
#1425 = EDGE_CURVE ( 'NONE', #989, #520, #1650, .T. ) ;
#1426 = CARTESIAN_POINT ( 'NONE',  ( -7.332348418708249049, 63.86568175204160269, -12.69999999999999929 ) ) ;
#1427 = CARTESIAN_POINT ( 'NONE',  ( -2.470065085984120667, 12.89349668531567694, 12.69999999999999574 ) ) ;
#1428 = AXIS2_PLACEMENT_3D ( 'NONE', #323, #151, #1760 ) ;
#1429 = ORIENTED_EDGE ( 'NONE', *, *, #167, .F. ) ;
#1430 = CARTESIAN_POINT ( 'NONE',  ( 3.108716113483811050, 12.79115373987835902, 12.69999999999999929 ) ) ;
#1431 = DIRECTION ( 'NONE',  ( -0.000000000000000000, -1.000000000000000000, -0.000000000000000000 ) ) ;
#1432 = ORIENTED_EDGE ( 'NONE', *, *, #784, .F. ) ;
#1433 = CARTESIAN_POINT ( 'NONE',  ( 9.757072385027230510, 57.10810657288141812, -8.500254896005596805 ) ) ;
#1434 = CARTESIAN_POINT ( 'NONE',  ( 0.000000000000000000, 12.99999999999999822, 12.69999999999999929 ) ) ;
#1435 = DIRECTION ( 'NONE',  ( 0.000000000000000000, 1.000000000000000000, 0.000000000000000000 ) ) ;
#1436 = DIRECTION ( 'NONE',  ( 0.000000000000000000, 0.000000000000000000, -1.000000000000000000 ) ) ;
#1437 = DIRECTION ( 'NONE',  ( 0.000000000000000000, 0.000000000000000000, -1.000000000000000000 ) ) ;
#1438 = ORIENTED_EDGE ( 'NONE', *, *, #224, .T. ) ;
#1439 = CARTESIAN_POINT ( 'NONE',  ( 14.06645651165825228, 64.21107596515835780, 1.036182639349842560 ) ) ;
#1440 = ORIENTED_EDGE ( 'NONE', *, *, #548, .F. ) ;
#1441 = FACE_BOUND ( 'NONE', #241, .T. ) ;
#1442 = CARTESIAN_POINT ( 'NONE',  ( 0.000000000000000000, 55.45922544287519429, 0.000000000000000000 ) ) ;
#1443 = CIRCLE ( 'NONE', #1509, 12.69999999999999929 ) ;
#1444 = CIRCLE ( 'NONE', #844, 12.69999999999999929 ) ;
#1445 = LINE ( 'NONE', #606, #1121 ) ;
#1446 = CIRCLE ( 'NONE', #1228, 10.49999999999997868 ) ;
#1447 = CARTESIAN_POINT ( 'NONE',  ( -1.239046297348692205, 13.00000000000000178, -12.69999999999999929 ) ) ;
#1448 = CARTESIAN_POINT ( 'NONE',  ( 14.66469683741649277, 70.00000000000000000, 0.000000000000000000 ) ) ;
#1449 = B_SPLINE_CURVE_WITH_KNOTS ( 'NONE', 3,
 ( #1848, #1548, #1685, #818, #1124, #981, #77, #1262 ),
 .UNSPECIFIED., .F., .F.,
 ( 4, 2, 2, 4 ),
 ( 0.007419373737101449262, 0.009267222171865858657, 0.01111507060663026805, 0.01481076747615908684 ),
 .UNSPECIFIED. ) ;
#1450 = ORIENTED_EDGE ( 'NONE', *, *, #1315, .T. ) ;
#1451 = CARTESIAN_POINT ( 'NONE',  ( 12.54750232030948354, 5.207411640514841622, -3.667088473135590387 ) ) ;
#1452 = CARTESIAN_POINT ( 'NONE',  ( -8.536205198776892544, 12.49720653290216532, -10.61485889188483789 ) ) ;
#1453 = AXIS2_PLACEMENT_3D ( 'NONE', #960, #1260, #223 ) ;
#1454 = CARTESIAN_POINT ( 'NONE',  ( 0.000000000000000000, 13.99999999999999822, -5.899999999999997691 ) ) ;
#1455 = ORIENTED_EDGE ( 'NONE', *, *, #526, .F. ) ;
#1456 = CARTESIAN_POINT ( 'NONE',  ( 7.332348418708249049, 58.13431824795841152, -12.69999999999999929 ) ) ;
#1457 = ADVANCED_FACE ( 'NONE', ( #1261 ), #1738, .T. ) ;
#1458 = ORIENTED_EDGE ( 'NONE', *, *, #68, .T. ) ;
#1459 = DIRECTION ( 'NONE',  ( 0.000000000000000000, 1.000000000000000000, 0.000000000000000000 ) ) ;
#1460 = CARTESIAN_POINT ( 'NONE',  ( 0.000000000000000000, 63.86568175204160269, 0.000000000000000000 ) ) ;
#1461 = DIRECTION ( 'NONE',  ( 0.000000000000000000, 0.000000000000000000, -1.000000000000000000 ) ) ;
#1462 = CARTESIAN_POINT ( 'NONE',  ( -2.470065085984125552, 64.89349668531568227, -12.70000000000000107 ) ) ;
#1463 = B_SPLINE_CURVE_WITH_KNOTS ( 'NONE', 3,
 ( #1024, #877, #121, #1014, #1320, #1879 ),
 .UNSPECIFIED., .F., .F.,
 ( 4, 2, 4 ),
 ( 0.01277796130083745652, 0.01647734276364738390, 0.02017672422645731128 ),
 .UNSPECIFIED. ) ;
#1464 = AXIS2_PLACEMENT_3D ( 'NONE', #1880, #599, #593 ) ;
#1465 = DIRECTION ( 'NONE',  ( 0.000000000000000000, 0.5150380749100552658, 0.8571673007021116675 ) ) ;
#1466 = CARTESIAN_POINT ( 'NONE',  ( -4.918399208581580417, 5.501317700042089420, -12.70000000000000107 ) ) ;
#1467 = EDGE_LOOP ( 'NONE', ( #748, #1450, #693, #22 ) ) ;
#1468 = VERTEX_POINT ( 'NONE', #1826 ) ;
#1469 = EDGE_CURVE ( 'NONE', #518, #930, #205, .T. ) ;
#1470 = CARTESIAN_POINT ( 'NONE',  ( -13.46322499650259985, 64.49620560318255968, -2.081010272326174526 ) ) ;
#1471 = CARTESIAN_POINT ( 'NONE',  ( -8.533820259622144633, 57.50379439681745453, -10.61898972767382432 ) ) ;
#1472 = FACE_OUTER_BOUND ( 'NONE', #1515, .T. ) ;
#1473 = FACE_OUTER_BOUND ( 'NONE', #1819, .T. ) ;
#1474 = CARTESIAN_POINT ( 'NONE',  ( 0.000000000000000000, 65.00000000000000000, 0.000000000000000000 ) ) ;
#1475 = ORIENTED_EDGE ( 'NONE', *, *, #630, .T. ) ;
#1476 = DIRECTION ( 'NONE',  ( -0.000000000000000000, -1.000000000000000000, -0.000000000000000000 ) ) ;
#1477 = CARTESIAN_POINT ( 'NONE',  ( 0.000000000000000000, 56.00000000000000711, 0.000000000000000000 ) ) ;
#1478 = PLANE ( 'NONE',  #1291 ) ;
#1479 = ORIENTED_EDGE ( 'NONE', *, *, #83, .T. ) ;
#1480 = DIRECTION ( 'NONE',  ( -0.000000000000000000, -1.000000000000000000, -0.000000000000000000 ) ) ;
#1481 = DIRECTION ( 'NONE',  ( 0.000000000000000000, 0.7071067811865439090, 0.7071067811865512365 ) ) ;
#1482 = ORIENTED_EDGE ( 'NONE', *, *, #1678, .F. ) ;
#1483 = VERTEX_POINT ( 'NONE', #816 ) ;
#1484 = CARTESIAN_POINT ( 'NONE',  ( 10.37485483719560264, 64.97318897743072341, -7.430224300825482686 ) ) ;
#1485 = CARTESIAN_POINT ( 'NONE',  ( -13.46084005734785194, 64.49720653290218308, 2.085141108115160957 ) ) ;
#1486 = B_SPLINE_CURVE_WITH_KNOTS ( 'NONE', 3,
 ( #1396, #1681, #1835, #675, #973, #74, #376, #70 ),
 .UNSPECIFIED., .F., .F.,
 ( 4, 2, 2, 4 ),
 ( 0.02049959977620509355, 0.02235513321292615860, 0.02421066664964722365, 0.02792173352308935375 ),
 .UNSPECIFIED. ) ;
#1487 = CARTESIAN_POINT ( 'NONE',  ( 7.332348418708249049, 63.86568175204160269, 12.69999999999999929 ) ) ;
#1488 = ADVANCED_FACE ( 'NONE', ( #1716 ), #872, .T. ) ;
#1489 = DIRECTION ( 'NONE',  ( -0.000000000000000000, -1.000000000000000000, -0.000000000000000000 ) ) ;
#1490 = CARTESIAN_POINT ( 'NONE',  ( 0.000000000000000000, 70.00000000000000000, 0.000000000000000000 ) ) ;
#1491 = ORIENTED_EDGE ( 'NONE', *, *, #1360, .F. ) ;
#1492 = VERTEX_POINT ( 'NONE', #969 ) ;
#1493 = CC_DESIGN_PERSON_AND_ORGANIZATION_ASSIGNMENT ( #391, #1807, ( #933 ) ) ;
#1494 = VECTOR ( 'NONE', #306, 1000.000000000000000 ) ;
#1495 = CIRCLE ( 'NONE', #330, 5.899999999999997691 ) ;
#1496 = PLANE ( 'NONE',  #1730 ) ;
#1497 = CIRCLE ( 'NONE', #686, 12.69999999999999929 ) ;
#1498 = LOCAL_TIME ( 13, 35, 50.00000000000000000, #1204 ) ;
#1499 = CARTESIAN_POINT ( 'NONE',  ( -11.62219041892914007, 64.97318897743072341, -5.269775699174513939 ) ) ;
#1500 = DIRECTION ( 'NONE',  ( 0.000000000000000000, 0.000000000000000000, -1.000000000000000000 ) ) ;
#1501 = ADVANCED_FACE ( 'NONE', ( #552 ), #530, .F. ) ;
#1502 = VERTEX_POINT ( 'NONE', #1122 ) ;
#1503 = EDGE_LOOP ( 'NONE', ( #1915, #441, #642, #1646 ) ) ;
#1504 = DIRECTION ( 'NONE',  ( -0.000000000000000000, 1.000000000000000000, -0.000000000000000000 ) ) ;
#1505 = EDGE_CURVE ( 'NONE', #130, #1368, #438, .T. ) ;
#1506 = EDGE_LOOP ( 'NONE', ( #1590, #1222, #210, #1015, #1519, #1213 ) ) ;
#1507 = AXIS2_PLACEMENT_3D ( 'NONE', #1460, #878, #1758 ) ;
#1508 = ADVANCED_FACE ( 'NONE', ( #1837 ), #1843, .F. ) ;
#1509 = AXIS2_PLACEMENT_3D ( 'NONE', #1313, #1598, #1461 ) ;
#1510 = CARTESIAN_POINT ( 'NONE',  ( 7.225416114969381235E-16, 56.00000000000000711, -5.899999999999997691 ) ) ;
#1511 = EDGE_CURVE ( 'NONE', #1151, #1864, #961, .T. ) ;
#1512 = CARTESIAN_POINT ( 'NONE',  ( 7.332348418708249049, 63.86568175204160269, 12.69999999999999929 ) ) ;
#1513 = CARTESIAN_POINT ( 'NONE',  ( 7.932086456834406718, 64.21194066979727211, 11.66122324673380994 ) ) ;
#1514 = FACE_BOUND ( 'NONE', #550, .T. ) ;
#1515 = EDGE_LOOP ( 'NONE', ( #197, #1748, #463 ) ) ;
#1516 = VERTEX_POINT ( 'NONE', #1536 ) ;
#1517 = SECURITY_CLASSIFICATION_LEVEL ( 'unclassified' ) ;
#1518 = EDGE_CURVE ( 'NONE', #314, #1672, #1277, .T. ) ;
#1519 = ORIENTED_EDGE ( 'NONE', *, *, #1053, .F. ) ;
#1520 = VECTOR ( 'NONE', #440, 1000.000000000000000 ) ;
#1521 = LOCAL_TIME ( 13, 35, 50.00000000000000000, #1900 ) ;
#1522 = AXIS2_PLACEMENT_3D ( 'NONE', #55, #184, #1096 ) ;
#1523 = CARTESIAN_POINT ( 'NONE',  ( 0.000000000000000000, 0.000000000000000000, -0.000000000000000000 ) ) ;
#1524 = CARTESIAN_POINT ( 'NONE',  ( 7.332348418708231286, 6.134318247958397308, 12.69999999999999396 ) ) ;
#1525 = ORIENTED_EDGE ( 'NONE', *, *, #534, .F. ) ;
#1526 = CARTESIAN_POINT ( 'NONE',  ( 7.332348418708247273, 70.00000000000000000, -12.69999999999999929 ) ) ;
#1527 = CARTESIAN_POINT ( 'NONE',  ( 10.99852262806237135, 65.00000000000000000, 6.350000000000001421 ) ) ;
#1528 = ADVANCED_FACE ( 'NONE', ( #1669 ), #672, .T. ) ;
#1529 = VERTEX_POINT ( 'NONE', #1276 ) ;
#1530 = CARTESIAN_POINT ( 'NONE',  ( 2.489441614469944053, 64.86896295390458533, -12.70000000000000107 ) ) ;
#1531 = APPROVAL_ROLE ( '' ) ;
#1532 = AXIS2_PLACEMENT_3D ( 'NONE', #1235, #1824, #1226 ) ;
#1533 = AXIS2_PLACEMENT_3D ( 'NONE', #1231, #1241, #1534 ) ;
#1534 = DIRECTION ( 'NONE',  ( 0.000000000000000000, 0.000000000000000000, -1.000000000000000000 ) ) ;
#1535 = DIRECTION ( 'NONE',  ( 0.000000000000000000, 1.000000000000000000, 0.000000000000000000 ) ) ;
#1536 = CARTESIAN_POINT ( 'NONE',  ( 0.000000000000000000, 14.54077455712480926, -4.999999999999986677 ) ) ;
#1537 = EDGE_LOOP ( 'NONE', ( #846, #671, #1163, #664, #381, #1344 ) ) ;
#1538 = CARTESIAN_POINT ( 'NONE',  ( -10.68738671117353078, 13.00000000000000888, 6.888903216111001093 ) ) ;
#1539 = ORIENTED_EDGE ( 'NONE', *, *, #1862, .T. ) ;
#1540 = LINE ( 'NONE', #1162, #459 ) ;
#1541 = PLANE ( 'NONE',  #111 ) ;
#1542 = CARTESIAN_POINT ( 'NONE',  ( 0.000000000000000000, 5.000000000000000000, 0.000000000000000000 ) ) ;
#1543 = AXIS2_PLACEMENT_3D ( 'NONE', #1140, #257, #729 ) ;
#1544 = VECTOR ( 'NONE', #993, 1000.000000000000000 ) ;
#1545 = CIRCLE ( 'NONE', #1136, 10.49999999999999467 ) ;
#1546 = CARTESIAN_POINT ( 'NONE',  ( 7.332348418708249049, 63.86568175204160269, -12.69999999999999929 ) ) ;
#1547 = ORIENTED_EDGE ( 'NONE', *, *, #765, .T. ) ;
#1548 = CARTESIAN_POINT ( 'NONE',  ( 11.30965854495121192, 13.00000000000001066, 5.811096783888999973 ) ) ;
#1549 = CARTESIAN_POINT ( 'NONE',  ( 7.332348418708249049, 11.86568175204159559, -12.69999999999999929 ) ) ;
#1550 = CARTESIAN_POINT ( 'NONE',  ( 0.000000000000000000, 57.00000000000000000, 0.000000000000000000 ) ) ;
#1551 = VERTEX_POINT ( 'NONE', #565 ) ;
#1552 = CARTESIAN_POINT ( 'NONE',  ( 0.000000000000000000, 57.00000000000000000, 12.69999999999999929 ) ) ;
#1553 = CARTESIAN_POINT ( 'NONE',  ( 10.37485483719560264, 12.97318897743073585, -7.430224300825487127 ) ) ;
#1554 = VERTEX_POINT ( 'NONE', #1571 ) ;
#1555 = DIRECTION ( 'NONE',  ( 0.000000000000000000, 0.000000000000000000, 1.000000000000000000 ) ) ;
#1556 = DIRECTION ( 'NONE',  ( 0.000000000000000000, 0.000000000000000000, -1.000000000000000000 ) ) ;
#1557 = EDGE_LOOP ( 'NONE', ( #1770, #974 ) ) ;
#1558 = FACE_OUTER_BOUND ( 'NONE', #1294, .T. ) ;
#1559 = APPROVAL_DATE_TIME ( #1224, #299 ) ;
#1560 = CARTESIAN_POINT ( 'NONE',  ( -6.139801352388168709, 64.20994043692216735, 12.69999999999999929 ) ) ;
#1561 = AXIS2_PLACEMENT_3D ( 'NONE', #1737, #1431, #1161 ) ;
#1562 = EDGE_CURVE ( 'NONE', #1516, #1176, #324, .T. ) ;
#1563 = ORIENTED_EDGE ( 'NONE', *, *, #651, .F. ) ;
#1564 = ORIENTED_EDGE ( 'NONE', *, *, #313, .T. ) ;
#1565 = ORIENTED_EDGE ( 'NONE', *, *, #697, .T. ) ;
#1566 = CARTESIAN_POINT ( 'NONE',  ( -10.99852262806237135, 5.000000000000000000, -6.349999999999999645 ) ) ;
#1567 = CARTESIAN_POINT ( 'NONE',  ( 7.332348418708249049, 58.13431824795841152, 12.69999999999999929 ) ) ;
#1568 = FACE_OUTER_BOUND ( 'NONE', #983, .T. ) ;
#1569 = CARTESIAN_POINT ( 'NONE',  ( -2.470065085984120667, 5.106503314684323946, 12.70000000000000107 ) ) ;
#1570 = EDGE_LOOP ( 'NONE', ( #1618, #856, #591 ) ) ;
#1571 = CARTESIAN_POINT ( 'NONE',  ( 0.000000000000000000, 5.000000000000000888, -10.49999999999997868 ) ) ;
#1572 = B_SPLINE_CURVE_WITH_KNOTS ( 'NONE', 3,
 ( #88, #692, #847, #255, #541, #999 ),
 .UNSPECIFIED., .F., .F.,
 ( 4, 2, 4 ),
 ( 2.380729426786199722E-07, 0.003709805905022063414, 0.007419373737101448395 ),
 .UNSPECIFIED. ) ;
#1573 = ORIENTED_EDGE ( 'NONE', *, *, #482, .T. ) ;
#1574 = CARTESIAN_POINT ( 'NONE',  ( -10.37391523766104484, 56.99999999999999289, 7.431851734958104139 ) ) ;
#1575 = CARTESIAN_POINT ( 'NONE',  ( -11.62219041892914184, 57.02681102256926948, 5.269775699174515715 ) ) ;
#1576 = DIRECTION ( 'NONE',  ( 0.000000000000000000, 1.000000000000000000, 0.000000000000000000 ) ) ;
#1577 = VERTEX_POINT ( 'NONE', #1416 ) ;
#1578 = CARTESIAN_POINT ( 'NONE',  ( 0.000000000000000000, 57.00000000000000000, 0.000000000000000000 ) ) ;
#1579 = CARTESIAN_POINT ( 'NONE',  ( -10.37391523766105017, 13.00000000000001066, -7.431851734958101474 ) ) ;
#1580 = ORIENTED_EDGE ( 'NONE', *, *, #482, .F. ) ;
#1581 = CIRCLE ( 'NONE', #622, 9.999999999999994671 ) ;
#1582 = CIRCLE ( 'NONE', #823, 10.50000000000000000 ) ;
#1583 = CARTESIAN_POINT ( 'NONE',  ( 0.000000000000000000, 13.00000000000000178, 0.000000000000000000 ) ) ;
#1584 = CARTESIAN_POINT ( 'NONE',  ( 0.000000000000000000, 11.86568175204159559, 0.000000000000000000 ) ) ;
#1585 = CIRCLE ( 'NONE', #1144, 12.69999999999999929 ) ;
#1586 = FACE_OUTER_BOUND ( 'NONE', #587, .T. ) ;
#1587 = DIRECTION ( 'NONE',  ( 0.000000000000000000, 0.000000000000000000, 1.000000000000000000 ) ) ;
#1588 = EDGE_CURVE ( 'NONE', #702, #362, #371, .T. ) ;
#1589 = CARTESIAN_POINT ( 'NONE',  ( 6.146748557700868254, 12.20793495149348828, 12.70000000000000107 ) ) ;
#1590 = ORIENTED_EDGE ( 'NONE', *, *, #673, .F. ) ;
#1591 = CC_DESIGN_DATE_AND_TIME_ASSIGNMENT ( #1020, #1673, ( #933 ) ) ;
#1592 = DIRECTION ( 'NONE',  ( 0.000000000000000000, 0.000000000000000000, -1.000000000000000000 ) ) ;
#1593 = CARTESIAN_POINT ( 'NONE',  ( 7.225416114969381235E-16, 13.99999999999999822, 5.899999999999997691 ) ) ;
#1594 = DIRECTION ( 'NONE',  ( 0.000000000000000000, 0.000000000000000000, 1.000000000000000000 ) ) ;
#1595 = EDGE_LOOP ( 'NONE', ( #1095, #807, #601, #1563 ) ) ;
#1596 = CARTESIAN_POINT ( 'NONE',  ( -7.932086456834408494, 12.21194066979727211, -11.66122324673380994 ) ) ;
#1597 = ORIENTED_EDGE ( 'NONE', *, *, #1469, .T. ) ;
#1598 = DIRECTION ( 'NONE',  ( -0.000000000000000000, -1.000000000000000000, -0.000000000000000000 ) ) ;
#1599 = DIRECTION ( 'NONE',  ( -0.000000000000000000, -1.000000000000000000, -0.000000000000000000 ) ) ;
#1600 = ORIENTED_EDGE ( 'NONE', *, *, #343, .F. ) ;
#1601 = B_SPLINE_CURVE_WITH_KNOTS ( 'NONE', 3,
 ( #412, #1724, #1731, #990, #1574, #543 ),
 .UNSPECIFIED., .F., .F.,
 ( 4, 2, 4 ),
 ( 2.380729426767771197E-07, 0.003709805905022060812, 0.007419373737101444925 ),
 .UNSPECIFIED. ) ;
#1602 = AXIS2_PLACEMENT_3D ( 'NONE', #239, #1266, #196 ) ;
#1603 = EDGE_CURVE ( 'NONE', #1198, #1887, #1727, .T. ) ;
#1604 = VECTOR ( 'NONE', #741, 1000.000000000000000 ) ;
#1605 = ORIENTED_EDGE ( 'NONE', *, *, #1511, .F. ) ;
#1606 = ORIENTED_EDGE ( 'NONE', *, *, #1794, .F. ) ;
#1607 = FACE_OUTER_BOUND ( 'NONE', #1130, .T. ) ;
#1608 = CALENDAR_DATE ( 2021, 6, 12 ) ;
#1609 = CARTESIAN_POINT ( 'NONE',  ( 0.000000000000000000, 11.86568175204159559, 0.000000000000000000 ) ) ;
#1610 = DIRECTION ( 'NONE',  ( 0.000000000000000000, 0.000000000000000000, -1.000000000000000000 ) ) ;
#1611 = CARTESIAN_POINT ( 'NONE',  ( 0.000000000000000000, 13.00000000000000178, -12.69999999999999929 ) ) ;
#1612 = DIRECTION ( 'NONE',  ( 0.000000000000000000, 0.000000000000000000, 1.000000000000000000 ) ) ;
#1613 = B_SPLINE_CURVE_WITH_KNOTS ( 'NONE', 3,
 ( #1229, #639, #1657, #1377, #1666, #783, #1238, #1220 ),
 .UNSPECIFIED., .F., .F.,
 ( 4, 2, 2, 4 ),
 ( 0.007419373737101444925, 0.009267222171865855188, 0.01111507060663026458, 0.01481076747615908337 ),
 .UNSPECIFIED. ) ;
#1614 = VERTEX_POINT ( 'NONE', #857 ) ;
#1615 = CARTESIAN_POINT ( 'NONE',  ( 11.30965854495121370, 4.999999999999992895, -5.811096783888999973 ) ) ;
#1616 = AXIS2_PLACEMENT_3D ( 'NONE', #1550, #1413, #57 ) ;
#1617 = VERTEX_POINT ( 'NONE', #1865 ) ;
#1618 = ORIENTED_EDGE ( 'NONE', *, *, #212, .T. ) ;
#1619 = ORIENTED_EDGE ( 'NONE', *, *, #468, .F. ) ;
#1620 = CARTESIAN_POINT ( 'NONE',  ( -10.99852262806237135, 65.00000000000000000, -6.349999999999999645 ) ) ;
#1621 = EDGE_CURVE ( 'NONE', #445, #1884, #270, .T. ) ;
#1622 = AXIS2_PLACEMENT_3D ( 'NONE', #1164, #1868, #1025 ) ;
#1623 = FACE_OUTER_BOUND ( 'NONE', #423, .T. ) ;
#1624 = CARTESIAN_POINT ( 'NONE',  ( 12.23997287109751042, 57.10810657288141812, 4.199745103994400708 ) ) ;
#1625 = AXIS2_PLACEMENT_3D ( 'NONE', #384, #1104, #1388 ) ;
#1626 = CARTESIAN_POINT ( 'NONE',  ( 10.99852262806237135, 65.00000000000000000, -6.349999999999999645 ) ) ;
#1627 = VECTOR ( 'NONE', #1504, 1000.000000000000000 ) ;
#1628 = LINE ( 'NONE', #164, #652 ) ;
#1629 = APPROVAL_PERSON_ORGANIZATION ( #409, #1682, #39 ) ;
#1630 = CARTESIAN_POINT ( 'NONE',  ( 7.225416114969373347E-16, 70.00000000000000000, -5.899999999999988809 ) ) ;
#1631 = CARTESIAN_POINT ( 'NONE',  ( -1.239046297348689318, 5.000000000000000000, -12.70000000000000107 ) ) ;
#1632 = CARTESIAN_POINT ( 'NONE',  ( -7.332348418708246385, 70.00000000000000000, -12.69999999999999929 ) ) ;
#1633 = EDGE_LOOP ( 'NONE', ( #1177, #1539, #370, #542, #1871, #1440 ) ) ;
#1634 = DIRECTION ( 'NONE',  ( -0.000000000000000000, -1.000000000000000000, -0.000000000000000000 ) ) ;
#1635 = EDGE_CURVE ( 'NONE', #38, #130, #1572, .T. ) ;
#1636 = AXIS2_PLACEMENT_3D ( 'NONE', #1067, #1083, #315 ) ;
#1637 = CONICAL_SURFACE ( 'NONE', #215, 12.69999999999999929, 1.047197551196603404 ) ;
#1638 = DIRECTION ( 'NONE',  ( 0.000000000000000000, 0.000000000000000000, -1.000000000000000000 ) ) ;
#1639 = ADVANCED_FACE ( 'NONE', ( #1441, #1692 ), #1270, .T. ) ;
#1640 = CARTESIAN_POINT ( 'NONE',  ( 0.000000000000000000, 13.00000000000000178, -12.69999999999999929 ) ) ;
#1641 = CARTESIAN_POINT ( 'NONE',  ( 0.000000000000000000, 65.00000000000000000, 0.000000000000000000 ) ) ;
#1642 = DIRECTION ( 'NONE',  ( 0.000000000000000000, 0.000000000000000000, -1.000000000000000000 ) ) ;
#1643 = DIRECTION ( 'NONE',  ( 0.000000000000000000, 0.000000000000000000, 1.000000000000000000 ) ) ;
#1644 = DIRECTION ( 'NONE',  ( 0.000000000000000000, 0.000000000000000000, -1.000000000000000000 ) ) ;
#1645 = ADVANCED_FACE ( 'NONE', ( #1347 ), #1839, .T. ) ;
#1646 = ORIENTED_EDGE ( 'NONE', *, *, #490, .F. ) ;
#1647 = LINE ( 'NONE', #1885, #1604 ) ;
#1648 = ORIENTED_EDGE ( 'NONE', *, *, #207, .F. ) ;
#1649 = AXIS2_PLACEMENT_3D ( 'NONE', #1382, #802, #810 ) ;
#1650 = CIRCLE ( 'NONE', #511, 5.899999999999988809 ) ;
#1651 = CARTESIAN_POINT ( 'NONE',  ( 0.000000000000000000, 70.00000000000000000, 0.000000000000000000 ) ) ;
#1652 = CONICAL_SURFACE ( 'NONE', #418, 5.899999999999997691, 1.029744258676653201 ) ;
#1653 = CONICAL_SURFACE ( 'NONE', #29, 5.899999999999997691, 1.029744258676653201 ) ;
#1654 = CARTESIAN_POINT ( 'NONE',  ( -13.46322499650259630, 5.503794396817454526, 2.081010272326175858 ) ) ;
#1655 = DATE_TIME_ROLE ( 'creation_date' ) ;
#1656 = ORIENTED_EDGE ( 'NONE', *, *, #265, .F. ) ;
#1657 = CARTESIAN_POINT ( 'NONE',  ( -10.37485483719560087, 64.97318897743073762, 7.430224300825488015 ) ) ;
#1658 = ADVANCED_FACE ( 'NONE', ( #1303 ), #1478, .F. ) ;
#1659 = DIRECTION ( 'NONE',  ( -0.000000000000000000, -1.000000000000000000, -0.000000000000000000 ) ) ;
#1660 = ORIENTED_EDGE ( 'NONE', *, *, #310, .T. ) ;
#1661 = ORIENTED_EDGE ( 'NONE', *, *, #1779, .F. ) ;
#1662 = AXIS2_PLACEMENT_3D ( 'NONE', #453, #1489, #615 ) ;
#1663 = CARTESIAN_POINT ( 'NONE',  ( -14.66469683741649455, 63.86568175204160269, 2.602085213965210642E-15 ) ) ;
#1664 = DIRECTION ( 'NONE',  ( 0.000000000000000000, 0.000000000000000000, -1.000000000000000000 ) ) ;
#1665 = CARTESIAN_POINT ( 'NONE',  ( 0.6198912292250996492, 57.00000000000000000, -12.69999999999999929 ) ) ;
#1666 = CARTESIAN_POINT ( 'NONE',  ( -9.449542935815255618, 64.79258835948517969, 9.032911526864408458 ) ) ;
#1667 = ORIENTED_EDGE ( 'NONE', *, *, #796, .F. ) ;
#1668 = ORIENTED_EDGE ( 'NONE', *, *, #1901, .F. ) ;
#1669 = FACE_OUTER_BOUND ( 'NONE', #1017, .T. ) ;
#1670 = DIRECTION ( 'NONE',  ( 0.000000000000000000, 0.000000000000000000, -1.000000000000000000 ) ) ;
#1671 = ADVANCED_FACE ( 'NONE', ( #1420 ), #759, .T. ) ;
#1672 = VERTEX_POINT ( 'NONE', #718 ) ;
#1673 = DATE_TIME_ROLE ( 'classification_date' ) ;
#1674 = EDGE_LOOP ( 'NONE', ( #322, #426, #1186, #1762 ) ) ;
#1675 = CARTESIAN_POINT ( 'NONE',  ( 10.99852262806236958, 57.00000000000000000, 6.350000000000000533 ) ) ;
#1676 = DIRECTION ( 'NONE',  ( 0.000000000000000000, 0.000000000000000000, -1.000000000000000000 ) ) ;
#1677 = ORIENTED_EDGE ( 'NONE', *, *, #1693, .F. ) ;
#1678 = EDGE_CURVE ( 'NONE', #633, #435, #851, .T. ) ;
#1679 = FACE_OUTER_BOUND ( 'NONE', #886, .T. ) ;
#1680 = CARTESIAN_POINT ( 'NONE',  ( 14.66469683741649455, 58.13431824795841152, 8.673617379884035472E-16 ) ) ;
#1681 = CARTESIAN_POINT ( 'NONE',  ( 0.6198912292250978728, 5.000000000000000000, -12.70000000000000107 ) ) ;
#1682 = APPROVAL ( #354, 'UNSPECIFIED' ) ;
#1683 = CARTESIAN_POINT ( 'NONE',  ( 0.000000000000000000, 0.000000000000000000, 0.000000000000000000 ) ) ;
#1684 = CARTESIAN_POINT ( 'NONE',  ( 10.68738671117353078, 57.00000000000000000, 6.888903216110998429 ) ) ;
#1685 = CARTESIAN_POINT ( 'NONE',  ( 11.62219041892914184, 12.97318897743073585, 5.269775699174511274 ) ) ;
#1686 = DIRECTION ( 'NONE',  ( 0.000000000000000000, 0.000000000000000000, -1.000000000000000000 ) ) ;
#1687 = CARTESIAN_POINT ( 'NONE',  ( 0.000000000000000000, 5.000000000000000000, 0.000000000000000000 ) ) ;
#1688 = CARTESIAN_POINT ( 'NONE',  ( 9.449542935815253841, 57.20741164051484873, 9.032911526864406682 ) ) ;
#1689 = EDGE_LOOP ( 'NONE', ( #1845, #549, #278 ) ) ;
#1690 = ORIENTED_EDGE ( 'NONE', *, *, #778, .T. ) ;
#1691 = DIRECTION ( 'NONE',  ( -0.000000000000000000, -1.000000000000000000, -0.000000000000000000 ) ) ;
#1692 = FACE_OUTER_BOUND ( 'NONE', #1046, .T. ) ;
#1693 = EDGE_CURVE ( 'NONE', #551, #1151, #1832, .T. ) ;
#1694 = CARTESIAN_POINT ( 'NONE',  ( 12.54750232030948531, 57.20741164051484873, -3.667088473135591720 ) ) ;
#1695 = CARTESIAN_POINT ( 'NONE',  ( 11.62313001846369431, 65.00000000000001421, -5.268148265041895151 ) ) ;
#1696 = AXIS2_PLACEMENT_3D ( 'NONE', #1687, #1535, #821 ) ;
#1697 = LINE ( 'NONE', #147, #1307 ) ;
#1698 = CIRCLE ( 'NONE', #470, 12.69999999999999929 ) ;
#1699 = DIRECTION ( 'NONE',  ( 0.000000000000000000, 0.000000000000000000, 1.000000000000000000 ) ) ;
#1700 = AXIS2_PLACEMENT_3D ( 'NONE', #1747, #1296, #1437 ) ;
#1701 = CARTESIAN_POINT ( 'NONE',  ( -10.99852262806236958, 57.00000000000000000, -6.349999999999998757 ) ) ;
#1702 = ORIENTED_EDGE ( 'NONE', *, *, #1360, .T. ) ;
#1703 = ORIENTED_EDGE ( 'NONE', *, *, #89, .F. ) ;
#1704 = DIRECTION ( 'NONE',  ( 0.000000000000000000, 0.000000000000000000, -1.000000000000000000 ) ) ;
#1705 = DIRECTION ( 'NONE',  ( 0.000000000000000000, 0.000000000000000000, -1.000000000000000000 ) ) ;
#1706 = ORIENTED_EDGE ( 'NONE', *, *, #1511, .T. ) ;
#1707 = CC_DESIGN_APPROVAL ( #638, ( #1205 ) ) ;
#1708 = DIRECTION ( 'NONE',  ( -0.000000000000000000, -1.000000000000000000, -0.000000000000000000 ) ) ;
#1709 = DIRECTION ( 'NONE',  ( 1.049727191138618449E-16, -0.5150380749100544886, 0.8571673007021121116 ) ) ;
#1710 = CARTESIAN_POINT ( 'NONE',  ( 3.108716113483809718, 57.20884626012163210, 12.69999999999999751 ) ) ;
#1711 = LINE ( 'NONE', #864, #1788 ) ;
#1712 = ORIENTED_EDGE ( 'NONE', *, *, #689, .T. ) ;
#1713 = CARTESIAN_POINT ( 'NONE',  ( -11.30965854495120837, 57.00000000000000000, 5.811096783889005302 ) ) ;
#1714 = EDGE_LOOP ( 'NONE', ( #1904, #963, #1106, #1357 ) ) ;
#1715 = B_SPLINE_CURVE_WITH_KNOTS ( 'NONE', 3,
 ( #757, #172, #752, #27, #1059, #154, #168, #1512 ),
 .UNSPECIFIED., .F., .F.,
 ( 4, 2, 2, 4 ),
 ( 0.02049959977620509355, 0.02235513321292616554, 0.02421066664964723752, 0.02792173352308937109 ),
 .UNSPECIFIED. ) ;
#1716 = FACE_OUTER_BOUND ( 'NONE', #1714, .T. ) ;
#1717 = FACE_OUTER_BOUND ( 'NONE', #94, .T. ) ;
#1718 = DIRECTION ( 'NONE',  ( 0.000000000000000000, 0.000000000000000000, -1.000000000000000000 ) ) ;
#1719 = AXIS2_PLACEMENT_3D ( 'NONE', #711, #1286, #400 ) ;
#1720 = ORIENTED_EDGE ( 'NONE', *, *, #1874, .T. ) ;
#1721 = CARTESIAN_POINT ( 'NONE',  ( -7.332348418708245497, 11.86568175204159559, 12.70000000000000284 ) ) ;
#1722 = AXIS2_PLACEMENT_3D ( 'NONE', #1379, #1834, #69 ) ;
#1723 = ORIENTED_EDGE ( 'NONE', *, *, #53, .T. ) ;
#1724 = CARTESIAN_POINT ( 'NONE',  ( -7.932086456834404942, 57.78805933020272079, 11.66122324673381172 ) ) ;
#1725 = DIRECTION ( 'NONE',  ( 0.000000000000000000, 0.000000000000000000, -1.000000000000000000 ) ) ;
#1726 = DIRECTION ( 'NONE',  ( 0.000000000000000000, 0.000000000000000000, 1.000000000000000000 ) ) ;
#1727 = B_SPLINE_CURVE_WITH_KNOTS ( 'NONE', 3,
 ( #1012, #392, #987, #1159, #263, #415, #1439, #1421 ),
 .UNSPECIFIED., .F., .F.,
 ( 4, 2, 2, 4 ),
 ( 0.007419373737101445793, 0.009267222171865855188, 0.01111507060663026458, 0.01481076747615908337 ),
 .UNSPECIFIED. ) ;
#1728 = EDGE_LOOP ( 'NONE', ( #884, #895 ) ) ;
#1729 = EDGE_CURVE ( 'NONE', #1380, #1299, #1545, .T. ) ;
#1730 = AXIS2_PLACEMENT_3D ( 'NONE', #336, #1777, #1076 ) ;
#1731 = CARTESIAN_POINT ( 'NONE',  ( -8.536205198776888992, 57.50279346709783823, 10.61485889188484322 ) ) ;
#1732 = CARTESIAN_POINT ( 'NONE',  ( 10.99852262806236958, 57.00000000000000000, -6.349999999999998757 ) ) ;
#1733 = CYLINDRICAL_SURFACE ( 'NONE', #1636, 4.999999999999986677 ) ;
#1734 = CARTESIAN_POINT ( 'NONE',  ( 0.000000000000000000, 0.000000000000000000, -10.49999999999999822 ) ) ;
#1735 = EDGE_LOOP ( 'NONE', ( #497, #1661, #1702 ) ) ;
#1736 = DIRECTION ( 'NONE',  ( 0.000000000000000000, 0.000000000000000000, -1.000000000000000000 ) ) ;
#1737 = CARTESIAN_POINT ( 'NONE',  ( 0.000000000000000000, 5.000000000000000000, 0.000000000000000000 ) ) ;
#1738 = CONICAL_SURFACE ( 'NONE', #312, 12.69999999999999929, 1.047197551196603182 ) ;
#1739 = APPROVAL_DATE_TIME ( #107, #1682 ) ;
#1740 = CONICAL_SURFACE ( 'NONE', #1622, 10.50000000000000000, 0.7853981633974536081 ) ;
#1741 = CONICAL_SURFACE ( 'NONE', #1905, 9.999999999999960920, 0.7853981633974533860 ) ;
#1742 = CARTESIAN_POINT ( 'NONE',  ( -11.30965854495121370, 13.00000000000000888, -5.811096783889000861 ) ) ;
#1743 = CARTESIAN_POINT ( 'NONE',  ( 7.332348418708231286, 6.134318247958397308, 12.69999999999999396 ) ) ;
#1744 = PLANE ( 'NONE',  #41 ) ;
#1745 = ORIENTED_EDGE ( 'NONE', *, *, #425, .F. ) ;
#1746 = AXIS2_PLACEMENT_3D ( 'NONE', #96, #1576, #1726 ) ;
#1747 = CARTESIAN_POINT ( 'NONE',  ( 0.000000000000000000, 0.000000000000000000, 0.000000000000000000 ) ) ;
#1748 = ORIENTED_EDGE ( 'NONE', *, *, #468, .T. ) ;
#1749 = VERTEX_POINT ( 'NONE', #1456 ) ;
#1750 = EDGE_LOOP ( 'NONE', ( #302, #869 ) ) ;
#1751 = ADVANCED_FACE ( 'NONE', ( #1814 ), #1653, .F. ) ;
#1752 = CARTESIAN_POINT ( 'NONE',  ( 10.37391523766104662, 13.00000000000001066, 7.431851734958101474 ) ) ;
#1753 = ORIENTED_EDGE ( 'NONE', *, *, #1621, .F. ) ;
#1754 = ORIENTED_EDGE ( 'NONE', *, *, #68, .F. ) ;
#1755 = DIRECTION ( 'NONE',  ( -0.000000000000000000, -1.000000000000000000, -0.000000000000000000 ) ) ;
#1756 = B_SPLINE_CURVE_WITH_KNOTS ( 'NONE', 3,
 ( #367, #957, #1118, #216, #1694, #826, #220, #514 ),
 .UNSPECIFIED., .F., .F.,
 ( 4, 2, 2, 4 ),
 ( 0.007419373737101450129, 0.009267222171865856922, 0.01111507060663026285, 0.01481076747615908164 ),
 .UNSPECIFIED. ) ;
#1757 = PLANE ( 'NONE',  #1857 ) ;
#1758 = DIRECTION ( 'NONE',  ( 0.000000000000000000, 0.000000000000000000, -1.000000000000000000 ) ) ;
#1759 = EDGE_CURVE ( 'NONE', #1151, #95, #1878, .T. ) ;
#1760 = DIRECTION ( 'NONE',  ( 0.4999999999999999445, 0.000000000000000000, 0.8660254037844385966 ) ) ;
#1761 = DIRECTION ( 'NONE',  ( 0.000000000000000000, 0.000000000000000000, 1.000000000000000000 ) ) ;
#1762 = ORIENTED_EDGE ( 'NONE', *, *, #720, .F. ) ;
#1763 = ORIENTED_EDGE ( 'NONE', *, *, #1215, .T. ) ;
#1764 = ORIENTED_EDGE ( 'NONE', *, *, #1518, .T. ) ;
#1765 = VECTOR ( 'NONE', #1356, 1000.000000000000000 ) ;
#1766 = B_SPLINE_CURVE_WITH_KNOTS ( 'NONE', 3,
 ( #1188, #132, #4, #452, #737, #1043 ),
 .UNSPECIFIED., .F., .F.,
 ( 4, 2, 4 ),
 ( 2.380729426805902503E-07, 0.003709805905022065583, 0.007419373737101450129 ),
 .UNSPECIFIED. ) ;
#1767 = CARTESIAN_POINT ( 'NONE',  ( 10.99852262806236958, 57.00000000000000000, 6.350000000000000533 ) ) ;
#1768 = CARTESIAN_POINT ( 'NONE',  ( -7.332348418708231286, 6.134318247958397308, -12.69999999999999396 ) ) ;
#1769 = CARTESIAN_POINT ( 'NONE',  ( 12.23997287109750864, 5.108106572881420782, 4.199745103994410478 ) ) ;
#1770 = ORIENTED_EDGE ( 'NONE', *, *, #17, .T. ) ;
#1771 = DIRECTION ( 'NONE',  ( -0.000000000000000000, -1.000000000000000000, -0.000000000000000000 ) ) ;
#1772 = EDGE_LOOP ( 'NONE', ( #258, #416, #150 ) ) ;
#1773 = CIRCLE ( 'NONE', #355, 4.999999999999986677 ) ;
#1774 = CARTESIAN_POINT ( 'NONE',  ( 14.66469683741648211, 6.134318247958397308, 1.387778780781445360E-14 ) ) ;
#1775 = ORIENTED_EDGE ( 'NONE', *, *, #673, .T. ) ;
#1776 = ORIENTED_EDGE ( 'NONE', *, *, #1621, .T. ) ;
#1777 = DIRECTION ( 'NONE',  ( 0.000000000000000000, -1.000000000000000000, 0.000000000000000000 ) ) ;
#1778 = CARTESIAN_POINT ( 'NONE',  ( -11.30965854495121192, 65.00000000000002842, -5.811096783889002637 ) ) ;
#1779 = EDGE_CURVE ( 'NONE', #1614, #1483, #1698, .T. ) ;
#1780 = CARTESIAN_POINT ( 'NONE',  ( -10.99852262806237135, 65.00000000000000000, -6.349999999999999645 ) ) ;
#1781 = CC_DESIGN_SECURITY_CLASSIFICATION ( #933, ( #194 ) ) ;
#1782 = DIRECTION ( 'NONE',  ( 0.000000000000000000, 0.000000000000000000, -1.000000000000000000 ) ) ;
#1783 = ORIENTED_EDGE ( 'NONE', *, *, #850, .F. ) ;
#1784 = CIRCLE ( 'NONE', #739, 12.69999999999999929 ) ;
#1785 = ORIENTED_EDGE ( 'NONE', *, *, #1469, .F. ) ;
#1786 = CARTESIAN_POINT ( 'NONE',  ( 14.66469683741649632, 63.86568175204160269, -8.673617379884035472E-16 ) ) ;
#1787 = CIRCLE ( 'NONE', #1212, 12.69999999999999929 ) ;
#1788 = VECTOR ( 'NONE', #722, 1000.000000000000000 ) ;
#1789 = CARTESIAN_POINT ( 'NONE',  ( 0.000000000000000000, 70.00000000000000000, 0.000000000000000000 ) ) ;
#1790 = ADVANCED_FACE ( 'NONE', ( #833 ), #1741, .T. ) ;
#1791 = VERTEX_POINT ( 'NONE', #481 ) ;
#1792 = CARTESIAN_POINT ( 'NONE',  ( 0.000000000000000000, 65.00000000000000000, -12.69999999999999929 ) ) ;
#1793 = CARTESIAN_POINT ( 'NONE',  ( 10.99852262806237135, 13.00000000000000178, 6.350000000000001421 ) ) ;
#1794 = EDGE_CURVE ( 'NONE', #513, #1529, #274, .T. ) ;
#1795 = ORIENTED_EDGE ( 'NONE', *, *, #730, .F. ) ;
#1796 = CARTESIAN_POINT ( 'NONE',  ( 1.241768048510597300, 57.02634340622854836, -12.69999999999999751 ) ) ;
#1797 = EDGE_CURVE ( 'NONE', #362, #1872, #1446, .T. ) ;
#1798 = CARTESIAN_POINT ( 'NONE',  ( 0.000000000000000000, 57.00000000000000000, 0.000000000000000000 ) ) ;
#1799 = CARTESIAN_POINT ( 'NONE',  ( 0.000000000000000000, 70.00000000000000000, -9.999999999999994671 ) ) ;
#1800 = ORIENTED_EDGE ( 'NONE', *, *, #499, .F. ) ;
#1801 = ORIENTED_EDGE ( 'NONE', *, *, #1693, .T. ) ;
#1802 = CARTESIAN_POINT ( 'NONE',  ( -12.23997287109750687, 5.108106572881421670, -4.199745103994405149 ) ) ;
#1803 = ADVANCED_FACE ( 'NONE', ( #353 ), #1860, .F. ) ;
#1804 = CARTESIAN_POINT ( 'NONE',  ( 0.000000000000000000, 65.00000000000000000, 12.69999999999999929 ) ) ;
#1805 = DIRECTION ( 'NONE',  ( -0.000000000000000000, 1.000000000000000000, -0.000000000000000000 ) ) ;
#1806 = CARTESIAN_POINT ( 'NONE',  ( 0.6198912292250966516, 5.000000000000000000, 12.70000000000000107 ) ) ;
#1807 = PERSON_AND_ORGANIZATION_ROLE ( 'classification_officer' ) ;
#1808 = CIRCLE ( 'NONE', #104, 10.50000000000000000 ) ;
#1809 = CARTESIAN_POINT ( 'NONE',  ( 6.146748557700868254, 57.79206504850652948, -12.70000000000000462 ) ) ;
#1810 = ORIENTED_EDGE ( 'NONE', *, *, #594, .F. ) ;
#1811 = CARTESIAN_POINT ( 'NONE',  ( 0.000000000000000000, 69.50000000000000000, -10.50000000000000000 ) ) ;
#1812 = ORIENTED_EDGE ( 'NONE', *, *, #1408, .T. ) ;
#1813 = CIRCLE ( 'NONE', #138, 12.69999999999999929 ) ;
#1814 = FACE_OUTER_BOUND ( 'NONE', #648, .T. ) ;
#1815 = DIRECTION ( 'NONE',  ( 0.000000000000000000, 1.000000000000000000, 0.000000000000000000 ) ) ;
#1816 = CARTESIAN_POINT ( 'NONE',  ( -7.332348418708245497, 70.00000000000000000, 12.69999999999999929 ) ) ;
#1817 = B_SPLINE_CURVE_WITH_KNOTS ( 'NONE', 3,
 ( #1134, #379, #1395, #375, #1695, #1403 ),
 .UNSPECIFIED., .F., .F.,
 ( 4, 2, 4 ),
 ( 2.380729426759734178E-07, 0.003709805905022059078, 0.007419373737101444058 ),
 .UNSPECIFIED. ) ;
#1818 = CARTESIAN_POINT ( 'NONE',  ( -10.99852262806237135, 13.00000000000000178, 6.350000000000001421 ) ) ;
#1819 = EDGE_LOOP ( 'NONE', ( #1764, #335, #1312 ) ) ;
#1820 = EDGE_CURVE ( 'NONE', #1166, #1099, #329, .T. ) ;
#1821 = CARTESIAN_POINT ( 'NONE',  ( 1.241768048510596190, 64.97365659377145164, -12.70000000000000107 ) ) ;
#1822 = ADVANCED_FACE ( 'NONE', ( #1586 ), #1050, .T. ) ;
#1823 = AXIS2_PLACEMENT_3D ( 'NONE', #290, #144, #867 ) ;
#1824 = DIRECTION ( 'NONE',  ( -0.000000000000000000, -1.000000000000000000, -0.000000000000000000 ) ) ;
#1825 = CIRCLE ( 'NONE', #688, 10.50000000000000000 ) ;
#1826 = CARTESIAN_POINT ( 'NONE',  ( -7.332348418708250826, 6.134318247958397308, 12.69999999999998330 ) ) ;
#1827 = ORIENTED_EDGE ( 'NONE', *, *, #1759, .F. ) ;
#1828 = ORIENTED_EDGE ( 'NONE', *, *, #1759, .T. ) ;
#1829 = DIRECTION ( 'NONE',  ( -0.000000000000000000, -1.000000000000000000, -0.000000000000000000 ) ) ;
#1830 = DIRECTION ( 'NONE',  ( -0.000000000000000000, -1.000000000000000000, -0.000000000000000000 ) ) ;
#1831 = DIRECTION ( 'NONE',  ( -0.000000000000000000, -1.000000000000000000, -0.000000000000000000 ) ) ;
#1832 = B_SPLINE_CURVE_WITH_KNOTS ( 'NONE', 3,
 ( #572, #868, #1462, #1888, #1169, #431 ),
 .UNSPECIFIED., .F., .F.,
 ( 4, 2, 4 ),
 ( 0.01277796130083752937, 0.01647734276364746370, 0.02017672422645739455 ),
 .UNSPECIFIED. ) ;
#1833 = CARTESIAN_POINT ( 'NONE',  ( 0.000000000000000000, 65.00000000000000000, 0.000000000000000000 ) ) ;
#1834 = DIRECTION ( 'NONE',  ( 0.000000000000000000, -1.000000000000000000, 0.000000000000000000 ) ) ;
#1835 = CARTESIAN_POINT ( 'NONE',  ( 1.241768048510593969, 5.026343406228547472, -12.69999999999999929 ) ) ;
#1836 = AXIS2_PLACEMENT_3D ( 'NONE', #1350, #776, #1087 ) ;
#1837 = FACE_OUTER_BOUND ( 'NONE', #369, .T. ) ;
#1838 = FACE_OUTER_BOUND ( 'NONE', #427, .T. ) ;
#1839 = CYLINDRICAL_SURFACE ( 'NONE', #1165, 10.49999999999999822 ) ;
#1840 = DIRECTION ( 'NONE',  ( -0.000000000000000000, -1.000000000000000000, -0.000000000000000000 ) ) ;
#1841 = VERTEX_POINT ( 'NONE', #1793 ) ;
#1842 = CARTESIAN_POINT ( 'NONE',  ( 0.000000000000000000, 5.000000000000000000, 12.69999999999999929 ) ) ;
#1843 = PLANE ( 'NONE',  #678 ) ;
#1844 = B_SPLINE_CURVE_WITH_KNOTS ( 'NONE', 3,
 ( #192, #1110, #1098, #635, #1374, #1252 ),
 .UNSPECIFIED., .F., .F.,
 ( 4, 2, 4 ),
 ( 2.380729426970455858E-07, 0.003709805905022072088, 0.007419373737101446660 ),
 .UNSPECIFIED. ) ;
#1845 = ORIENTED_EDGE ( 'NONE', *, *, #366, .T. ) ;
#1846 = CARTESIAN_POINT ( 'NONE',  ( -14.06495879929033244, 57.78805933020272079, -1.038776753266185571 ) ) ;
#1847 = EDGE_CURVE ( 'NONE', #1617, #493, #1715, .T. ) ;
#1848 = CARTESIAN_POINT ( 'NONE',  ( 10.99852262806237135, 13.00000000000000178, 6.350000000000001421 ) ) ;
#1849 = CARTESIAN_POINT ( 'NONE',  ( 1.241768048510596190, 57.02634340622854836, 12.70000000000000284 ) ) ;
#1850 = AXIS2_PLACEMENT_3D ( 'NONE', #1641, #1086, #318 ) ;
#1851 = ORIENTED_EDGE ( 'NONE', *, *, #850, .T. ) ;
#1852 = CARTESIAN_POINT ( 'NONE',  ( 0.000000000000000000, 70.00000000000000000, 0.000000000000000000 ) ) ;
#1853 = VERTEX_POINT ( 'NONE', #309 ) ;
#1854 = CARTESIAN_POINT ( 'NONE',  ( 10.37391523766104839, 4.999999999999992895, -7.431851734958100586 ) ) ;
#1855 = CARTESIAN_POINT ( 'NONE',  ( -1.239046297348692649, 13.00000000000000178, 12.70000000000000107 ) ) ;
#1856 = EDGE_LOOP ( 'NONE', ( #1281, #1667, #1113, #579, #1030, #1044 ) ) ;
#1857 = AXIS2_PLACEMENT_3D ( 'NONE', #141, #726, #1736 ) ;
#1858 = CONICAL_SURFACE ( 'NONE', #1507, 14.66469683741649455, 1.047197551196605847 ) ;
#1859 = EDGE_CURVE ( 'NONE', #551, #842, #231, .T. ) ;
#1860 = CONICAL_SURFACE ( 'NONE', #395, 5.899999999999997691, 1.029744258676654090 ) ;
#1861 = CARTESIAN_POINT ( 'NONE',  ( -9.757072385027228734, 64.89189342711854636, -8.500254896005596805 ) ) ;
#1862 = EDGE_CURVE ( 'NONE', #148, #663, #1080, .T. ) ;
#1863 = DIRECTION ( 'NONE',  ( 0.000000000000000000, 0.000000000000000000, 1.000000000000000000 ) ) ;
#1864 = VERTEX_POINT ( 'NONE', #1780 ) ;
#1865 = CARTESIAN_POINT ( 'NONE',  ( 0.000000000000000000, 65.00000000000000000, 12.69999999999999929 ) ) ;
#1866 = VERTEX_POINT ( 'NONE', #619 ) ;
#1867 = B_SPLINE_CURVE_WITH_KNOTS ( 'NONE', 3,
 ( #1774, #1352, #908, #1769, #894, #1195 ),
 .UNSPECIFIED., .F., .F.,
 ( 4, 2, 4 ),
 ( 2.380729426978896012E-07, 0.003709805905022073823, 0.007419373737101449262 ),
 .UNSPECIFIED. ) ;
#1868 = DIRECTION ( 'NONE',  ( -0.000000000000000000, -1.000000000000000000, -0.000000000000000000 ) ) ;
#1869 = ORIENTED_EDGE ( 'NONE', *, *, #628, .T. ) ;
#1870 = CARTESIAN_POINT ( 'NONE',  ( -9.449542935815253841, 5.207411640514841622, -9.032911526864406682 ) ) ;
#1871 = ORIENTED_EDGE ( 'NONE', *, *, #1310, .F. ) ;
#1872 = VERTEX_POINT ( 'NONE', #13 ) ;
#1873 = CONICAL_SURFACE ( 'NONE', #269, 12.69999999999999929, 1.047197551196603404 ) ;
#1874 = EDGE_CURVE ( 'NONE', #1866, #1166, #1867, .T. ) ;
#1875 = CIRCLE ( 'NONE', #1662, 12.69999999999999929 ) ;
#1876 = CALENDAR_DATE ( 2021, 6, 12 ) ;
#1877 = CIRCLE ( 'NONE', #1300, 10.49999999999997868 ) ;
#1878 = LINE ( 'NONE', #891, #735 ) ;
#1879 = CARTESIAN_POINT ( 'NONE',  ( -7.332348418708245497, 58.13431824795841152, 12.70000000000000107 ) ) ;
#1880 = CARTESIAN_POINT ( 'NONE',  ( 0.000000000000000000, 65.00000000000000000, 0.000000000000000000 ) ) ;
#1881 = PRODUCT_RELATED_PRODUCT_CATEGORY ( 'detail', '', ( #817 ) ) ;
#1882 = CARTESIAN_POINT ( 'NONE',  ( 0.000000000000000000, 65.00000000000000000, 0.000000000000000000 ) ) ;
#1883 = DIRECTION ( 'NONE',  ( 0.000000000000000000, 0.000000000000000000, -1.000000000000000000 ) ) ;
#1884 = VERTEX_POINT ( 'NONE', #766 ) ;
#1885 = CARTESIAN_POINT ( 'NONE',  ( 0.000000000000000000, 0.000000000000000000, -10.49999999999997868 ) ) ;
#1886 = DIRECTION ( 'NONE',  ( 0.000000000000000000, 1.000000000000000000, 0.000000000000000000 ) ) ;
#1887 = VERTEX_POINT ( 'NONE', #1786 ) ;
#1888 = CARTESIAN_POINT ( 'NONE',  ( -4.918399208581596405, 64.49868229995790614, -12.69999999999999574 ) ) ;
#1889 = B_SPLINE_CURVE_WITH_KNOTS ( 'NONE', 3,
 ( #556, #1285, #699, #394, #1430, #539, #1589, #90 ),
 .UNSPECIFIED., .F., .F.,
 ( 4, 2, 2, 4 ),
 ( 0.02049959977620509355, 0.02235513321292616207, 0.02421066664964723406, 0.02792173352308937456 ),
 .UNSPECIFIED. ) ;
#1890 = VERTEX_POINT ( 'NONE', #915 ) ;
#1891 = AXIS2_PLACEMENT_3D ( 'NONE', #763, #165, #1643 ) ;
#1892 = EDGE_LOOP ( 'NONE', ( #1606, #163 ) ) ;
#1893 = DIRECTION ( 'NONE',  ( 0.000000000000000000, -1.000000000000000000, 0.000000000000000000 ) ) ;
#1894 = EDGE_CURVE ( 'NONE', #781, #747, #1308, .T. ) ;
#1895 = CARTESIAN_POINT ( 'NONE',  ( 0.000000000000000000, 13.00000000000000178, 0.000000000000000000 ) ) ;
#1896 = ADVANCED_FACE ( 'NONE', ( #1473 ), #786, .T. ) ;
#1897 = ORIENTED_EDGE ( 'NONE', *, *, #1271, .T. ) ;
#1898 = DIRECTION ( 'NONE',  ( 0.000000000000000000, 0.000000000000000000, -1.000000000000000000 ) ) ;
#1899 = LINE ( 'NONE', #142, #1520 ) ;
#1900 = COORDINATED_UNIVERSAL_TIME_OFFSET ( 0, 0, .AHEAD. ) ;
#1901 = EDGE_CURVE ( 'NONE', #15, #1551, #503, .T. ) ;
#1902 = CARTESIAN_POINT ( 'NONE',  ( 0.000000000000000000, 57.00000000000000000, -10.50000000000000000 ) ) ;
#1903 = CARTESIAN_POINT ( 'NONE',  ( 7.332348418708249049, 11.86568175204159559, 12.69999999999999929 ) ) ;
#1904 = ORIENTED_EDGE ( 'NONE', *, *, #139, .F. ) ;
#1905 = AXIS2_PLACEMENT_3D ( 'NONE', #1051, #597, #1761 ) ;
#1906 = CARTESIAN_POINT ( 'NONE',  ( 7.332348418708249049, 11.86568175204159559, -12.69999999999999929 ) ) ;
#1907 = ORIENTED_EDGE ( 'NONE', *, *, #883, .T. ) ;
#1908 = CARTESIAN_POINT ( 'NONE',  ( 0.000000000000000000, 0.000000000000000000, 0.000000000000000000 ) ) ;
#1909 = B_SPLINE_CURVE_WITH_KNOTS ( 'NONE', 3,
 ( #1903, #433, #1321, #614, #1752, #1193 ),
 .UNSPECIFIED., .F., .F.,
 ( 4, 2, 4 ),
 ( 2.380729426810390454E-07, 0.003709805905022065149, 0.007419373737101449262 ),
 .UNSPECIFIED. ) ;
#1910 = CIRCLE ( 'NONE', #1722, 9.999999999999960920 ) ;
#1911 = CARTESIAN_POINT ( 'NONE',  ( 0.000000000000000000, 0.000000000000000000, 0.000000000000000000 ) ) ;
#1912 = ORIENTED_EDGE ( 'NONE', *, *, #1243, .F. ) ;
#1913 = CARTESIAN_POINT ( 'NONE',  ( -12.24044355598168821, 64.86943327430280704, -4.198929853860659200 ) ) ;
#1914 = CARTESIAN_POINT ( 'NONE',  ( -9.756601700143052724, 57.13056672569720007, -8.501070146139340977 ) ) ;
#1915 = ORIENTED_EDGE ( 'NONE', *, *, #923, .F. ) ;
#1916 = EDGE_CURVE ( 'NONE', #1468, #1318, #1844, .T. ) ;
#1917 = B_SPLINE_CURVE_WITH_KNOTS ( 'NONE', 3,
 ( #1906, #1331, #300, #913, #1194, #1335, #1063, #1640 ),
 .UNSPECIFIED., .F., .F.,
 ( 4, 2, 2, 4 ),
 ( 0.005374802509238458398, 0.009076381905037955722, 0.01092717160293770438, 0.01277796130083745305 ),
 .UNSPECIFIED. ) ;
ENDSEC;
END-ISO-10303-21;
