ISO-10303-21;
HEADER;
FILE_DESCRIPTION (( 'STEP AP203' ),
    '1' );
FILE_NAME (' 032736_01.step',
    '2024-05-09T12:04:35',
    ( '' ),
    ( '' ),
    'SwSTEP 2.0',
    'SolidWorks 2023',
    '' );
FILE_SCHEMA (( 'CONFIG_CONTROL_DESIGN' ));
ENDSEC;

DATA;
#1 = EDGE_CURVE ( 'NONE', #988, #1074, #708, .T. ) ;
#2 = DIRECTION ( 'NONE',  ( 0.000000000000000000, 0.000000000000000000, 1.000000000000000000 ) ) ;
#3 = FACE_BOUND ( 'NONE', #1209, .T. ) ;
#4 = EDGE_LOOP ( 'NONE', ( #1433, #926 ) ) ;
#5 = DIRECTION ( 'NONE',  ( 0.000000000000000000, 0.000000000000000000, -1.000000000000000000 ) ) ;
#6 = B_SPLINE_CURVE_WITH_KNOTS ( 'NONE', 3,
 ( #1511, #754, #1132, #296, #436, #907, #1400, #1117, #681, #200, #1552, #827, #1409, #474, #948, #1437, #924, #323, #1416, #707, #217, #699, #451, #209, #1182, #1049, #1543, #96, #1530, #559, #466, #1537 ),
 .UNSPECIFIED., .F., .F.,
 ( 4, 2, 2, 2, 2, 2, 2, 2, 2, 2, 2, 2, 2, 2, 2, 4 ),
 ( 0.000000000000000000, 0.0006764622968729790695, 0.001352924593745958139, 0.002705849187491916278, 0.003382311484364894805, 0.004058773781237874634, 0.004735236078110854029, 0.005411698374983832556, 0.006088160671856811083, 0.006764622968729789611, 0.007441085265602769873, 0.008117547562475749268, 0.008794009859348726060, 0.009470472156221702853, 0.01014693445309468312, 0.01082339674996765991 ),
 .UNSPECIFIED. ) ;
#7 = DIRECTION ( 'NONE',  ( 1.000000000000000000, 0.000000000000000000, 0.000000000000000000 ) ) ;
#8 = ADVANCED_FACE ( 'NONE', ( #482 ), #1425, .F. ) ;
#9 = DIRECTION ( 'NONE',  ( 0.000000000000000000, -1.000000000000000000, 0.000000000000000000 ) ) ;
#10 = DIRECTION ( 'NONE',  ( 0.000000000000000000, 0.000000000000000000, 1.000000000000000000 ) ) ;
#11 = ORIENTED_EDGE ( 'NONE', *, *, #1, .T. ) ;
#12 = FACE_OUTER_BOUND ( 'NONE', #98, .T. ) ;
#13 = CARTESIAN_POINT ( 'NONE',  ( 0.000000000000000000, 3.499999999999999556, 0.000000000000000000 ) ) ;
#14 = CARTESIAN_POINT ( 'NONE',  ( 19.50000000000000000, 6.249999999999999112, -1.494069094959768295E-15 ) ) ;
#15 = DIRECTION ( 'NONE',  ( -0.000000000000000000, 1.000000000000000000, -0.000000000000000000 ) ) ;
#16 = ORIENTED_EDGE ( 'NONE', *, *, #51, .F. ) ;
#17 = EDGE_CURVE ( 'NONE', #461, #995, #1447, .T. ) ;
#18 = DIRECTION ( 'NONE',  ( 0.000000000000000000, -1.000000000000000000, 0.000000000000000000 ) ) ;
#19 = ORIENTED_EDGE ( 'NONE', *, *, #727, .T. ) ;
#20 = AXIS2_PLACEMENT_3D ( 'NONE', #14, #765, #890 ) ;
#21 = VECTOR ( 'NONE', #450, 1000.000000000000000 ) ;
#22 = MECHANICAL_CONTEXT ( 'NONE', #750, 'mechanical' ) ;
#23 = FACE_BOUND ( 'NONE', #4, .T. ) ;
#24 = CARTESIAN_POINT ( 'NONE',  ( 18.99999999999998579, 6.249999999999997335, 6.999999999999968026 ) ) ;
#25 = VERTEX_POINT ( 'NONE', #1343 ) ;
#26 = CYLINDRICAL_SURFACE ( 'NONE', #178, 0.4999999999999935052 ) ;
#27 = ORIENTED_EDGE ( 'NONE', *, *, #1464, .T. ) ;
#28 = EDGE_CURVE ( 'NONE', #1534, #341, #1205, .T. ) ;
#29 = CARTESIAN_POINT ( 'NONE',  ( 26.50000000000000000, 0.000000000000000000, 0.000000000000000000 ) ) ;
#30 = PERSON_AND_ORGANIZATION_ROLE ( 'design_owner' ) ;
#31 = CARTESIAN_POINT ( 'NONE',  ( 0.000000000000000000, 3.499999999999999556, 0.000000000000000000 ) ) ;
#32 = DIRECTION ( 'NONE',  ( -1.000000000000000000, 0.000000000000000000, 0.000000000000000000 ) ) ;
#33 = CARTESIAN_POINT ( 'NONE',  ( 19.89833524143955756, 6.558911439725377157, 7.060328734089466707 ) ) ;
#34 = ORIENTED_EDGE ( 'NONE', *, *, #441, .T. ) ;
#35 = CARTESIAN_POINT ( 'NONE',  ( 18.50000000000000000, 6.250000000000000888, 8.599999999999976552 ) ) ;
#36 = ORIENTED_EDGE ( 'NONE', *, *, #1108, .T. ) ;
#37 = CARTESIAN_POINT ( 'NONE',  ( 11.09253119661542364, 8.126328789775637773, 6.302343795625644063 ) ) ;
#38 = EDGE_CURVE ( 'NONE', #1146, #226, #730, .T. ) ;
#39 =( LENGTH_UNIT ( ) NAMED_UNIT ( * ) SI_UNIT ( .MILLI., .METRE. ) );
#40 = FACE_OUTER_BOUND ( 'NONE', #626, .T. ) ;
#41 = CARTESIAN_POINT ( 'NONE',  ( 14.00000000000000178, 5.340000000000000746, 16.99999999999999645 ) ) ;
#42 = ORIENTED_EDGE ( 'NONE', *, *, #213, .F. ) ;
#43 = PLANE ( 'NONE',  #106 ) ;
#44 = ORIENTED_EDGE ( 'NONE', *, *, #967, .T. ) ;
#45 = DIRECTION ( 'NONE',  ( -5.575612424303190338E-17, 0.7071067811865489050, 0.7071067811865462405 ) ) ;
#46 = CARTESIAN_POINT ( 'NONE',  ( 14.00000000000000178, 9.500000000000000000, 16.99999999999999645 ) ) ;
#47 = VECTOR ( 'NONE', #569, 1000.000000000000000 ) ;
#48 = AXIS2_PLACEMENT_3D ( 'NONE', #377, #370, #1338 ) ;
#49 = CARTESIAN_POINT ( 'NONE',  ( 14.22885424430548262, 7.250000000000000888, 11.35999999999999943 ) ) ;
#50 = VECTOR ( 'NONE', #680, 1000.000000000000000 ) ;
#51 = EDGE_CURVE ( 'NONE', #176, #804, #964, .T. ) ;
#52 = VECTOR ( 'NONE', #10, 1000.000000000000000 ) ;
#53 = CARTESIAN_POINT ( 'NONE',  ( 19.36489605842912809, 6.735734327260010090, 7.163593777863213496 ) ) ;
#54 = ORIENTED_EDGE ( 'NONE', *, *, #1139, .T. ) ;
#55 = CARTESIAN_POINT ( 'NONE',  ( 14.00000000000000178, 6.999999999999999112, 16.99999999999999645 ) ) ;
#56 = ORIENTED_EDGE ( 'NONE', *, *, #310, .F. ) ;
#57 = CARTESIAN_POINT ( 'NONE',  ( 17.01170995325761481, 8.198479576368201904, 15.49445475761665136 ) ) ;
#58 = CARTESIAN_POINT ( 'NONE',  ( 18.50000000000000000, 6.250000000000000888, 6.999999999999980460 ) ) ;
#59 = LINE ( 'NONE', #1027, #152 ) ;
#60 = DIRECTION ( 'NONE',  ( 1.000000000000000000, 0.000000000000000000, 0.000000000000000000 ) ) ;
#61 = PLANE ( 'NONE',  #888 ) ;
#62 = EDGE_CURVE ( 'NONE', #369, #701, #1067, .T. ) ;
#63 = ORIENTED_EDGE ( 'NONE', *, *, #1056, .T. ) ;
#64 = DIRECTION ( 'NONE',  ( -1.000000000000000000, 0.000000000000000000, 0.000000000000000000 ) ) ;
#65 = ORIENTED_EDGE ( 'NONE', *, *, #137, .F. ) ;
#66 = CARTESIAN_POINT ( 'NONE',  ( 17.33671861355875166, 8.446343759046564870, 17.45395144991392300 ) ) ;
#67 = CARTESIAN_POINT ( 'NONE',  ( 14.00000000000000178, 7.250000000000000888, 11.35999999999999943 ) ) ;
#68 = DIRECTION ( 'NONE',  ( -1.000000000000000000, -7.885106708985487801E-17, 0.000000000000000000 ) ) ;
#69 = PERSON_AND_ORGANIZATION_ROLE ( 'creator' ) ;
#70 = CARTESIAN_POINT ( 'NONE',  ( 14.00000000000000178, 0.000000000000000000, 25.00000000000000000 ) ) ;
#71 = LINE ( 'NONE', #942, #1270 ) ;
#72 = VERTEX_POINT ( 'NONE', #248 ) ;
#73 = ORIENTED_EDGE ( 'NONE', *, *, #755, .T. ) ;
#74 = CARTESIAN_POINT ( 'NONE',  ( 17.24678000034691649, 8.373949363771211907, 16.10605166937892818 ) ) ;
#75 = EDGE_CURVE ( 'NONE', #804, #1559, #208, .T. ) ;
#76 = DIRECTION ( 'NONE',  ( 4.790456687493994352E-16, -1.000000000000000000, 0.000000000000000000 ) ) ;
#77 = CYLINDRICAL_SURFACE ( 'NONE', #232, 3.359999999999998543 ) ;
#78 = AXIS2_PLACEMENT_3D ( 'NONE', #1260, #1021, #766 ) ;
#79 = VECTOR ( 'NONE', #111, 1000.000000000000000 ) ;
#80 = CARTESIAN_POINT ( 'NONE',  ( 13.99999999999999822, 3.500000000000000000, 12.50000000000000000 ) ) ;
#81 = ORIENTED_EDGE ( 'NONE', *, *, #441, .F. ) ;
#82 = VECTOR ( 'NONE', #543, 1000.000000000000000 ) ;
#83 = ORIENTED_EDGE ( 'NONE', *, *, #950, .F. ) ;
#84 = AXIS2_PLACEMENT_3D ( 'NONE', #697, #805, #68 ) ;
#85 = ADVANCED_FACE ( 'NONE', ( #254 ), #1221, .F. ) ;
#86 = DIRECTION ( 'NONE',  ( -0.000000000000000000, -1.000000000000000000, -0.000000000000000000 ) ) ;
#87 = VERTEX_POINT ( 'NONE', #884 ) ;
#88 = DATE_AND_TIME ( #1296, #1236 ) ;
#89 = CARTESIAN_POINT ( 'NONE',  ( 7.242413778650751865, 14.24999999999999822, 23.49999999999998934 ) ) ;
#90 = CARTESIAN_POINT ( 'NONE',  ( 14.00000000000000178, 6.999999999999999112, 7.999999999999998224 ) ) ;
#91 = ORIENTED_EDGE ( 'NONE', *, *, #967, .F. ) ;
#92 = ORIENTED_EDGE ( 'NONE', *, *, #666, .T. ) ;
#93 = EDGE_CURVE ( 'NONE', #1232, #1170, #509, .T. ) ;
#94 = CARTESIAN_POINT ( 'NONE',  ( 14.00000000000000178, 6.999999999999999112, 4.639999999999999680 ) ) ;
#95 = ADVANCED_FACE ( 'NONE', ( #431 ), #43, .F. ) ;
#96 = CARTESIAN_POINT ( 'NONE',  ( 12.89120001413600392, 7.364080063298784395, 13.82045239460225616 ) ) ;
#97 = VERTEX_POINT ( 'NONE', #894 ) ;
#98 = EDGE_LOOP ( 'NONE', ( #1192, #570, #375, #124 ) ) ;
#99 = DIRECTION ( 'NONE',  ( 0.000000000000000000, 0.000000000000000000, -1.000000000000000000 ) ) ;
#100 = DIRECTION ( 'NONE',  ( -0.000000000000000000, -0.000000000000000000, 1.000000000000000000 ) ) ;
#101 = DIRECTION ( 'NONE',  ( -0.000000000000000000, 0.000000000000000000, -1.000000000000000000 ) ) ;
#102 = CARTESIAN_POINT ( 'NONE',  ( 7.242413778650751865, 14.24999999999999822, 25.00000000000000000 ) ) ;
#103 = ORIENTED_EDGE ( 'NONE', *, *, #973, .T. ) ;
#104 = EDGE_CURVE ( 'NONE', #749, #1322, #1325, .T. ) ;
#105 = APPROVAL_PERSON_ORGANIZATION ( #427, #179, #862 ) ;
#106 = AXIS2_PLACEMENT_3D ( 'NONE', #758, #140, #768 ) ;
#107 = ORIENTED_EDGE ( 'NONE', *, *, #1223, .T. ) ;
#108 = AXIS2_PLACEMENT_3D ( 'NONE', #390, #622, #1479 ) ;
#109 = CIRCLE ( 'NONE', #1497, 1.700000000000000178 ) ;
#110 = ADVANCED_BREP_SHAPE_REPRESENTATION ( ' 032736_01', ( #469, #587 ), #785 ) ;
#111 = DIRECTION ( 'NONE',  ( 2.775557561562891351E-16, 0.000000000000000000, -1.000000000000000000 ) ) ;
#112 = DIRECTION ( 'NONE',  ( 0.000000000000000000, 0.000000000000000000, -1.000000000000000000 ) ) ;
#113 = ORIENTED_EDGE ( 'NONE', *, *, #1293, .T. ) ;
#114 = CARTESIAN_POINT ( 'NONE',  ( 19.93494613289723461, 5.994831222515064617, 7.039239758898366617 ) ) ;
#115 = CARTESIAN_POINT ( 'NONE',  ( 15.70908369509187530, 7.532293896214524942, 5.099110547742368382 ) ) ;
#116 = DIRECTION ( 'NONE',  ( -0.000000000000000000, 0.000000000000000000, 1.000000000000000000 ) ) ;
#117 = ORIENTED_EDGE ( 'NONE', *, *, #1044, .T. ) ;
#118 = CARTESIAN_POINT ( 'NONE',  ( 14.00000000000000533, 0.000000000000000000, 3.885780586188049469E-15 ) ) ;
#119 = DATE_AND_TIME ( #1414, #1519 ) ;
#120 = EDGE_CURVE ( 'NONE', #317, #1424, #1246, .T. ) ;
#121 = CARTESIAN_POINT ( 'NONE',  ( 19.36615642324629150, 5.763844834786231885, 7.163907857526356615 ) ) ;
#122 = DIRECTION ( 'NONE',  ( -0.000000000000000000, 1.000000000000000000, -0.000000000000000000 ) ) ;
#123 = CARTESIAN_POINT ( 'NONE',  ( 19.63510394157087546, 6.735734327260005649, 17.83640622213673765 ) ) ;
#124 = ORIENTED_EDGE ( 'NONE', *, *, #1500, .F. ) ;
#125 = AXIS2_PLACEMENT_3D ( 'NONE', #918, #801, #808 ) ;
#126 = VECTOR ( 'NONE', #184, 1000.000000000000000 ) ;
#127 = FACE_OUTER_BOUND ( 'NONE', #970, .T. ) ;
#128 = VECTOR ( 'NONE', #86, 1000.000000000000000 ) ;
#129 = EDGE_CURVE ( 'NONE', #783, #710, #902, .T. ) ;
#130 = CARTESIAN_POINT ( 'NONE',  ( 5.675320190850310809, 14.24999999999999822, 0.1428571428571416280 ) ) ;
#131 = LINE ( 'NONE', #1116, #1011 ) ;
#132 = DIRECTION ( 'NONE',  ( 0.000000000000000000, 0.7071067811865474617, 0.7071067811865474617 ) ) ;
#133 = ORIENTED_EDGE ( 'NONE', *, *, #421, .T. ) ;
#134 = CARTESIAN_POINT ( 'NONE',  ( 14.00000000000000533, 32.15309756378880479, 3.885780586188049469E-15 ) ) ;
#135 = PLANE ( 'NONE',  #1327 ) ;
#136 = DIRECTION ( 'NONE',  ( -0.000000000000000000, 1.000000000000000000, -0.000000000000000000 ) ) ;
#137 = EDGE_CURVE ( 'NONE', #649, #1432, #443, .T. ) ;
#138 = DIRECTION ( 'NONE',  ( 2.775557561562891351E-16, 0.000000000000000000, -1.000000000000000000 ) ) ;
#139 = ORIENTED_EDGE ( 'NONE', *, *, #810, .F. ) ;
#140 = DIRECTION ( 'NONE',  ( -0.6123724356957914727, 0.3535533905932755072, 0.7071067811865494601 ) ) ;
#141 = CARTESIAN_POINT ( 'NONE',  ( 0.000000000000000000, 0.000000000000000000, 25.00000000000000000 ) ) ;
#142 = PERSON_AND_ORGANIZATION_ROLE ( 'creator' ) ;
#143 = CARTESIAN_POINT ( 'NONE',  ( 17.34106442369658296, 8.382729849044428860, 0.3827298490444425161 ) ) ;
#144 = CARTESIAN_POINT ( 'NONE',  ( 13.99999999999999822, 3.500000000000000000, 24.50000000000000000 ) ) ;
#145 = EDGE_CURVE ( 'NONE', #617, #585, #1262, .T. ) ;
#146 = VERTEX_POINT ( 'NONE', #874 ) ;
#147 = CARTESIAN_POINT ( 'NONE',  ( 26.50000000000000000, 9.500000000000000000, 23.49999999999998934 ) ) ;
#148 = EDGE_LOOP ( 'NONE', ( #1004, #554, #593, #529 ) ) ;
#149 = SECURITY_CLASSIFICATION ( '', '', #1517 ) ;
#150 = CARTESIAN_POINT ( 'NONE',  ( 12.89120001413600569, 7.364080063298784395, 4.820452394602255275 ) ) ;
#151 = CIRCLE ( 'NONE', #1239, 1.699999999999998401 ) ;
#152 = VECTOR ( 'NONE', #815, 1000.000000000000000 ) ;
#153 = CARTESIAN_POINT ( 'NONE',  ( 16.90725799969903775, 8.126197331705341753, 6.302033984071525374 ) ) ;
#154 = LINE ( 'NONE', #31, #364 ) ;
#155 = CARTESIAN_POINT ( 'NONE',  ( 14.00000000000000178, 6.999999999999999112, 7.999999999999998224 ) ) ;
#156 = DIRECTION ( 'NONE',  ( -0.000000000000000000, 1.000000000000000000, -0.000000000000000000 ) ) ;
#157 = ORIENTED_EDGE ( 'NONE', *, *, #1554, .F. ) ;
#158 = EDGE_CURVE ( 'NONE', #617, #783, #1145, .T. ) ;
#159 = CARTESIAN_POINT ( 'NONE',  ( 14.00000000000000178, 7.250000000000000888, 13.63999999999999702 ) ) ;
#160 = ORIENTED_EDGE ( 'NONE', *, *, #120, .T. ) ;
#161 = CARTESIAN_POINT ( 'NONE',  ( 10.64020945015153963, 8.465857273910369685, 8.230802892264566850 ) ) ;
#162 = DIRECTION ( 'NONE',  ( -0.000000000000000000, 1.000000000000000000, -0.000000000000000000 ) ) ;
#163 = CARTESIAN_POINT ( 'NONE',  ( 14.00000000000000178, 7.250000000000000888, 11.35999999999999943 ) ) ;
#164 = DIRECTION ( 'NONE',  ( 1.000000000000000000, -0.000000000000000000, 5.697340647455876550E-64 ) ) ;
#165 = DIRECTION ( 'NONE',  ( 0.000000000000000000, 0.000000000000000000, 1.000000000000000000 ) ) ;
#166 = ORIENTED_EDGE ( 'NONE', *, *, #1451, .F. ) ;
#167 = LINE ( 'NONE', #648, #1399 ) ;
#168 = ORIENTED_EDGE ( 'NONE', *, *, #1320, .T. ) ;
#169 = CARTESIAN_POINT ( 'NONE',  ( 14.00000000000000178, 3.499999999999999556, 9.699999999999997513 ) ) ;
#170 = FACE_OUTER_BOUND ( 'NONE', #1063, .T. ) ;
#171 = CARTESIAN_POINT ( 'NONE',  ( 16.06666292855512879, 7.670084257053797039, 10.65804032773699461 ) ) ;
#172 = DIRECTION ( 'NONE',  ( 1.000000000000000000, -0.000000000000000000, 2.775557561562891351E-16 ) ) ;
#173 = CARTESIAN_POINT ( 'NONE',  ( 19.24564439979269181, 6.685309246800360761, 7.128094816284874291 ) ) ;
#174 = ORIENTED_EDGE ( 'NONE', *, *, #1151, .T. ) ;
#175 = DIRECTION ( 'NONE',  ( 1.000000000000000000, -0.000000000000000000, 5.697340647455876550E-64 ) ) ;
#176 = VERTEX_POINT ( 'NONE', #35 ) ;
#177 = DIRECTION ( 'NONE',  ( 0.000000000000000000, 0.7071067811865474617, 0.7071067811865474617 ) ) ;
#178 = AXIS2_PLACEMENT_3D ( 'NONE', #402, #1154, #64 ) ;
#179 = APPROVAL ( #1269, 'UNSPECIFIED' ) ;
#180 = CARTESIAN_POINT ( 'NONE',  ( 17.36008004856493159, 8.466098404999565119, 8.224103486000096552 ) ) ;
#181 = AXIS2_PLACEMENT_3D ( 'NONE', #719, #116, #1336 ) ;
#182 = CARTESIAN_POINT ( 'NONE',  ( 19.05722620814016111, 6.514708572581350055, 7.038479595828391666 ) ) ;
#183 = ORIENTED_EDGE ( 'NONE', *, *, #803, .F. ) ;
#184 = DIRECTION ( 'NONE',  ( 0.000000000000000000, -0.7071067811865462405, 0.7071067811865489050 ) ) ;
#185 = VERTEX_POINT ( 'NONE', #159 ) ;
#186 = LINE ( 'NONE', #797, #1274 ) ;
#187 = CARTESIAN_POINT ( 'NONE',  ( 14.00000000000000178, 9.500000000000000000, 7.999999999999998224 ) ) ;
#188 = CARTESIAN_POINT ( 'NONE',  ( 0.000000000000000000, 14.24999999999999467, 25.00000000000000000 ) ) ;
#189 = SHAPE_DEFINITION_REPRESENTATION ( #1160, #110 ) ;
#190 = FACE_OUTER_BOUND ( 'NONE', #148, .T. ) ;
#191 = LINE ( 'NONE', #102, #47 ) ;
#192 = ORIENTED_EDGE ( 'NONE', *, *, #1, .F. ) ;
#193 = EDGE_CURVE ( 'NONE', #551, #317, #625, .T. ) ;
#194 = ORIENTED_EDGE ( 'NONE', *, *, #38, .F. ) ;
#195 = CARTESIAN_POINT ( 'NONE',  ( 16.06598019436921376, 7.669803643029557527, 14.34145669068140982 ) ) ;
#196 = DIRECTION ( 'NONE',  ( 0.5150380749100552658, 0.000000000000000000, -0.8571673007021116675 ) ) ;
#197 = CARTESIAN_POINT ( 'NONE',  ( 0.000000000000000000, 0.000000000000000000, 0.000000000000000000 ) ) ;
#198 = ORIENTED_EDGE ( 'NONE', *, *, #258, .F. ) ;
#199 = DIRECTION ( 'NONE',  ( 1.000000000000000000, -0.000000000000000000, 5.697340647455876550E-64 ) ) ;
#200 = CARTESIAN_POINT ( 'NONE',  ( 11.09319603805512244, 8.125894560238094755, 18.69874060289274453 ) ) ;
#201 = ORIENTED_EDGE ( 'NONE', *, *, #846, .T. ) ;
#202 = EDGE_CURVE ( 'NONE', #1459, #146, #519, .T. ) ;
#203 = ORIENTED_EDGE ( 'NONE', *, *, #484, .F. ) ;
#204 = CARTESIAN_POINT ( 'NONE',  ( 16.23243421295286737, 7.745274264236355677, 14.47974939072467038 ) ) ;
#205 = LINE ( 'NONE', #197, #986 ) ;
#206 = CARTESIAN_POINT ( 'NONE',  ( 26.50000000000000000, 6.250000000000000888, 6.999999999999980460 ) ) ;
#207 = CIRCLE ( 'NONE', #1089, 1.699999999999998401 ) ;
#208 = CIRCLE ( 'NONE', #957, 0.7999999999999986011 ) ;
#209 = CARTESIAN_POINT ( 'NONE',  ( 11.77000541857620597, 7.744095988874759584, 14.47749842226292394 ) ) ;
#210 = VERTEX_POINT ( 'NONE', #147 ) ;
#211 = AXIS2_PLACEMENT_3D ( 'NONE', #868, #415, #1484 ) ;
#212 = ORIENTED_EDGE ( 'NONE', *, *, #736, .T. ) ;
#213 = EDGE_CURVE ( 'NONE', #1234, #1411, #1003, .T. ) ;
#214 = EDGE_CURVE ( 'NONE', #1074, #355, #1194, .T. ) ;
#215 = LINE ( 'NONE', #898, #1147 ) ;
#216 = CARTESIAN_POINT ( 'NONE',  ( 14.00000000000000178, 6.999999999999999112, 13.63999999999999879 ) ) ;
#217 = CARTESIAN_POINT ( 'NONE',  ( 11.09253119661542719, 8.126328789775639549, 15.30234379562564939 ) ) ;
#218 = ORIENTED_EDGE ( 'NONE', *, *, #158, .F. ) ;
#219 = ORIENTED_EDGE ( 'NONE', *, *, #289, .F. ) ;
#220 = FACE_OUTER_BOUND ( 'NONE', #508, .T. ) ;
#221 = DIRECTION ( 'NONE',  ( 1.000000000000000000, -0.000000000000000000, 5.697340647455876550E-64 ) ) ;
#222 = EDGE_CURVE ( 'NONE', #783, #591, #1134, .T. ) ;
#223 = DIRECTION ( 'NONE',  ( -0.5000000000000036637, -0.8660254037844364872, -0.000000000000000000 ) ) ;
#224 = DIRECTION ( 'NONE',  ( -0.000000000000000000, -1.000000000000000000, -0.000000000000000000 ) ) ;
#225 = CARTESIAN_POINT ( 'NONE',  ( 26.50000000000000000, 6.249999999999999112, 17.99999999999997868 ) ) ;
#226 = VERTEX_POINT ( 'NONE', #1501 ) ;
#227 = ORIENTED_EDGE ( 'NONE', *, *, #1344, .F. ) ;
#228 = CC_DESIGN_DATE_AND_TIME_ASSIGNMENT ( #88, #566, ( #149 ) ) ;
#229 = LINE ( 'NONE', #1207, #608 ) ;
#230 = AXIS2_PLACEMENT_3D ( 'NONE', #1555, #955, #476 ) ;
#231 = ORIENTED_EDGE ( 'NONE', *, *, #1515, .F. ) ;
#232 = AXIS2_PLACEMENT_3D ( 'NONE', #567, #329, #1430 ) ;
#233 = AXIS2_PLACEMENT_3D ( 'NONE', #1026, #425, #776 ) ;
#234 = COORDINATED_UNIVERSAL_TIME_OFFSET ( 0, 0, .AHEAD. ) ;
#235 = CARTESIAN_POINT ( 'NONE',  ( 19.98599199860705866, 6.115459965752419791, 7.008946127859278619 ) ) ;
#236 = DIRECTION ( 'NONE',  ( 0.6123724356957939152, -0.3535533905932768950, 0.7071067811865465735 ) ) ;
#237 = FACE_OUTER_BOUND ( 'NONE', #934, .T. ) ;
#238 = CARTESIAN_POINT ( 'NONE',  ( 19.00000000000001066, 6.249999999999999112, -1.494069094959768295E-15 ) ) ;
#239 = ADVANCED_FACE ( 'NONE', ( #632 ), #711, .F. ) ;
#240 = PERSON ( 'UNSPECIFIED', 'UNSPECIFIED', 'UNSPECIFIED', ('UNSPECIFIED'), ('UNSPECIFIED'), ('UNSPECIFIED') ) ;
#241 = EDGE_LOOP ( 'NONE', ( #501, #410 ) ) ;
#242 = COORDINATED_UNIVERSAL_TIME_OFFSET ( 0, 0, .AHEAD. ) ;
#243 = CARTESIAN_POINT ( 'NONE',  ( 19.36575342826157353, 5.763923676893093706, 17.83616218190984881 ) ) ;
#244 = DIRECTION ( 'NONE',  ( -0.000000000000000000, -0.000000000000000000, -1.000000000000000000 ) ) ;
#245 = CARTESIAN_POINT ( 'NONE',  ( 14.00000000000000178, 5.340000000000000746, 7.999999999999998224 ) ) ;
#246 = ORIENTED_EDGE ( 'NONE', *, *, #1171, .T. ) ;
#247 = EDGE_CURVE ( 'NONE', #25, #355, #167, .T. ) ;
#248 = CARTESIAN_POINT ( 'NONE',  ( 19.99999999999998934, 6.249999999999999112, 25.00000000000000000 ) ) ;
#249 = LINE ( 'NONE', #938, #1349 ) ;
#250 = FACE_OUTER_BOUND ( 'NONE', #1353, .T. ) ;
#251 = CARTESIAN_POINT ( 'NONE',  ( 14.00000000000000178, 6.999999999999999112, 11.35999999999999766 ) ) ;
#252 = ORIENTED_EDGE ( 'NONE', *, *, #222, .T. ) ;
#253 = CONICAL_SURFACE ( 'NONE', #338, 3.359999999999998543, 0.7853981633974482790 ) ;
#254 = FACE_OUTER_BOUND ( 'NONE', #1159, .T. ) ;
#255 = EDGE_CURVE ( 'NONE', #318, #1111, #360, .T. ) ;
#256 = CARTESIAN_POINT ( 'NONE',  ( 14.00000000000000178, 9.500000000000000000, 7.999999999999998224 ) ) ;
#257 = CIRCLE ( 'NONE', #78, 12.00000000000000000 ) ;
#258 = EDGE_CURVE ( 'NONE', #438, #146, #511, .T. ) ;
#259 = DIRECTION ( 'NONE',  ( 0.000000000000000000, 0.000000000000000000, -1.000000000000000000 ) ) ;
#260 = CARTESIAN_POINT ( 'NONE',  ( 7.242413778650751865, 14.24999999999999822, 0.000000000000000000 ) ) ;
#261 = FACE_OUTER_BOUND ( 'NONE', #534, .T. ) ;
#262 = ORIENTED_EDGE ( 'NONE', *, *, #510, .T. ) ;
#263 = CYLINDRICAL_SURFACE ( 'NONE', #211, 5.249999999999997335 ) ;
#264 = ORIENTED_EDGE ( 'NONE', *, *, #744, .T. ) ;
#265 = ADVANCED_FACE ( 'NONE', ( #1473 ), #26, .F. ) ;
#266 = DATE_AND_TIME ( #1356, #1193 ) ;
#267 = CARTESIAN_POINT ( 'NONE',  ( 26.50000000000000000, 6.249999999999999112, 16.39999999999998082 ) ) ;
#268 = CARTESIAN_POINT ( 'NONE',  ( 18.30842198490351791, 9.499999999999998224, 25.00000000000000000 ) ) ;
#269 = EDGE_LOOP ( 'NONE', ( #925, #1176, #908, #91 ) ) ;
#270 = DIRECTION ( 'NONE',  ( -1.000000000000000000, -7.885106708985487801E-17, 0.000000000000000000 ) ) ;
#271 = ORIENTED_EDGE ( 'NONE', *, *, #1536, .F. ) ;
#272 = CARTESIAN_POINT ( 'NONE',  ( 14.00000000000000178, 7.250000000000000888, 4.639999999999997904 ) ) ;
#273 = COORDINATED_UNIVERSAL_TIME_OFFSET ( 0, 0, .AHEAD. ) ;
#274 = FACE_BOUND ( 'NONE', #1481, .T. ) ;
#275 = DIRECTION ( 'NONE',  ( -1.000000000000000000, 0.000000000000000000, 0.000000000000000000 ) ) ;
#276 = ORIENTED_EDGE ( 'NONE', *, *, #255, .T. ) ;
#277 = DIRECTION ( 'NONE',  ( -1.000000000000000000, 0.000000000000000000, 0.000000000000000000 ) ) ;
#278 = EDGE_LOOP ( 'NONE', ( #733, #1513, #597, #769 ) ) ;
#279 = AXIS2_PLACEMENT_3D ( 'NONE', #400, #304, #891 ) ;
#280 = VECTOR ( 'NONE', #1394, 1000.000000000000000 ) ;
#281 = LINE ( 'NONE', #1228, #1305 ) ;
#282 = CIRCLE ( 'NONE', #489, 1.699999999999998401 ) ;
#283 = CC_DESIGN_APPROVAL ( #179, ( #542 ) ) ;
#284 = CARTESIAN_POINT ( 'NONE',  ( 17.24694641302533782, 8.374086886902244231, 8.892805698845073437 ) ) ;
#285 = DIRECTION ( 'NONE',  ( 0.000000000000000000, 0.000000000000000000, 1.000000000000000000 ) ) ;
#286 = CARTESIAN_POINT ( 'NONE',  ( 26.50000000000000000, 9.500000000000000000, 25.00000000000000000 ) ) ;
#287 = CARTESIAN_POINT ( 'NONE',  ( 14.00000000000000178, 3.499999999999999556, 6.299999999999999822 ) ) ;
#288 = ORIENTED_EDGE ( 'NONE', *, *, #494, .F. ) ;
#289 = EDGE_CURVE ( 'NONE', #210, #759, #553, .T. ) ;
#290 = DIRECTION ( 'NONE',  ( 0.000000000000000000, 0.000000000000000000, -1.000000000000000000 ) ) ;
#291 = B_SPLINE_CURVE_WITH_KNOTS ( 'NONE', 3,
 ( #1211, #1195, #472, #478, #492, #1562, #1060, #243, #599, #956, #1440, #1541, #1082, #346, #717, #1200, #1088, #825 ),
 .UNSPECIFIED., .F., .F.,
 ( 4, 2, 2, 2, 2, 2, 2, 2, 4 ),
 ( 0.001608402159740265382, 0.001808995445537786659, 0.002009588731335307937, 0.002210182017132829649, 0.002410775302930350927, 0.002611368588727872204, 0.002811961874525393916, 0.003012555160322915194, 0.003213148446120436472 ),
 .UNSPECIFIED. ) ;
#292 = ORIENTED_EDGE ( 'NONE', *, *, #1313, .F. ) ;
#293 = CARTESIAN_POINT ( 'NONE',  ( 10.81862345466821118, 8.322397674764959064, 6.897212389679994615 ) ) ;
#294 =( NAMED_UNIT ( * ) SI_UNIT ( $, .STERADIAN. ) SOLID_ANGLE_UNIT ( ) );
#295 = PLANE ( 'NONE',  #1115 ) ;
#296 = CARTESIAN_POINT ( 'NONE',  ( 13.10762764232686628, 7.321662374220750280, 20.24707395168412205 ) ) ;
#297 = ORIENTED_EDGE ( 'NONE', *, *, #358, .F. ) ;
#298 = DIRECTION ( 'NONE',  ( 0.7559289460184545062, 3.621244874724391583E-16, -0.6546536707079770867 ) ) ;
#299 = ORIENTED_EDGE ( 'NONE', *, *, #1485, .F. ) ;
#300 = EDGE_CURVE ( 'NONE', #1023, #1234, #151, .T. ) ;
#301 = CARTESIAN_POINT ( 'NONE',  ( 12.28273658615851360, 7.521160309554304924, 10.92139721936533903 ) ) ;
#302 = B_SPLINE_CURVE_WITH_KNOTS ( 'NONE', 3,
 ( #722, #1206, #235, #114, #365, #605, #703, #835, #1556, #356, #121, #951, #1326, #1075, #1339, #1550, #965, #843 ),
 .UNSPECIFIED., .F., .F.,
 ( 4, 2, 2, 2, 2, 2, 2, 2, 4 ),
 ( 0.001608402159740259961, 0.001808995445537782106, 0.002009588731335304034, 0.002210182017132826179, 0.002410775302930348325, 0.002611368588727870470, 0.002811961874525392615, 0.003012555160322914760, 0.003213148446120436905 ),
 .UNSPECIFIED. ) ;
#303 =( NAMED_UNIT ( * ) PLANE_ANGLE_UNIT ( ) SI_UNIT ( $, .RADIAN. ) );
#304 = DIRECTION ( 'NONE',  ( -0.000000000000000000, -0.000000000000000000, 1.000000000000000000 ) ) ;
#305 = VERTEX_POINT ( 'NONE', #1225 ) ;
#306 = DIRECTION ( 'NONE',  ( 0.000000000000000000, 0.000000000000000000, -1.000000000000000000 ) ) ;
#307 = ORIENTED_EDGE ( 'NONE', *, *, #915, .T. ) ;
#308 = DIRECTION ( 'NONE',  ( 0.000000000000000000, 1.000000000000000000, 0.000000000000000000 ) ) ;
#309 = DIRECTION ( 'NONE',  ( -0.000000000000000000, 1.000000000000000000, -0.000000000000000000 ) ) ;
#310 = EDGE_CURVE ( 'NONE', #1322, #749, #1520, .T. ) ;
#311 = DIRECTION ( 'NONE',  ( 0.000000000000000000, 0.000000000000000000, -1.000000000000000000 ) ) ;
#312 = VECTOR ( 'NONE', #340, 1000.000000000000000 ) ;
#313 = ADVANCED_FACE ( 'NONE', ( #23, #274, #40 ), #408, .T. ) ;
#314 = CALENDAR_DATE ( 2024, 9, 5 ) ;
#315 = VECTOR ( 'NONE', #887, 1000.000000000000000 ) ;
#316 = CARTESIAN_POINT ( 'NONE',  ( 19.00000000000000355, 6.386180341066603816, 6.999999999999978684 ) ) ;
#317 = VERTEX_POINT ( 'NONE', #1251 ) ;
#318 = VERTEX_POINT ( 'NONE', #498 ) ;
#319 = LINE ( 'NONE', #1156, #568 ) ;
#320 = CARTESIAN_POINT ( 'NONE',  ( 26.50000000000000000, 7.999999999999992895, 25.00000000000000000 ) ) ;
#321 = CARTESIAN_POINT ( 'NONE',  ( 19.99999999999999289, 6.249999999999999112, 25.00000000000000000 ) ) ;
#322 = ADVANCED_FACE ( 'NONE', ( #1230 ), #295, .F. ) ;
#323 = CARTESIAN_POINT ( 'NONE',  ( 10.75210288000205061, 8.374836559534282188, 16.11040219712012345 ) ) ;
#324 = ORIENTED_EDGE ( 'NONE', *, *, #421, .F. ) ;
#325 = B_SPLINE_CURVE_WITH_KNOTS ( 'NONE', 3,
 ( #1303, #684, #671, #1286, #335, #327, #1163, #195, #204, #439, #1540, #1396, #57, #659, #74, #1033, #1178, #555, #66, #572, #910, #1052, #1514, #454, #1420, #1405, #1025, #812, #1525, #695, #1277, #462, #1041, #935 ),
 .UNSPECIFIED., .F., .F.,
 ( 4, 2, 2, 2, 2, 2, 2, 2, 2, 2, 2, 2, 2, 2, 2, 2, 4 ),
 ( 0.01082339674996765991, 0.01149909314399458204, 0.01217478953802150418, 0.01285048593204843152, 0.01352618232607535886, 0.01420187872010228447, 0.01487757511412921181, 0.01555327150815613395, 0.01622896790218305435, 0.01690466429620997996, 0.01758036069023689862, 0.01825605708426382423, 0.01893175347829074290, 0.01960744987231766850, 0.02028314626634459064, 0.02095884266037151278, 0.02163453905439843838 ),
 .UNSPECIFIED. ) ;
#326 = EDGE_LOOP ( 'NONE', ( #633, #1531, #219, #1342 ) ) ;
#327 = CARTESIAN_POINT ( 'NONE',  ( 15.51530979917631115, 7.469040333484913141, 13.99295007304992744 ) ) ;
#328 = CARTESIAN_POINT ( 'NONE',  ( 10.65893557630341881, 8.382729849044425308, 0.3827298490444403511 ) ) ;
#329 = DIRECTION ( 'NONE',  ( -0.000000000000000000, 1.000000000000000000, -0.000000000000000000 ) ) ;
#330 = FACE_OUTER_BOUND ( 'NONE', #343, .T. ) ;
#331 = CC_DESIGN_PERSON_AND_ORGANIZATION_ASSIGNMENT ( #806, #69, ( #1172 ) ) ;
#332 = ORIENTED_EDGE ( 'NONE', *, *, #923, .T. ) ;
#333 = EDGE_CURVE ( 'NONE', #226, #1146, #1567, .T. ) ;
#334 = ORIENTED_EDGE ( 'NONE', *, *, #1515, .T. ) ;
#335 = CARTESIAN_POINT ( 'NONE',  ( 15.10808183042502328, 7.363963238968857183, 13.82027238466372587 ) ) ;
#336 = FACE_OUTER_BOUND ( 'NONE', #1523, .T. ) ;
#337 = FACE_OUTER_BOUND ( 'NONE', #1566, .T. ) ;
#338 = AXIS2_PLACEMENT_3D ( 'NONE', #90, #692, #1057 ) ;
#339 = VECTOR ( 'NONE', #1436, 1000.000000000000000 ) ;
#340 = DIRECTION ( 'NONE',  ( 0.5150380749100552658, 1.049727191138617833E-16, 0.8571673007021116675 ) ) ;
#341 = VERTEX_POINT ( 'NONE', #1240 ) ;
#342 = VECTOR ( 'NONE', #830, 1000.000000000000000 ) ;
#343 = EDGE_LOOP ( 'NONE', ( #520, #496, #811, #382, #192, #54 ) ) ;
#344 = LINE ( 'NONE', #1264, #385 ) ;
#345 = ADVANCED_FACE ( 'NONE', ( #1123 ), #881, .F. ) ;
#346 = CARTESIAN_POINT ( 'NONE',  ( 19.89804509006012267, 5.940778182337427715, 17.93952452133226316 ) ) ;
#347 = DIRECTION ( 'NONE',  ( -0.000000000000000000, 1.000000000000000000, -0.000000000000000000 ) ) ;
#348 = DIRECTION ( 'NONE',  ( -2.775557561562891351E-16, 0.000000000000000000, 1.000000000000000000 ) ) ;
#349 = ORIENTED_EDGE ( 'NONE', *, *, #247, .F. ) ;
#350 = ORIENTED_EDGE ( 'NONE', *, *, #552, .F. ) ;
#351 = EDGE_CURVE ( 'NONE', #583, #611, #911, .T. ) ;
#352 = CARTESIAN_POINT ( 'NONE',  ( 4.500000000000001776, 9.499999999999998224, 25.00000000000000000 ) ) ;
#353 = DIRECTION ( 'NONE',  ( 0.000000000000000000, 0.000000000000000000, -1.000000000000000000 ) ) ;
#354 = CARTESIAN_POINT ( 'NONE',  ( 18.99999999999999645, 6.250000000000000000, 17.99999999999998579 ) ) ;
#355 = VERTEX_POINT ( 'NONE', #267 ) ;
#356 = CARTESIAN_POINT ( 'NONE',  ( 19.43320397927867305, 5.749964986115261745, 7.175528233697443525 ) ) ;
#357 = ORIENTED_EDGE ( 'NONE', *, *, #1266, .F. ) ;
#358 = EDGE_CURVE ( 'NONE', #438, #710, #745, .T. ) ;
#359 = DIRECTION ( 'NONE',  ( -0.000000000000000000, 1.000000000000000000, -0.000000000000000000 ) ) ;
#360 = CIRCLE ( 'NONE', #814, 1.700000000000000178 ) ;
#361 = DIRECTION ( 'NONE',  ( 0.000000000000000000, 0.000000000000000000, 1.000000000000000000 ) ) ;
#362 = ORIENTED_EDGE ( 'NONE', *, *, #129, .F. ) ;
#363 = CARTESIAN_POINT ( 'NONE',  ( 0.000000000000000000, 0.000000000000000000, 25.00000000000000000 ) ) ;
#364 = VECTOR ( 'NONE', #285, 1000.000000000000000 ) ;
#365 = CARTESIAN_POINT ( 'NONE',  ( 19.89807165210872242, 5.940791325657341027, 7.060464913021503364 ) ) ;
#366 = LINE ( 'NONE', #600, #464 ) ;
#367 = EDGE_CURVE ( 'NONE', #1424, #649, #817, .T. ) ;
#368 = CARTESIAN_POINT ( 'NONE',  ( 19.10166475856044244, 6.558911439725377157, 17.93967126591048711 ) ) ;
#369 = VERTEX_POINT ( 'NONE', #879 ) ;
#370 = DIRECTION ( 'NONE',  ( 0.000000000000000000, 0.000000000000000000, -1.000000000000000000 ) ) ;
#371 = CARTESIAN_POINT ( 'NONE',  ( 18.50000000000000000, 6.249999999999999112, 17.19999999999997797 ) ) ;
#372 = DIRECTION ( 'NONE',  ( -0.5000000000000036637, -0.8660254037844364872, 0.000000000000000000 ) ) ;
#373 = CARTESIAN_POINT ( 'NONE',  ( 14.00000000000000178, 9.500000000000000000, 16.99999999999999645 ) ) ;
#374 = CARTESIAN_POINT ( 'NONE',  ( 14.00000000000000533, 3.499999999999999556, 3.885780586188049469E-15 ) ) ;
#375 = ORIENTED_EDGE ( 'NONE', *, *, #973, .F. ) ;
#376 = EDGE_CURVE ( 'NONE', #954, #822, #131, .T. ) ;
#377 = CARTESIAN_POINT ( 'NONE',  ( 14.00000000000000000, 12.49999999999999822, 25.00000000000000000 ) ) ;
#378 = CARTESIAN_POINT ( 'NONE',  ( 11.46648973892933832, 7.898606237968079924, 5.782520394701422539 ) ) ;
#379 = CARTESIAN_POINT ( 'NONE',  ( 14.00000000000000178, 9.500000000000000000, 11.35999999999999943 ) ) ;
#380 = CARTESIAN_POINT ( 'NONE',  ( 13.99999999999999822, 3.500000000000000000, 12.50000000000000000 ) ) ;
#381 = CARTESIAN_POINT ( 'NONE',  ( 19.00000000000000355, 6.317599591890879829, 17.99999999999997868 ) ) ;
#382 = ORIENTED_EDGE ( 'NONE', *, *, #1476, .T. ) ;
#383 = AXIS2_PLACEMENT_3D ( 'NONE', #373, #122, #2 ) ;
#384 = AXIS2_PLACEMENT_3D ( 'NONE', #748, #1233, #277 ) ;
#385 = VECTOR ( 'NONE', #308, 1000.000000000000000 ) ;
#386 = ADVANCED_FACE ( 'NONE', ( #1106 ), #871, .F. ) ;
#387 = CARTESIAN_POINT ( 'NONE',  ( 10.66249368074922543, 8.446993624282452373, 7.551367052100679267 ) ) ;
#388 = AXIS2_PLACEMENT_3D ( 'NONE', #610, #507, #984 ) ;
#389 = CARTESIAN_POINT ( 'NONE',  ( 16.66880272693365228, 7.976749966815115833, 5.947506474364995910 ) ) ;
#390 = CARTESIAN_POINT ( 'NONE',  ( 19.50000000000000000, 6.249999999999999112, 0.000000000000000000 ) ) ;
#391 = LINE ( 'NONE', #268, #52 ) ;
#392 = ORIENTED_EDGE ( 'NONE', *, *, #1313, .T. ) ;
#393 = CARTESIAN_POINT ( 'NONE',  ( 0.000000000000000000, 14.24999999999999467, 25.00000000000000000 ) ) ;
#394 = ORIENTED_EDGE ( 'NONE', *, *, #434, .F. ) ;
#395 = CARTESIAN_POINT ( 'NONE',  ( 10.66394096125842950, 8.445798580117733323, 8.458476428444702933 ) ) ;
#396 = APPROVAL ( #444, 'UNSPECIFIED' ) ;
#397 = CARTESIAN_POINT ( 'NONE',  ( 26.50000000000000000, 9.500000000000000000, 25.00000000000000000 ) ) ;
#398 = CARTESIAN_POINT ( 'NONE',  ( 15.51462703553331401, 7.468917575362625350, 11.00724232646681777 ) ) ;
#399 = DIRECTION ( 'NONE',  ( 0.000000000000000000, 0.000000000000000000, 1.000000000000000000 ) ) ;
#400 = CARTESIAN_POINT ( 'NONE',  ( 19.50000000000000000, 6.249999999999999112, 25.00000000000000000 ) ) ;
#401 = EDGE_LOOP ( 'NONE', ( #1191, #949, #963, #157 ) ) ;
#402 = CARTESIAN_POINT ( 'NONE',  ( 19.50000000000000000, 6.249999999999999112, 0.000000000000000000 ) ) ;
#403 = ORIENTED_EDGE ( 'NONE', *, *, #434, .T. ) ;
#404 = DIRECTION ( 'NONE',  ( 1.000000000000000000, 7.885106708985487801E-17, 0.000000000000000000 ) ) ;
#405 = FACE_OUTER_BOUND ( 'NONE', #422, .T. ) ;
#406 = CARTESIAN_POINT ( 'NONE',  ( 16.23062736671460726, 7.744441578978307206, 10.52179174700487252 ) ) ;
#407 = EDGE_CURVE ( 'NONE', #1059, #895, #506, .T. ) ;
#408 = PLANE ( 'NONE',  #855 ) ;
#409 = DIRECTION ( 'NONE',  ( 0.5000000000000036637, 0.8660254037844364872, 0.000000000000000000 ) ) ;
#410 = ORIENTED_EDGE ( 'NONE', *, *, #75, .F. ) ;
#411 = CARTESIAN_POINT ( 'NONE',  ( 26.50000000000000000, 9.500000000000000000, 1.500000000000011768 ) ) ;
#412 = ORIENTED_EDGE ( 'NONE', *, *, #869, .F. ) ;
#413 = APPROVAL_PERSON_ORGANIZATION ( #1439, #676, #1332 ) ;
#414 = VECTOR ( 'NONE', #842, 1000.000000000000000 ) ;
#415 = DIRECTION ( 'NONE',  ( -0.000000000000000000, -0.000000000000000000, -1.000000000000000000 ) ) ;
#416 = VECTOR ( 'NONE', #32, 1000.000000000000000 ) ;
#417 = AXIS2_PLACEMENT_3D ( 'NONE', #673, #1179, #1046 ) ;
#418 = LINE ( 'NONE', #654, #1467 ) ;
#419 = CARTESIAN_POINT ( 'NONE',  ( 26.50000000000000000, 9.500000000000000000, 23.49999999999998934 ) ) ;
#420 = FACE_OUTER_BOUND ( 'NONE', #867, .T. ) ;
#421 = EDGE_CURVE ( 'NONE', #305, #226, #982, .T. ) ;
#422 = EDGE_LOOP ( 'NONE', ( #985, #1053, #560, #1361 ) ) ;
#423 = DIRECTION ( 'NONE',  ( 1.000000000000000000, -0.000000000000000000, 5.697340647455876550E-64 ) ) ;
#424 = ORIENTED_EDGE ( 'NONE', *, *, #17, .T. ) ;
#425 = DIRECTION ( 'NONE',  ( -0.8660254037844365982, 0.5000000000000037748, 0.000000000000000000 ) ) ;
#426 = CARTESIAN_POINT ( 'NONE',  ( 10.11617865982889874, 8.890213749143551780, 0.8902137491435645478 ) ) ;
#427 = PERSON_AND_ORGANIZATION ( #240, #686 ) ;
#428 = CARTESIAN_POINT ( 'NONE',  ( 19.98631542362237212, 6.383774707985926611, 7.008754162999812465 ) ) ;
#429 = ORIENTED_EDGE ( 'NONE', *, *, #598, .T. ) ;
#430 = CC_DESIGN_DATE_AND_TIME_ASSIGNMENT ( #992, #1290, ( #542 ) ) ;
#431 = FACE_OUTER_BOUND ( 'NONE', #767, .T. ) ;
#432 = ORIENTED_EDGE ( 'NONE', *, *, #831, .F. ) ;
#433 = CARTESIAN_POINT ( 'NONE',  ( 11.46890337758842726, 7.897340675129576049, 10.22002131303618633 ) ) ;
#434 = EDGE_CURVE ( 'NONE', #1317, #1273, #1196, .T. ) ;
#435 = CYLINDRICAL_SURFACE ( 'NONE', #1375, 0.7999999999999977129 ) ;
#436 = CARTESIAN_POINT ( 'NONE',  ( 12.89091425280454750, 7.364217354746517508, 20.17931087530402223 ) ) ;
#437 = ORIENTED_EDGE ( 'NONE', *, *, #28, .T. ) ;
#438 = VERTEX_POINT ( 'NONE', #1461 ) ;
#439 = CARTESIAN_POINT ( 'NONE',  ( 16.53422169130482189, 7.899032736824164402, 14.78343823274981261 ) ) ;
#440 = CYLINDRICAL_SURFACE ( 'NONE', #839, 1.699999999999998401 ) ;
#441 = EDGE_CURVE ( 'NONE', #1499, #1539, #1131, .T. ) ;
#442 = PLANE ( 'NONE',  #1429 ) ;
#443 = CIRCLE ( 'NONE', #384, 5.249999999999997335 ) ;
#444 = APPROVAL_STATUS ( 'not_yet_approved' ) ;
#445 = CARTESIAN_POINT ( 'NONE',  ( 0.000000000000000000, 0.000000000000000000, 0.000000000000000000 ) ) ;
#446 = AXIS2_PLACEMENT_3D ( 'NONE', #245, #1078, #361 ) ;
#447 = DIRECTION ( 'NONE',  ( 0.5150380749100552658, 1.049727191138617833E-16, 0.8571673007021116675 ) ) ;
#448 = VERTEX_POINT ( 'NONE', #1487 ) ;
#449 = ORIENTED_EDGE ( 'NONE', *, *, #869, .T. ) ;
#450 = DIRECTION ( 'NONE',  ( -0.000000000000000000, -1.000000000000000000, -0.000000000000000000 ) ) ;
#451 = CARTESIAN_POINT ( 'NONE',  ( 11.46648973892934009, 7.898606237968079924, 14.78252039470142165 ) ) ;
#452 = ORIENTED_EDGE ( 'NONE', *, *, #1398, .T. ) ;
#453 = ORIENTED_EDGE ( 'NONE', *, *, #1458, .F. ) ;
#454 = CARTESIAN_POINT ( 'NONE',  ( 16.66893758207196186, 7.976834006353520579, 19.05229564337543380 ) ) ;
#455 = DIRECTION ( 'NONE',  ( 1.000000000000000000, 0.000000000000000000, 0.000000000000000000 ) ) ;
#456 = LINE ( 'NONE', #1297, #50 ) ;
#457 = DIRECTION ( 'NONE',  ( 1.000000000000000000, 7.885106708985487801E-17, 0.000000000000000000 ) ) ;
#458 = EDGE_LOOP ( 'NONE', ( #1183, #1474, #201 ) ) ;
#459 = ADVANCED_FACE ( 'NONE', ( #525 ), #463, .F. ) ;
#460 = UNCERTAINTY_MEASURE_WITH_UNIT (LENGTH_MEASURE( 1.000000000000000082E-05 ), #39, 'distance_accuracy_value', 'NONE');
#461 = VERTEX_POINT ( 'NONE', #70 ) ;
#462 = CARTESIAN_POINT ( 'NONE',  ( 14.45874042336017240, 7.265337708780000625, 20.33617136775905720 ) ) ;
#463 = CYLINDRICAL_SURFACE ( 'NONE', #983, 3.360000000000000320 ) ;
#464 = VECTOR ( 'NONE', #1456, 1000.000000000000000 ) ;
#465 = AXIS2_PLACEMENT_3D ( 'NONE', #55, #1360, #535 ) ;
#466 = CARTESIAN_POINT ( 'NONE',  ( 13.77408857037356427, 7.250000000000000000, 13.63999999999999524 ) ) ;
#467 = ORIENTED_EDGE ( 'NONE', *, *, #824, .F. ) ;
#468 = CIRCLE ( 'NONE', #417, 0.4999999999999900080 ) ;
#469 = MANIFOLD_SOLID_BREP ( 'Cut-Extrude4', #565 ) ;
#470 = CC_DESIGN_PERSON_AND_ORGANIZATION_ASSIGNMENT ( #878, #30, ( #1031 ) ) ;
#471 = ORIENTED_EDGE ( 'NONE', *, *, #604, .F. ) ;
#472 = CARTESIAN_POINT ( 'NONE',  ( 19.01400800139294489, 6.115459965752416238, 17.99105387214067875 ) ) ;
#473 = LINE ( 'NONE', #206, #339 ) ;
#474 = CARTESIAN_POINT ( 'NONE',  ( 10.66394096125842950, 8.445798580117735099, 17.45847642844470826 ) ) ;
#475 = ORIENTED_EDGE ( 'NONE', *, *, #1223, .F. ) ;
#476 = DIRECTION ( 'NONE',  ( 0.000000000000000000, 0.000000000000000000, -1.000000000000000000 ) ) ;
#477 = ADVANCED_FACE ( 'NONE', ( #1535 ), #1055, .F. ) ;
#478 = CARTESIAN_POINT ( 'NONE',  ( 19.06505386710274763, 5.994831222515063729, 17.96076024110158542 ) ) ;
#479 = CARTESIAN_POINT ( 'NONE',  ( 14.00000000000000178, 9.500000000000000000, 13.63999999999999702 ) ) ;
#480 = CARTESIAN_POINT ( 'NONE',  ( 19.36567778381973071, 6.735989812721472347, 17.83621441494473459 ) ) ;
#481 = ORIENTED_EDGE ( 'NONE', *, *, #621, .T. ) ;
#482 = FACE_OUTER_BOUND ( 'NONE', #458, .T. ) ;
#483 = APPROVAL_DATE_TIME ( #119, #676 ) ;
#484 = EDGE_CURVE ( 'NONE', #710, #1539, #800, .T. ) ;
#485 = CARTESIAN_POINT ( 'NONE',  ( 9.691578015096482090, 9.499999999999998224, 25.00000000000000000 ) ) ;
#486 = AXIS2_PLACEMENT_3D ( 'NONE', #1087, #1568, #490 ) ;
#487 = LINE ( 'NONE', #374, #514 ) ;
#488 = ORIENTED_EDGE ( 'NONE', *, *, #1364, .T. ) ;
#489 = AXIS2_PLACEMENT_3D ( 'NONE', #550, #1242, #655 ) ;
#490 = DIRECTION ( 'NONE',  ( -1.000000000000000000, 0.000000000000000000, 0.000000000000000000 ) ) ;
#491 = CC_DESIGN_APPROVAL ( #676, ( #1172 ) ) ;
#492 = CARTESIAN_POINT ( 'NONE',  ( 19.10192834789128113, 5.940791325657341027, 17.93953508697845933 ) ) ;
#493 = LINE ( 'NONE', #1197, #660 ) ;
#494 = EDGE_CURVE ( 'NONE', #1499, #1534, #1551, .T. ) ;
#495 = FACE_OUTER_BOUND ( 'NONE', #892, .T. ) ;
#496 = ORIENTED_EDGE ( 'NONE', *, *, #846, .F. ) ;
#497 = DIRECTION ( 'NONE',  ( 1.000000000000000000, -0.000000000000000000, 5.697340647455876550E-64 ) ) ;
#498 = CARTESIAN_POINT ( 'NONE',  ( 14.00000000000000178, 5.340000000000000746, 15.29999999999999716 ) ) ;
#499 = CARTESIAN_POINT ( 'NONE',  ( 19.01368457637763854, 6.383774707985923058, 17.99124583700015378 ) ) ;
#500 = EDGE_CURVE ( 'NONE', #656, #210, #456, .T. ) ;
#501 = ORIENTED_EDGE ( 'NONE', *, *, #510, .F. ) ;
#502 = CARTESIAN_POINT ( 'NONE',  ( 13.10341497396618138, 7.322348867253999138, 4.754017426274455893 ) ) ;
#503 = FACE_OUTER_BOUND ( 'NONE', #1030, .T. ) ;
#504 = CARTESIAN_POINT ( 'NONE',  ( 14.00000000000000533, 3.499999999999999556, 3.885780586188049469E-15 ) ) ;
#505 = CARTESIAN_POINT ( 'NONE',  ( 9.691578015096489196, 9.499999999999998224, 23.49999999999998934 ) ) ;
#506 = LINE ( 'NONE', #419, #538 ) ;
#507 = DIRECTION ( 'NONE',  ( 1.000000000000000000, -0.000000000000000000, 5.697340647455876550E-64 ) ) ;
#508 = EDGE_LOOP ( 'NONE', ( #83, #969, #694 ) ) ;
#509 = CIRCLE ( 'NONE', #937, 1.699999999999998401 ) ;
#510 = EDGE_CURVE ( 'NONE', #1559, #804, #857, .T. ) ;
#511 = LINE ( 'NONE', #1120, #687 ) ;
#512 = EDGE_LOOP ( 'NONE', ( #561, #1311, #357, #756, #1491, #1243 ) ) ;
#513 = AXIS2_PLACEMENT_3D ( 'NONE', #445, #1181, #917 ) ;
#514 = VECTOR ( 'NONE', #138, 1000.000000000000000 ) ;
#515 = CALENDAR_DATE ( 2024, 9, 5 ) ;
#516 = DIRECTION ( 'NONE',  ( 1.000000000000000000, 7.885106708985487801E-17, 0.000000000000000000 ) ) ;
#517 = CARTESIAN_POINT ( 'NONE',  ( 19.99999999999999289, 6.317599591890884270, 6.999999999999982236 ) ) ;
#518 = ORIENTED_EDGE ( 'NONE', *, *, #333, .F. ) ;
#519 = LINE ( 'NONE', #1368, #1372 ) ;
#520 = ORIENTED_EDGE ( 'NONE', *, *, #1329, .F. ) ;
#521 = CARTESIAN_POINT ( 'NONE',  ( 11.33144332928638853, 7.976596414978003757, 5.947144251026106332 ) ) ;
#522 = ADVANCED_FACE ( 'NONE', ( #1542, #940 ), #1188, .F. ) ;
#523 = DIRECTION ( 'NONE',  ( 1.000000000000000000, 7.885106708985487801E-17, 0.000000000000000000 ) ) ;
#524 = COORDINATED_UNIVERSAL_TIME_OFFSET ( 0, 0, .AHEAD. ) ;
#525 = FACE_OUTER_BOUND ( 'NONE', #401, .T. ) ;
#526 = CARTESIAN_POINT ( 'NONE',  ( 19.63432221618026574, 6.735989812721472347, 7.163785585055222782 ) ) ;
#527 = ORIENTED_EDGE ( 'NONE', *, *, #214, .T. ) ;
#528 = DIRECTION ( 'NONE',  ( -0.000000000000000000, 0.7071067811865493491, 0.7071067811865455743 ) ) ;
#529 = ORIENTED_EDGE ( 'NONE', *, *, #652, .F. ) ;
#530 = LINE ( 'NONE', #29, #315 ) ;
#531 = ADVANCED_FACE ( 'NONE', ( #190 ), #77, .F. ) ;
#532 = CARTESIAN_POINT ( 'NONE',  ( 0.000000000000000000, 3.499999999999999556, 0.000000000000000000 ) ) ;
#533 = CARTESIAN_POINT ( 'NONE',  ( 19.56758572782267436, 6.750024547103272710, 7.175519853564006567 ) ) ;
#534 = EDGE_LOOP ( 'NONE', ( #1050, #841, #1285, #1125 ) ) ;
#535 = DIRECTION ( 'NONE',  ( 0.000000000000000000, 0.000000000000000000, 1.000000000000000000 ) ) ;
#536 = ORIENTED_EDGE ( 'NONE', *, *, #1108, .F. ) ;
#537 = AXIS2_PLACEMENT_3D ( 'NONE', #607, #1452, #979 ) ;
#538 = VECTOR ( 'NONE', #972, 1000.000000000000000 ) ;
#539 = CARTESIAN_POINT ( 'NONE',  ( 26.50000000000000000, 0.000000000000000000, 25.00000000000000000 ) ) ;
#540 = CIRCLE ( 'NONE', #1043, 0.7999999999999977129 ) ;
#541 = CIRCLE ( 'NONE', #446, 1.700000000000000178 ) ;
#542 = PRODUCT_DEFINITION ( 'UNKNOWN', '', #1172, #1073 ) ;
#543 = DIRECTION ( 'NONE',  ( 0.000000000000000000, 1.000000000000000000, 0.000000000000000000 ) ) ;
#544 = ORIENTED_EDGE ( 'NONE', *, *, #685, .F. ) ;
#545 = EDGE_CURVE ( 'NONE', #318, #1322, #929, .T. ) ;
#546 = CARTESIAN_POINT ( 'NONE',  ( 1.197207688376348056, 14.24999999999999467, 28.73530204529002674 ) ) ;
#547 = ORIENTED_EDGE ( 'NONE', *, *, #1008, .T. ) ;
#548 = PLANE ( 'NONE',  #1119 ) ;
#549 = DIRECTION ( 'NONE',  ( -0.000000000000000000, -0.000000000000000000, -1.000000000000000000 ) ) ;
#550 = CARTESIAN_POINT ( 'NONE',  ( 14.00000000000000178, 3.499999999999999556, 7.999999999999998224 ) ) ;
#551 = VERTEX_POINT ( 'NONE', #674 ) ;
#552 = EDGE_CURVE ( 'NONE', #305, #1559, #473, .T. ) ;
#553 = LINE ( 'NONE', #1275, #126 ) ;
#554 = ORIENTED_EDGE ( 'NONE', *, *, #104, .F. ) ;
#555 = CARTESIAN_POINT ( 'NONE',  ( 17.36008004856492803, 8.466098404999565119, 17.22410348600010366 ) ) ;
#556 = CARTESIAN_POINT ( 'NONE',  ( 11.91967892348594305, 7.667975982074262120, 10.67268464055979393 ) ) ;
#557 = DATE_AND_TIME ( #314, #1493 ) ;
#558 = DIRECTION ( 'NONE',  ( 0.000000000000000000, 0.000000000000000000, 1.000000000000000000 ) ) ;
#559 = CARTESIAN_POINT ( 'NONE',  ( 13.54439616392236267, 7.265082512027016826, 13.66343099541020223 ) ) ;
#560 = ORIENTED_EDGE ( 'NONE', *, *, #193, .F. ) ;
#561 = ORIENTED_EDGE ( 'NONE', *, *, #17, .F. ) ;
#562 = ADVANCED_FACE ( 'NONE', ( #337 ), #1069, .F. ) ;
#563 = APPROVAL_PERSON_ORGANIZATION ( #916, #396, #792 ) ;
#564 = CARTESIAN_POINT ( 'NONE',  ( 14.00000000000000178, 32.15309756378880479, 25.00000000000000000 ) ) ;
#565 = CLOSED_SHELL ( 'NONE', ( #265, #1204, #1418, #933, #1022, #590, #1434, #1507, #477, #696, #1435, #239, #581, #522, #322, #777, #958, #1064, #1304, #613, #945, #706, #1180, #631, #95, #606, #1035, #345, #771, #8, #1335, #1386, #313, #976, #531, #642, #852, #459, #562, #1189, #1282, #386, #904, #85 ) ) ;
#566 = DATE_TIME_ROLE ( 'classification_date' ) ;
#567 = CARTESIAN_POINT ( 'NONE',  ( 14.00000000000000178, 9.500000000000000000, 16.99999999999999645 ) ) ;
#568 = VECTOR ( 'NONE', #177, 1000.000000000000114 ) ;
#569 = DIRECTION ( 'NONE',  ( -0.000000000000000000, -0.000000000000000000, -1.000000000000000000 ) ) ;
#570 = ORIENTED_EDGE ( 'NONE', *, *, #704, .T. ) ;
#571 = ORIENTED_EDGE ( 'NONE', *, *, #1441, .F. ) ;
#572 = CARTESIAN_POINT ( 'NONE',  ( 17.24694641302534492, 8.374086886902249560, 17.89280569884508054 ) ) ;
#573 = EDGE_CURVE ( 'NONE', #988, #72, #793, .T. ) ;
#574 = ORIENTED_EDGE ( 'NONE', *, *, #376, .F. ) ;
#575 = APPROVAL_STATUS ( 'not_yet_approved' ) ;
#576 = CARTESIAN_POINT ( 'NONE',  ( 0.000000000000000000, 3.499999999999999556, 25.00000000000000000 ) ) ;
#577 = CARTESIAN_POINT ( 'NONE',  ( 14.00000000000000178, 6.999999999999999112, 13.63999999999999879 ) ) ;
#578 = ORIENTED_EDGE ( 'NONE', *, *, #300, .T. ) ;
#579 = ORIENTED_EDGE ( 'NONE', *, *, #727, .F. ) ;
#580 = DIRECTION ( 'NONE',  ( 0.000000000000000000, 0.000000000000000000, -1.000000000000000000 ) ) ;
#581 = ADVANCED_FACE ( 'NONE', ( #1529 ), #698, .F. ) ;
#582 = LINE ( 'NONE', #1316, #1346 ) ;
#583 = VERTEX_POINT ( 'NONE', #94 ) ;
#584 = ORIENTED_EDGE ( 'NONE', *, *, #158, .T. ) ;
#585 = VERTEX_POINT ( 'NONE', #89 ) ;
#586 = LINE ( 'NONE', #504, #79 ) ;
#587 = AXIS2_PLACEMENT_3D ( 'NONE', #1391, #1020, #60 ) ;
#588 = VECTOR ( 'NONE', #1126, 1000.000000000000000 ) ;
#589 = CARTESIAN_POINT ( 'NONE',  ( 14.00000000000000178, 5.340000000000000746, 6.299999999999998046 ) ) ;
#590 = ADVANCED_FACE ( 'NONE', ( #1281 ), #1068, .F. ) ;
#591 = VERTEX_POINT ( 'NONE', #576 ) ;
#592 = EDGE_CURVE ( 'NONE', #585, #1059, #818, .T. ) ;
#593 = ORIENTED_EDGE ( 'NONE', *, *, #1451, .T. ) ;
#594 = DIRECTION ( 'NONE',  ( -0.000000000000000000, 1.000000000000000000, -0.000000000000000000 ) ) ;
#595 = LINE ( 'NONE', #479, #1571 ) ;
#596 = CARTESIAN_POINT ( 'NONE',  ( 19.00000000000000711, 6.249999999999999112, 0.000000000000000000 ) ) ;
#597 = ORIENTED_EDGE ( 'NONE', *, *, #351, .T. ) ;
#598 = EDGE_CURVE ( 'NONE', #693, #1273, #586, .T. ) ;
#599 = CARTESIAN_POINT ( 'NONE',  ( 19.43268081257321711, 5.750035150736461986, 17.82452794294617249 ) ) ;
#600 = CARTESIAN_POINT ( 'NONE',  ( 14.00000000000000178, 9.500000000000000000, 20.35999999999999588 ) ) ;
#601 = CARTESIAN_POINT ( 'NONE',  ( 18.01931150477795285, 6.249999999999997335, 17.19999999999997797 ) ) ;
#602 = ORIENTED_EDGE ( 'NONE', *, *, #1245, .T. ) ;
#603 = DIRECTION ( 'NONE',  ( -2.775557561562891351E-16, 0.000000000000000000, 1.000000000000000000 ) ) ;
#604 = EDGE_CURVE ( 'NONE', #176, #954, #540, .T. ) ;
#605 = CARTESIAN_POINT ( 'NONE',  ( 19.80766342357103227, 5.850732843452079557, 7.104940371721118808 ) ) ;
#606 = ADVANCED_FACE ( 'NONE', ( #832 ), #1563, .T. ) ;
#607 = CARTESIAN_POINT ( 'NONE',  ( 14.00000000000000178, 9.500000000000000000, 16.99999999999999645 ) ) ;
#608 = VECTOR ( 'NONE', #1468, 1000.000000000000000 ) ;
#609 = AXIS2_PLACEMENT_3D ( 'NONE', #1218, #1496, #863 ) ;
#610 = CARTESIAN_POINT ( 'NONE',  ( 18.50000000000000000, 6.249999999999999112, 17.19999999999997797 ) ) ;
#611 = VERTEX_POINT ( 'NONE', #966 ) ;
#612 = AXIS2_PLACEMENT_3D ( 'NONE', #702, #1185, #99 ) ;
#613 = ADVANCED_FACE ( 'NONE', ( #991 ), #1477, .F. ) ;
#614 = DIRECTION ( 'NONE',  ( -0.7559289460184569487, -3.621244874724403909E-16, -0.6546536707079742001 ) ) ;
#615 = DIRECTION ( 'NONE',  ( 0.000000000000000000, 0.000000000000000000, -1.000000000000000000 ) ) ;
#616 = DIRECTION ( 'NONE',  ( 0.000000000000000000, 0.000000000000000000, 1.000000000000000000 ) ) ;
#617 = VERTEX_POINT ( 'NONE', #762 ) ;
#618 = DIRECTION ( 'NONE',  ( 1.000000000000000000, -0.000000000000000000, 2.775557561562891351E-16 ) ) ;
#619 = CARTESIAN_POINT ( 'NONE',  ( 10.98814951354545499, 8.198572962580907841, 6.494658216913495430 ) ) ;
#620 = DIRECTION ( 'NONE',  ( 8.659560562354932858E-17, 0.7071067811865474617, -0.7071067811865474617 ) ) ;
#621 = EDGE_CURVE ( 'NONE', #1023, #700, #999, .T. ) ;
#622 = DIRECTION ( 'NONE',  ( -0.000000000000000000, -0.000000000000000000, -1.000000000000000000 ) ) ;
#623 = CARTESIAN_POINT ( 'NONE',  ( 19.19232879497415922, 6.649293966600877681, 17.89505696704872761 ) ) ;
#624 = EDGE_LOOP ( 'NONE', ( #194, #518 ) ) ;
#625 = LINE ( 'NONE', #774, #1446 ) ;
#626 = EDGE_LOOP ( 'NONE', ( #403, #1427, #412, #1385, #81, #1532 ) ) ;
#627 = DIRECTION ( 'NONE',  ( 0.000000000000000000, 1.000000000000000000, 0.000000000000000000 ) ) ;
#628 = CARTESIAN_POINT ( 'NONE',  ( 17.88382134017110303, 8.890213749143553557, 0.8902137491435661021 ) ) ;
#629 = CARTESIAN_POINT ( 'NONE',  ( 13.99999999999999822, 0.000000000000000000, 24.50000000000000000 ) ) ;
#630 = ORIENTED_EDGE ( 'NONE', *, *, #145, .F. ) ;
#631 = ADVANCED_FACE ( 'NONE', ( #405 ), #644, .F. ) ;
#632 = FACE_OUTER_BOUND ( 'NONE', #796, .T. ) ;
#633 = ORIENTED_EDGE ( 'NONE', *, *, #1008, .F. ) ;
#634 = VECTOR ( 'NONE', #1470, 1000.000000000000000 ) ;
#635 = FACE_OUTER_BOUND ( 'NONE', #920, .T. ) ;
#636 = CONICAL_SURFACE ( 'NONE', #612, 0.7999999999999986011, 1.029744258676653201 ) ;
#637 = DIRECTION ( 'NONE',  ( 0.000000000000000000, -1.000000000000000000, 0.000000000000000000 ) ) ;
#638 = CARTESIAN_POINT ( 'NONE',  ( 9.691578015096482090, 9.499999999999998224, 1.500000000000011768 ) ) ;
#639 = ORIENTED_EDGE ( 'NONE', *, *, #1256, .T. ) ;
#640 = DIRECTION ( 'NONE',  ( -0.000000000000000000, 1.000000000000000000, -0.000000000000000000 ) ) ;
#641 = ORIENTED_EDGE ( 'NONE', *, *, #258, .T. ) ;
#642 = ADVANCED_FACE ( 'NONE', ( #170 ), #1138, .F. ) ;
#643 = CARTESIAN_POINT ( 'NONE',  ( 10.75210288000205061, 8.374836559534280411, 7.110402197120123446 ) ) ;
#644 = PLANE ( 'NONE',  #1348 ) ;
#645 = CARTESIAN_POINT ( 'NONE',  ( 13.99999999999999822, 3.500000000000000000, 12.50000000000000000 ) ) ;
#646 = DIRECTION ( 'NONE',  ( -0.000000000000000000, 1.000000000000000000, -0.000000000000000000 ) ) ;
#647 = VERTEX_POINT ( 'NONE', #927 ) ;
#648 = CARTESIAN_POINT ( 'NONE',  ( 26.50000000000000000, 6.249999999999999112, 16.39999999999998082 ) ) ;
#649 = VERTEX_POINT ( 'NONE', #1412 ) ;
#650 = PLANE ( 'NONE',  #715 ) ;
#651 = DIRECTION ( 'NONE',  ( 5.575612424303164453E-17, -0.7071067811865456854, 0.7071067811865494601 ) ) ;
#652 = EDGE_CURVE ( 'NONE', #185, #1454, #325, .T. ) ;
#653 = CARTESIAN_POINT ( 'NONE',  ( 15.11128125499630315, 7.364735703728837457, 11.17846746705953542 ) ) ;
#654 = CARTESIAN_POINT ( 'NONE',  ( 0.7607695154586600061, 7.341154273188012169, 25.65884572681198250 ) ) ;
#655 = DIRECTION ( 'NONE',  ( 0.000000000000000000, 0.000000000000000000, -1.000000000000000000 ) ) ;
#656 = VERTEX_POINT ( 'NONE', #1428 ) ;
#657 = DIRECTION ( 'NONE',  ( 0.000000000000000000, 0.000000000000000000, -1.000000000000000000 ) ) ;
#658 = ORIENTED_EDGE ( 'NONE', *, *, #1171, .F. ) ;
#659 = CARTESIAN_POINT ( 'NONE',  ( 17.18091281246659463, 8.322049727802120600, 15.89598143181377488 ) ) ;
#660 = VECTOR ( 'NONE', #1224, 1000.000000000000000 ) ;
#661 = VECTOR ( 'NONE', #270, 1000.000000000000000 ) ;
#662 = FACE_OUTER_BOUND ( 'NONE', #1331, .T. ) ;
#663 = AXIS2_PLACEMENT_3D ( 'NONE', #371, #221, #1450 ) ;
#664 = CARTESIAN_POINT ( 'NONE',  ( 26.50000000000000000, 9.500000000000000000, 25.00000000000000000 ) ) ;
#665 = CARTESIAN_POINT ( 'NONE',  ( 17.33671861355875166, 8.446343759046566646, 8.453951449913924776 ) ) ;
#666 = EDGE_CURVE ( 'NONE', #995, #759, #344, .T. ) ;
#667 = CARTESIAN_POINT ( 'NONE',  ( 14.00000000000000533, 3.500000000000000000, 0.5000000000000004441 ) ) ;
#668 = EDGE_LOOP ( 'NONE', ( #467, #133, #1133, #536 ) ) ;
#669 = CARTESIAN_POINT ( 'NONE',  ( 14.00000000000000178, 3.499999999999999556, 7.999999999999998224 ) ) ;
#670 = VERTEX_POINT ( 'NONE', #784 ) ;
#671 = CARTESIAN_POINT ( 'NONE',  ( 14.45254836121397091, 7.264767318916132588, 13.66293561077862151 ) ) ;
#672 = DIRECTION ( 'NONE',  ( -5.575612424303190338E-17, 0.7071067811865489050, 0.7071067811865462405 ) ) ;
#673 = CARTESIAN_POINT ( 'NONE',  ( 19.50000000000000000, 6.249999999999999112, 25.00000000000000000 ) ) ;
#674 = CARTESIAN_POINT ( 'NONE',  ( 26.50000000000000000, 7.999999999999979572, 0.000000000000000000 ) ) ;
#675 = LINE ( 'NONE', #1521, #980 ) ;
#676 = APPROVAL ( #575, 'UNSPECIFIED' ) ;
#677 = ORIENTED_EDGE ( 'NONE', *, *, #484, .T. ) ;
#678 = ORIENTED_EDGE ( 'NONE', *, *, #145, .T. ) ;
#679 = CARTESIAN_POINT ( 'NONE',  ( 14.00000000000000178, 6.999999999999999112, 20.35999999999999588 ) ) ;
#680 = DIRECTION ( 'NONE',  ( 1.000000000000000000, 7.885106708985487801E-17, 0.000000000000000000 ) ) ;
#681 = CARTESIAN_POINT ( 'NONE',  ( 11.33172080055557096, 7.976440142416007184, 19.05317194187604102 ) ) ;
#682 = ORIENTED_EDGE ( 'NONE', *, *, #193, .T. ) ;
#683 = ORIENTED_EDGE ( 'NONE', *, *, #1364, .F. ) ;
#684 = CARTESIAN_POINT ( 'NONE',  ( 14.22565564862030207, 7.250000000000000000, 13.64000000000000057 ) ) ;
#685 = EDGE_CURVE ( 'NONE', #647, #954, #186, .T. ) ;
#686 = ORGANIZATION ( 'UNSPECIFIED', 'UNSPECIFIED', '' ) ;
#687 = VECTOR ( 'NONE', #987, 999.9999999999998863 ) ;
#688 = CARTESIAN_POINT ( 'NONE',  ( 26.50000000000000000, 6.250000000000000888, 8.599999999999976552 ) ) ;
#689 = CARTESIAN_POINT ( 'NONE',  ( 0.000000000000000000, 14.24999999999999467, 25.00000000000000000 ) ) ;
#690 = VECTOR ( 'NONE', #1288, 1000.000000000000000 ) ;
#691 = VECTOR ( 'NONE', #620, 1000.000000000000114 ) ;
#692 = DIRECTION ( 'NONE',  ( -0.000000000000000000, 1.000000000000000000, -0.000000000000000000 ) ) ;
#693 = VERTEX_POINT ( 'NONE', #1312 ) ;
#694 = ORIENTED_EDGE ( 'NONE', *, *, #1161, .T. ) ;
#695 = CARTESIAN_POINT ( 'NONE',  ( 15.11128125499630670, 7.364735703728837457, 20.17846746705953365 ) ) ;
#696 = ADVANCED_FACE ( 'NONE', ( #220 ), #636, .F. ) ;
#697 = CARTESIAN_POINT ( 'NONE',  ( 26.50000000000000000, 9.500000000000000000, 1.500000000000011768 ) ) ;
#698 = PLANE ( 'NONE',  #757 ) ;
#699 = CARTESIAN_POINT ( 'NONE',  ( 11.33144332928639209, 7.976596414978003757, 14.94714425102610988 ) ) ;
#700 = VERTEX_POINT ( 'NONE', #1413 ) ;
#701 = VERTEX_POINT ( 'NONE', #1306 ) ;
#702 = CARTESIAN_POINT ( 'NONE',  ( 18.50000000000000000, 6.249999999999999112, 17.19999999999997797 ) ) ;
#703 = CARTESIAN_POINT ( 'NONE',  ( 19.75494729395511229, 5.814920454153934770, 7.127929838213401759 ) ) ;
#704 = EDGE_CURVE ( 'NONE', #583, #448, #779, .T. ) ;
#705 = DIRECTION ( 'NONE',  ( 0.000000000000000000, -1.000000000000000000, 0.000000000000000000 ) ) ;
#706 = ADVANCED_FACE ( 'NONE', ( #336 ), #442, .F. ) ;
#707 = CARTESIAN_POINT ( 'NONE',  ( 10.98814951354545677, 8.198572962580907841, 15.49465821691349632 ) ) ;
#708 = LINE ( 'NONE', #1080, #1347 ) ;
#710 = VERTEX_POINT ( 'NONE', #928 ) ;
#709 = APPLICATION_CONTEXT ( 'configuration controlled 3d designs of mechanical parts and assemblies' ) ;
#711 = CONICAL_SURFACE ( 'NONE', #1042, 0.7999999999999977129, 1.029744258676653201 ) ;
#712 = VECTOR ( 'NONE', #162, 1000.000000000000000 ) ;
#713 = CARTESIAN_POINT ( 'NONE',  ( 11.29583654340202337, 7.999999999999992895, 25.00000000000000000 ) ) ;
#714 = EDGE_CURVE ( 'NONE', #1534, #1040, #205, .T. ) ;
#715 = AXIS2_PLACEMENT_3D ( 'NONE', #1136, #45, #404 ) ;
#716 = ORIENTED_EDGE ( 'NONE', *, *, #1546, .T. ) ;
#717 = CARTESIAN_POINT ( 'NONE',  ( 19.93489840130615320, 5.994789361652056670, 17.96073366978119523 ) ) ;
#718 = CARTESIAN_POINT ( 'NONE',  ( 15.10808183042501973, 7.363963238968856295, 4.820272384663722320 ) ) ;
#719 = CARTESIAN_POINT ( 'NONE',  ( 0.000000000000000000, 0.000000000000000000, 25.00000000000000000 ) ) ;
#720 = EDGE_LOOP ( 'NONE', ( #103, #997 ) ) ;
#721 = APPROVAL_DATE_TIME ( #557, #396 ) ;
#722 = CARTESIAN_POINT ( 'NONE',  ( 20.00000000000000355, 6.250000000000001776, 6.999999999999972466 ) ) ;
#723 = DIRECTION ( 'NONE',  ( 1.000000000000000000, -0.000000000000000000, 5.697340647455876550E-64 ) ) ;
#724 = LINE ( 'NONE', #1443, #913 ) ;
#725 = ORIENTED_EDGE ( 'NONE', *, *, #38, .T. ) ;
#726 = CARTESIAN_POINT ( 'NONE',  ( 26.50000000000000000, 6.250000000000000888, 7.799999999999977618 ) ) ;
#727 = EDGE_CURVE ( 'NONE', #210, #317, #1267, .T. ) ;
#728 = LINE ( 'NONE', #485, #1323 ) ;
#729 = LOCAL_TIME ( 13, 4, 35.00000000000000000, #524 ) ;
#730 = CIRCLE ( 'NONE', #486, 0.4999999999999900080 ) ;
#731 = AXIS2_PLACEMENT_3D ( 'NONE', #1076, #236, #372 ) ;
#732 = CARTESIAN_POINT ( 'NONE',  ( 19.94277379185984245, 6.514708572581351831, 17.96152040417156215 ) ) ;
#733 = ORIENTED_EDGE ( 'NONE', *, *, #1099, .F. ) ;
#734 = CIRCLE ( 'NONE', #388, 0.7999999999999986011 ) ;
#735 = CARTESIAN_POINT ( 'NONE',  ( 12.29008534300889544, 7.532613417263547717, 5.099673360825723201 ) ) ;
#736 = EDGE_CURVE ( 'NONE', #693, #461, #914, .T. ) ;
#737 = CARTESIAN_POINT ( 'NONE',  ( 26.50000000000000000, 6.249999999999999112, 17.19999999999997797 ) ) ;
#738 =( BOUNDED_CURVE ( )  B_SPLINE_CURVE ( 3, ( #1104, #1362, #770, #1257 ),
 .UNSPECIFIED., .F., .F. ) 
 B_SPLINE_CURVE_WITH_KNOTS ( ( 4, 4 ),
 ( 3.682692179546935396, 4.104143401474479091 ),
 .UNSPECIFIED. ) 
 CURVE ( )  GEOMETRIC_REPRESENTATION_ITEM ( )  RATIONAL_B_SPLINE_CURVE ( ( 1.000000000000000000, 0.9852529309842985583, 0.9852529309842985583, 1.000000000000000000 ) ) 
 REPRESENTATION_ITEM ( '' )  );
#739 = CARTESIAN_POINT ( 'NONE',  ( 16.70416345659795354, 7.999999999999979572, 0.000000000000000000 ) ) ;
#740 = LINE ( 'NONE', #596, #1216 ) ;
#741 = VERTEX_POINT ( 'NONE', #1150 ) ;
#742 = LINE ( 'NONE', #990, #1244 ) ;
#743 = APPROVAL_DATE_TIME ( #266, #179 ) ;
#744 = EDGE_CURVE ( 'NONE', #701, #741, #59, .T. ) ;
#745 = LINE ( 'NONE', #260, #1213 ) ;
#746 = CARTESIAN_POINT ( 'NONE',  ( 14.00000000000000178, 5.340000000000000746, 18.69999999999999929 ) ) ;
#747 = ORIENTED_EDGE ( 'NONE', *, *, #1099, .T. ) ;
#748 = CARTESIAN_POINT ( 'NONE',  ( 14.00000000000000000, 12.49999999999999822, 0.000000000000000000 ) ) ;
#749 = VERTEX_POINT ( 'NONE', #679 ) ;
#750 = APPLICATION_CONTEXT ( 'configuration controlled 3d designs of mechanical parts and assemblies' ) ;
#751 = CARTESIAN_POINT ( 'NONE',  ( 16.53422169130482544, 7.899032736824162626, 5.783438232749810837 ) ) ;
#752 = DIRECTION ( 'NONE',  ( 7.885106708985487801E-17, -1.000000000000000000, 0.000000000000000000 ) ) ;
#753 = CC_DESIGN_APPROVAL ( #396, ( #149 ) ) ;
#754 = CARTESIAN_POINT ( 'NONE',  ( 13.77088634907551778, 7.250000000000001776, 20.35999999999999233 ) ) ;
#755 = EDGE_CURVE ( 'NONE', #995, #1040, #215, .T. ) ;
#756 = ORIENTED_EDGE ( 'NONE', *, *, #28, .F. ) ;
#757 = AXIS2_PLACEMENT_3D ( 'NONE', #689, #1174, #101 ) ;
#758 = CARTESIAN_POINT ( 'NONE',  ( 4.500000000000001776, 9.499999999999998224, 1.500000000000011768 ) ) ;
#759 = VERTEX_POINT ( 'NONE', #320 ) ;
#760 = DIRECTION ( 'NONE',  ( 0.5000000000000037748, 0.8660254037844364872, 0.000000000000000000 ) ) ;
#761 = VECTOR ( 'NONE', #15, 1000.000000000000000 ) ;
#762 = CARTESIAN_POINT ( 'NONE',  ( 5.510362971081860906, 14.24999999999999822, 25.00000000000000000 ) ) ;
#763 = CARTESIAN_POINT ( 'NONE',  ( 17.18091281246660174, 8.322049727802120600, 6.895981431813773987 ) ) ;
#764 = DIRECTION ( 'NONE',  ( 2.775557561562891351E-16, 0.000000000000000000, -1.000000000000000000 ) ) ;
#765 = DIRECTION ( 'NONE',  ( -0.000000000000000000, -0.000000000000000000, -1.000000000000000000 ) ) ;
#766 = DIRECTION ( 'NONE',  ( 0.000000000000000000, 0.000000000000000000, -1.000000000000000000 ) ) ;
#767 = EDGE_LOOP ( 'NONE', ( #1463, #198, #453, #865 ) ) ;
#768 = DIRECTION ( 'NONE',  ( 0.5000000000000036637, 0.8660254037844364872, 0.000000000000000000 ) ) ;
#769 = ORIENTED_EDGE ( 'NONE', *, *, #1198, .F. ) ;
#770 = CARTESIAN_POINT ( 'NONE',  ( 17.88382134017110658, 8.890213749143553557, 24.10978625085643756 ) ) ;
#771 = ADVANCED_FACE ( 'NONE', ( #1504 ), #435, .F. ) ;
#772 = CARTESIAN_POINT ( 'NONE',  ( 4.500000000000001776, 9.499999999999998224, 1.500000000000011768 ) ) ;
#773 = ORIENTED_EDGE ( 'NONE', *, *, #75, .T. ) ;
#774 = CARTESIAN_POINT ( 'NONE',  ( 26.50000000000000000, 9.500000000000000000, 1.500000000000011768 ) ) ;
#775 = VERTEX_POINT ( 'NONE', #790 ) ;
#776 = DIRECTION ( 'NONE',  ( -0.5000000000000036637, -0.8660254037844364872, 0.000000000000000000 ) ) ;
#777 = ADVANCED_FACE ( 'NONE', ( #799 ), #1279, .F. ) ;
#778 = DIRECTION ( 'NONE',  ( 0.000000000000000000, 0.000000000000000000, 1.000000000000000000 ) ) ;
#779 = LINE ( 'NONE', #1421, #788 ) ;
#780 = CARTESIAN_POINT ( 'NONE',  ( 14.00000000000000178, 3.499999999999999556, 15.29999999999999893 ) ) ;
#781 = EDGE_LOOP ( 'NONE', ( #1318, #1299 ) ) ;
#782 = DIRECTION ( 'NONE',  ( -1.000000000000000000, -4.790456687493994352E-16, 0.000000000000000000 ) ) ;
#783 = VERTEX_POINT ( 'NONE', #188 ) ;
#784 = CARTESIAN_POINT ( 'NONE',  ( 7.242413778650751865, 14.24999999999999822, 1.500000000000011768 ) ) ;
#785 =( GEOMETRIC_REPRESENTATION_CONTEXT ( 3 ) GLOBAL_UNCERTAINTY_ASSIGNED_CONTEXT ( ( #460 ) ) GLOBAL_UNIT_ASSIGNED_CONTEXT ( ( #39, #303, #294 ) ) REPRESENTATION_CONTEXT ( 'NONE', 'WORKASPACE' ) );
#786 = VECTOR ( 'NONE', #603, 1000.000000000000000 ) ;
#787 = CARTESIAN_POINT ( 'NONE',  ( 18.50000000000000000, 6.249999999999999112, 16.39999999999998082 ) ) ;
#788 = VECTOR ( 'NONE', #1510, 1000.000000000000000 ) ;
#789 = AXIS2_PLACEMENT_3D ( 'NONE', #1565, #1085, #864 ) ;
#790 = CARTESIAN_POINT ( 'NONE',  ( 14.00000000000000178, 7.250000000000000888, 11.35999999999999943 ) ) ;
#791 = CC_DESIGN_PERSON_AND_ORGANIZATION_ASSIGNMENT ( #1373, #142, ( #542 ) ) ;
#792 = APPROVAL_ROLE ( '' ) ;
#793 = LINE ( 'NONE', #321, #837 ) ;
#794 = LINE ( 'NONE', #667, #1066 ) ;
#795 = ORIENTED_EDGE ( 'NONE', *, *, #407, .T. ) ;
#796 = EDGE_LOOP ( 'NONE', ( #544, #452, #903 ) ) ;
#797 = CARTESIAN_POINT ( 'NONE',  ( 18.50000000000000000, 6.250000000000000888, 6.999999999999980460 ) ) ;
#798 = CARTESIAN_POINT ( 'NONE',  ( 13.54673615612514403, 7.264920164970167349, 11.33682027689242311 ) ) ;
#799 = FACE_OUTER_BOUND ( 'NONE', #1381, .T. ) ;
#800 = LINE ( 'NONE', #1518, #816 ) ;
#801 = DIRECTION ( 'NONE',  ( 1.000000000000000000, -0.000000000000000000, 5.697340647455876550E-64 ) ) ;
#802 = ORIENTED_EDGE ( 'NONE', *, *, #824, .T. ) ;
#803 = EDGE_CURVE ( 'NONE', #72, #97, #468, .T. ) ;
#804 = VERTEX_POINT ( 'NONE', #688 ) ;
#805 = DIRECTION ( 'NONE',  ( 5.575612424303164453E-17, -0.7071067811865456854, 0.7071067811865494601 ) ) ;
#806 = PERSON_AND_ORGANIZATION ( #240, #686 ) ;
#807 = CARTESIAN_POINT ( 'NONE',  ( 26.50000000000000000, 6.249999999999999112, 17.19999999999997797 ) ) ;
#808 = DIRECTION ( 'NONE',  ( 0.000000000000000000, 0.000000000000000000, -1.000000000000000000 ) ) ;
#809 = EDGE_LOOP ( 'NONE', ( #160, #246, #821, #19 ) ) ;
#810 = EDGE_CURVE ( 'NONE', #1432, #1295, #1137, .T. ) ;
#811 = ORIENTED_EDGE ( 'NONE', *, *, #247, .T. ) ;
#812 = CARTESIAN_POINT ( 'NONE',  ( 15.70923828281263823, 7.532335937606958076, 19.90082376864020119 ) ) ;
#813 = CIRCLE ( 'NONE', #1039, 1.700000000000000178 ) ;
#814 = AXIS2_PLACEMENT_3D ( 'NONE', #1024, #1508, #1110 ) ;
#815 = DIRECTION ( 'NONE',  ( -1.000000000000000000, -7.885106708985487801E-17, 0.000000000000000000 ) ) ;
#816 = VECTOR ( 'NONE', #705, 1000.000000000000000 ) ;
#817 =( BOUNDED_CURVE ( )  B_SPLINE_CURVE ( 3, ( #1009, #628, #143, #739 ),
 .UNSPECIFIED., .F., .F. ) 
 B_SPLINE_CURVE_WITH_KNOTS ( ( 4, 4 ),
 ( 5.320634559294899368, 5.742085781222447949 ),
 .UNSPECIFIED. ) 
 CURVE ( )  GEOMETRIC_REPRESENTATION_ITEM ( )  RATIONAL_B_SPLINE_CURVE ( ( 1.000000000000000000, 0.9852529309842982252, 0.9852529309842982252, 1.000000000000000000 ) ) 
 REPRESENTATION_ITEM ( '' )  );
#818 = LINE ( 'NONE', #1315, #1402 ) ;
#819 = AXIS2_PLACEMENT_3D ( 'NONE', #1469, #172, #764 ) ;
#820 = CARTESIAN_POINT ( 'NONE',  ( 26.50000000000000000, 6.249999999999999112, 17.99999999999997868 ) ) ;
#821 = ORIENTED_EDGE ( 'NONE', *, *, #500, .T. ) ;
#822 = VERTEX_POINT ( 'NONE', #1526 ) ;
#823 = DIRECTION ( 'NONE',  ( 0.5150380749100552658, 0.000000000000000000, -0.8571673007021116675 ) ) ;
#824 = EDGE_CURVE ( 'NONE', #305, #822, #302, .T. ) ;
#825 = CARTESIAN_POINT ( 'NONE',  ( 20.00000000000001421, 6.249999999999996447, 17.99999999999998934 ) ) ;
#826 = DIRECTION ( 'NONE',  ( 0.000000000000000000, 0.000000000000000000, 1.000000000000000000 ) ) ;
#827 = CARTESIAN_POINT ( 'NONE',  ( 10.82148069392946610, 8.320223898070301161, 18.11078530842218726 ) ) ;
#828 = ORIENTED_EDGE ( 'NONE', *, *, #893, .T. ) ;
#829 = ORIENTED_EDGE ( 'NONE', *, *, #592, .F. ) ;
#830 = DIRECTION ( 'NONE',  ( -0.000000000000000000, -0.000000000000000000, -1.000000000000000000 ) ) ;
#831 = EDGE_CURVE ( 'NONE', #1369, #97, #249, .T. ) ;
#832 = FACE_OUTER_BOUND ( 'NONE', #1143, .T. ) ;
#833 = CARTESIAN_POINT ( 'NONE',  ( 26.50000000000000000, 6.250000000000000888, 7.799999999999977618 ) ) ;
#834 = ORIENTED_EDGE ( 'NONE', *, *, #1536, .T. ) ;
#835 = CARTESIAN_POINT ( 'NONE',  ( 19.63424657173842647, 5.763923676893091042, 7.163837818090112997 ) ) ;
#836 = AXIS2_PLACEMENT_3D ( 'NONE', #155, #993, #399 ) ;
#837 = VECTOR ( 'NONE', #1048, 1000.000000000000000 ) ;
#838 = CARTESIAN_POINT ( 'NONE',  ( 14.89588691250586372, 7.322177302733634541, 4.753742863381337891 ) ) ;
#839 = AXIS2_PLACEMENT_3D ( 'NONE', #187, #309, #1278 ) ;
#840 = CARTESIAN_POINT ( 'NONE',  ( 20.00000000000001421, 6.249999999999996447, 17.99999999999998934 ) ) ;
#841 = ORIENTED_EDGE ( 'NONE', *, *, #831, .T. ) ;
#842 = DIRECTION ( 'NONE',  ( 1.000000000000000000, 0.000000000000000000, 0.000000000000000000 ) ) ;
#843 = CARTESIAN_POINT ( 'NONE',  ( 18.99999999999998579, 6.249999999999997335, 6.999999999999968026 ) ) ;
#844 = CARTESIAN_POINT ( 'NONE',  ( 19.50000000000000000, 6.249999999999999112, 25.00000000000000000 ) ) ;
#845 = CARTESIAN_POINT ( 'NONE',  ( 14.00000000000000178, 9.500000000000000000, 15.29999999999999893 ) ) ;
#846 = EDGE_CURVE ( 'NONE', #25, #87, #1045, .T. ) ;
#847 = ORIENTED_EDGE ( 'NONE', *, *, #989, .F. ) ;
#848 = DIRECTION ( 'NONE',  ( 0.000000000000000000, 0.000000000000000000, 1.000000000000000000 ) ) ;
#849 = LINE ( 'NONE', #1340, #691 ) ;
#850 = DIRECTION ( 'NONE',  ( -0.000000000000000000, 1.000000000000000000, -0.000000000000000000 ) ) ;
#851 = ORIENTED_EDGE ( 'NONE', *, *, #1097, .T. ) ;
#852 = ADVANCED_FACE ( 'NONE', ( #127 ), #1549, .F. ) ;
#853 = CARTESIAN_POINT ( 'NONE',  ( 4.500000000000001776, 9.499999999999998224, 23.49999999999998934 ) ) ;
#854 = FACE_OUTER_BOUND ( 'NONE', #1438, .T. ) ;
#855 = AXIS2_PLACEMENT_3D ( 'NONE', #380, #1100, #1383 ) ;
#856 = CARTESIAN_POINT ( 'NONE',  ( 14.00000000000000178, 6.999999999999999112, 16.99999999999999645 ) ) ;
#857 = CIRCLE ( 'NONE', #1449, 0.7999999999999986011 ) ;
#858 = DIRECTION ( 'NONE',  ( 1.000000000000000000, 7.885106708985487801E-17, 0.000000000000000000 ) ) ;
#859 = ORIENTED_EDGE ( 'NONE', *, *, #1056, .F. ) ;
#860 = CARTESIAN_POINT ( 'NONE',  ( 26.50000000000000000, 0.000000000000000000, 0.000000000000000000 ) ) ;
#861 = EDGE_CURVE ( 'NONE', #1369, #988, #291, .T. ) ;
#862 = APPROVAL_ROLE ( '' ) ;
#863 = DIRECTION ( 'NONE',  ( 0.000000000000000000, 0.000000000000000000, -1.000000000000000000 ) ) ;
#864 = DIRECTION ( 'NONE',  ( 0.000000000000000000, 0.000000000000000000, -1.000000000000000000 ) ) ;
#865 = ORIENTED_EDGE ( 'NONE', *, *, #1256, .F. ) ;
#866 = CARTESIAN_POINT ( 'NONE',  ( 14.00000000000000178, 3.499999999999999556, 16.99999999999999645 ) ) ;
#867 = EDGE_LOOP ( 'NONE', ( #432, #1276, #1403, #1199 ) ) ;
#868 = CARTESIAN_POINT ( 'NONE',  ( 14.00000000000000000, 12.49999999999999822, 25.00000000000000000 ) ) ;
#869 = EDGE_CURVE ( 'NONE', #591, #693, #1314, .T. ) ;
#870 = CARTESIAN_POINT ( 'NONE',  ( 14.45874042336017240, 7.265337708779999737, 11.33617136775905543 ) ) ;
#871 = CYLINDRICAL_SURFACE ( 'NONE', #108, 0.4999999999999935052 ) ;
#872 = CARTESIAN_POINT ( 'NONE',  ( 14.00000000000000178, 6.999999999999999112, 7.999999999999998224 ) ) ;
#873 = ORIENTED_EDGE ( 'NONE', *, *, #1485, .T. ) ;
#874 = CARTESIAN_POINT ( 'NONE',  ( 1.901923788646638691, 7.999999999999977796, 0.000000000000000000 ) ) ;
#875 = ORIENTED_EDGE ( 'NONE', *, *, #358, .T. ) ;
#876 = B_SPLINE_CURVE_WITH_KNOTS ( 'NONE', 3,
 ( #67, #1287, #798, #1509, #1148, #301, #556, #433, #905, #1397, #1034, #1122, #1248, #395, #161, #1128, #387, #643, #293, #619, #37, #521, #378, #1370, #1354, #735, #1465, #150, #502, #1005, #1345, #272 ),
 .UNSPECIFIED., .F., .F.,
 ( 4, 2, 2, 2, 2, 2, 2, 2, 2, 2, 2, 2, 2, 2, 2, 4 ),
 ( 0.000000000000000000, 0.0006764622968729792863, 0.001352924593745958573, 0.002705849187491917145, 0.003382311484364898275, 0.004058773781237879838, 0.004735236078110860967, 0.005411698374983842097, 0.006088160671856819757, 0.006764622968729797417, 0.007441085265602775944, 0.008117547562475754472, 0.008794009859348732999, 0.009470472156221711527, 0.01014693445309468832, 0.01082339674996766685 ),
 .UNSPECIFIED. ) ;
#877 = FACE_OUTER_BOUND ( 'NONE', #326, .T. ) ;
#878 = PERSON_AND_ORGANIZATION ( #240, #686 ) ;
#879 = CARTESIAN_POINT ( 'NONE',  ( 16.70416345659797486, 7.999999999999992895, 25.00000000000000000 ) ) ;
#880 = CC_DESIGN_SECURITY_CLASSIFICATION ( #149, ( #1172 ) ) ;
#881 = CONICAL_SURFACE ( 'NONE', #609, 0.7999999999999977129, 1.029744258676653201 ) ;
#882 = CYLINDRICAL_SURFACE ( 'NONE', #279, 0.4999999999999935052 ) ;
#883 = ORIENTED_EDGE ( 'NONE', *, *, #1081, .F. ) ;
#884 = CARTESIAN_POINT ( 'NONE',  ( 18.50000000000000000, 6.249999999999999112, 17.99999999999997868 ) ) ;
#885 = ORIENTED_EDGE ( 'NONE', *, *, #1161, .F. ) ;
#886 = VECTOR ( 'NONE', #946, 1000.000000000000000 ) ;
#887 = DIRECTION ( 'NONE',  ( 0.000000000000000000, 1.000000000000000000, 0.000000000000000000 ) ) ;
#888 = AXIS2_PLACEMENT_3D ( 'NONE', #1366, #275, #165 ) ;
#889 = CARTESIAN_POINT ( 'NONE',  ( 17.33727847002155897, 8.446797977289161707, 7.549115977214286843 ) ) ;
#890 = DIRECTION ( 'NONE',  ( -1.000000000000000000, 0.000000000000000000, 0.000000000000000000 ) ) ;
#891 = DIRECTION ( 'NONE',  ( 1.000000000000000000, 0.000000000000000000, 0.000000000000000000 ) ) ;
#892 = EDGE_LOOP ( 'NONE', ( #1302, #1419, #943, #113 ) ) ;
#893 = EDGE_CURVE ( 'NONE', #1059, #1459, #1569, .T. ) ;
#894 = CARTESIAN_POINT ( 'NONE',  ( 19.00000000000001066, 6.249999999999999112, 25.00000000000000000 ) ) ;
#895 = VERTEX_POINT ( 'NONE', #1319 ) ;
#896 = FACE_OUTER_BOUND ( 'NONE', #1289, .T. ) ;
#897 = DIRECTION ( 'NONE',  ( -0.000000000000000000, 1.000000000000000000, -0.000000000000000000 ) ) ;
#898 = CARTESIAN_POINT ( 'NONE',  ( 26.50000000000000000, 0.000000000000000000, 25.00000000000000000 ) ) ;
#899 = CARTESIAN_POINT ( 'NONE',  ( 17.18047359511277250, 8.321691935314703414, 9.105579657968441154 ) ) ;
#900 = LINE ( 'NONE', #772, #1070 ) ;
#901 = ORIENTED_EDGE ( 'NONE', *, *, #137, .T. ) ;
#902 = LINE ( 'NONE', #393, #280 ) ;
#903 = ORIENTED_EDGE ( 'NONE', *, *, #604, .T. ) ;
#904 = ADVANCED_FACE ( 'NONE', ( #503 ), #1019, .F. ) ;
#905 = CARTESIAN_POINT ( 'NONE',  ( 11.33172080055557629, 7.976440142416010737, 10.05317194187604812 ) ) ;
#906 = CARTESIAN_POINT ( 'NONE',  ( 26.50000000000000000, 6.250000000000000888, 7.799999999999977618 ) ) ;
#907 = CARTESIAN_POINT ( 'NONE',  ( 12.28273658615851183, 7.521160309554305812, 19.92139721936533547 ) ) ;
#908 = ORIENTED_EDGE ( 'NONE', *, *, #310, .T. ) ;
#909 = ORIENTED_EDGE ( 'NONE', *, *, #810, .T. ) ;
#910 = CARTESIAN_POINT ( 'NONE',  ( 17.18047359511277961, 8.321691935314705191, 18.10557965796844115 ) ) ;
#911 = CIRCLE ( 'NONE', #836, 3.359999999999998543 ) ;
#912 = CARTESIAN_POINT ( 'NONE',  ( -6.308085367188383338E-16, 7.999999999999991118, 25.00000000000000000 ) ) ;
#913 = VECTOR ( 'NONE', #858, 1000.000000000000000 ) ;
#914 = LINE ( 'NONE', #564, #128 ) ;
#915 = EDGE_CURVE ( 'NONE', #1539, #591, #154, .T. ) ;
#916 = PERSON_AND_ORGANIZATION ( #240, #686 ) ;
#917 = DIRECTION ( 'NONE',  ( 1.000000000000000000, 0.000000000000000000, 0.000000000000000000 ) ) ;
#918 = CARTESIAN_POINT ( 'NONE',  ( 26.50000000000000000, 6.249999999999999112, 17.19999999999997797 ) ) ;
#919 = EDGE_LOOP ( 'NONE', ( #307, #1263, #1203, #677 ) ) ;
#920 = EDGE_LOOP ( 'NONE', ( #909, #1547, #834, #1522, #547, #658, #1512, #901 ) ) ;
#921 = CARTESIAN_POINT ( 'NONE',  ( 11.29583654340204824, 7.999999999999979572, 0.000000000000000000 ) ) ;
#922 = CARTESIAN_POINT ( 'NONE',  ( 14.00000000000000178, 32.15309756378880479, 0.000000000000000000 ) ) ;
#923 = EDGE_CURVE ( 'NONE', #1059, #741, #418, .T. ) ;
#924 = CARTESIAN_POINT ( 'NONE',  ( 10.66249368074922899, 8.446993624282452373, 16.55136705210068371 ) ) ;
#925 = ORIENTED_EDGE ( 'NONE', *, *, #255, .F. ) ;
#926 = ORIENTED_EDGE ( 'NONE', *, *, #1245, .F. ) ;
#927 = CARTESIAN_POINT ( 'NONE',  ( 18.01931150477795285, 6.249999999999999112, 7.799999999999977618 ) ) ;
#928 = CARTESIAN_POINT ( 'NONE',  ( 0.000000000000000000, 14.24999999999999467, 0.000000000000000000 ) ) ;
#929 = LINE ( 'NONE', #216, #1014 ) ;
#930 = LINE ( 'NONE', #1423, #312 ) ;
#931 = CC_DESIGN_PERSON_AND_ORGANIZATION_ASSIGNMENT ( #1528, #1448, ( #1172 ) ) ;
#932 = ORIENTED_EDGE ( 'NONE', *, *, #1214, .T. ) ;
#933 = ADVANCED_FACE ( 'NONE', ( #896 ), #440, .F. ) ;
#934 = EDGE_LOOP ( 'NONE', ( #471, #1002, #773, #350, #802, #574 ) ) ;
#935 = CARTESIAN_POINT ( 'NONE',  ( 14.00000000000000178, 7.250000000000000888, 20.35999999999999943 ) ) ;
#936 = CIRCLE ( 'NONE', #1010, 3.359999999999998543 ) ;
#937 = AXIS2_PLACEMENT_3D ( 'NONE', #866, #18, #306 ) ;
#938 = CARTESIAN_POINT ( 'NONE',  ( 19.00000000000000711, 6.249999999999999112, 25.00000000000000000 ) ) ;
#939 = AXIS2_PLACEMENT_3D ( 'NONE', #807, #199, #1061 ) ;
#940 = FACE_BOUND ( 'NONE', #624, .T. ) ;
#941 = CONICAL_SURFACE ( 'NONE', #1404, 3.359999999999998543, 0.7853981633974482790 ) ;
#942 = CARTESIAN_POINT ( 'NONE',  ( -6.308085367188372492E-16, 7.999999999999977796, 0.000000000000000000 ) ) ;
#943 = ORIENTED_EDGE ( 'NONE', *, *, #1198, .T. ) ;
#944 = ORIENTED_EDGE ( 'NONE', *, *, #989, .T. ) ;
#945 = ADVANCED_FACE ( 'NONE', ( #662 ), #1265, .F. ) ;
#946 = DIRECTION ( 'NONE',  ( 1.000000000000000000, 0.000000000000000000, 0.000000000000000000 ) ) ;
#947 = DIRECTION ( 'NONE',  ( 0.000000000000000000, 0.000000000000000000, 1.000000000000000000 ) ) ;
#948 = CARTESIAN_POINT ( 'NONE',  ( 10.64020945015153785, 8.465857273910369685, 17.23080289226456685 ) ) ;
#949 = ORIENTED_EDGE ( 'NONE', *, *, #1293, .F. ) ;
#950 = EDGE_CURVE ( 'NONE', #1079, #25, #1516, .T. ) ;
#951 = CARTESIAN_POINT ( 'NONE',  ( 19.24583266797859338, 5.814500384574945002, 7.128211236067938827 ) ) ;
#952 = CARTESIAN_POINT ( 'NONE',  ( 14.22565564862030385, 7.250000000000000000, 4.639999999999997904 ) ) ;
#953 = CARTESIAN_POINT ( 'NONE',  ( 14.00000000000000178, 3.499999999999999556, 18.69999999999999929 ) ) ;
#954 = VERTEX_POINT ( 'NONE', #58 ) ;
#955 = DIRECTION ( 'NONE',  ( 1.000000000000000000, -0.000000000000000000, 5.697340647455876550E-64 ) ) ;
#956 = CARTESIAN_POINT ( 'NONE',  ( 19.56679602072133051, 5.749964986115261745, 17.82447176630251562 ) ) ;
#957 = AXIS2_PLACEMENT_3D ( 'NONE', #726, #1210, #5 ) ;
#958 = ADVANCED_FACE ( 'NONE', ( #1389 ), #548, .T. ) ;
#959 = AXIS2_PLACEMENT_3D ( 'NONE', #1462, #1226, #1392 ) ;
#960 = CARTESIAN_POINT ( 'NONE',  ( 16.23243421295286737, 7.745274264236354789, 5.479749390724669489 ) ) ;
#961 = VECTOR ( 'NONE', #132, 1000.000000000000114 ) ;
#962 = CARTESIAN_POINT ( 'NONE',  ( 19.80782807198389150, 6.649088577746435469, 17.89514336341810008 ) ) ;
#963 = ORIENTED_EDGE ( 'NONE', *, *, #1500, .T. ) ;
#964 = LINE ( 'NONE', #1455, #1494 ) ;
#965 = CARTESIAN_POINT ( 'NONE',  ( 19.00000000000000711, 6.182064597376596637, 6.999999999999981348 ) ) ;
#966 = CARTESIAN_POINT ( 'NONE',  ( 14.00000000000000178, 6.999999999999999112, 11.35999999999999766 ) ) ;
#967 = EDGE_CURVE ( 'NONE', #1111, #749, #319, .T. ) ;
#968 = CARTESIAN_POINT ( 'NONE',  ( 18.99999999999999645, 6.250000000000000000, 17.99999999999998579 ) ) ;
#969 = ORIENTED_EDGE ( 'NONE', *, *, #1426, .T. ) ;
#970 = EDGE_LOOP ( 'NONE', ( #1065, #292, #44, #1367 ) ) ;
#971 = LINE ( 'NONE', #130, #1113 ) ;
#972 = DIRECTION ( 'NONE',  ( 1.000000000000000000, 7.885106708985487801E-17, 0.000000000000000000 ) ) ;
#973 = EDGE_CURVE ( 'NONE', #775, #448, #876, .T. ) ;
#974 = CYLINDRICAL_SURFACE ( 'NONE', #959, 0.4999999999999935052 ) ;
#975 = ORIENTED_EDGE ( 'NONE', *, *, #1344, .T. ) ;
#976 = ADVANCED_FACE ( 'NONE', ( #1492, #998, #635 ), #263, .F. ) ;
#977 = CYLINDRICAL_SURFACE ( 'NONE', #1092, 3.360000000000000320 ) ;
#978 = CARTESIAN_POINT ( 'NONE',  ( 18.50000000000000000, 6.250000000000000888, 7.799999999999977618 ) ) ;
#979 = DIRECTION ( 'NONE',  ( 0.000000000000000000, 0.000000000000000000, 1.000000000000000000 ) ) ;
#980 = VECTOR ( 'NONE', #447, 1000.000000000000000 ) ;
#981 = AXIS2_PLACEMENT_3D ( 'NONE', #134, #618, #1103 ) ;
#982 = LINE ( 'NONE', #1365, #634 ) ;
#983 = AXIS2_PLACEMENT_3D ( 'NONE', #1291, #1415, #947 ) ;
#984 = DIRECTION ( 'NONE',  ( 0.000000000000000000, 0.000000000000000000, -1.000000000000000000 ) ) ;
#985 = ORIENTED_EDGE ( 'NONE', *, *, #367, .F. ) ;
#986 = VECTOR ( 'NONE', #455, 1000.000000000000000 ) ;
#987 = DIRECTION ( 'NONE',  ( -0.5000000000000037748, -0.8660254037844364872, 0.000000000000000000 ) ) ;
#988 = VERTEX_POINT ( 'NONE', #1382 ) ;
#989 = EDGE_CURVE ( 'NONE', #1040, #551, #530, .T. ) ;
#990 = CARTESIAN_POINT ( 'NONE',  ( 4.500000000000001776, 7.999999999999991118, 25.00000000000000000 ) ) ;
#991 = FACE_OUTER_BOUND ( 'NONE', #809, .T. ) ;
#992 = DATE_AND_TIME ( #515, #729 ) ;
#993 = DIRECTION ( 'NONE',  ( -0.000000000000000000, 1.000000000000000000, -0.000000000000000000 ) ) ;
#994 = CARTESIAN_POINT ( 'NONE',  ( 20.00000000000000355, 6.250000000000001776, 6.999999999999972466 ) ) ;
#995 = VERTEX_POINT ( 'NONE', #539 ) ;
#996 = CARTESIAN_POINT ( 'NONE',  ( 7.242413778650751865, 14.24999999999999822, 25.00000000000000000 ) ) ;
#997 = ORIENTED_EDGE ( 'NONE', *, *, #1554, .T. ) ;
#998 = FACE_BOUND ( 'NONE', #1253, .T. ) ;
#999 = LINE ( 'NONE', #1249, #712 ) ;
#1000 = DIRECTION ( 'NONE',  ( 0.000000000000000000, 0.000000000000000000, -1.000000000000000000 ) ) ;
#1001 = CARTESIAN_POINT ( 'NONE',  ( 19.80767120502583722, 6.649293966600875905, 7.104943032951228865 ) ) ;
#1002 = ORIENTED_EDGE ( 'NONE', *, *, #51, .T. ) ;
#1003 = LINE ( 'NONE', #1490, #1237 ) ;
#1004 = ORIENTED_EDGE ( 'NONE', *, *, #1546, .F. ) ;
#1005 = CARTESIAN_POINT ( 'NONE',  ( 13.54439616392236623, 7.265082512027015049, 4.663430995410205782 ) ) ;
#1006 = DIRECTION ( 'NONE',  ( -1.000000000000000000, -7.885106708985487801E-17, 0.000000000000000000 ) ) ;
#1007 = CARTESIAN_POINT ( 'NONE',  ( 17.35991952501998981, 8.465964700662549802, 7.773502559416430202 ) ) ;
#1008 = EDGE_CURVE ( 'NONE', #369, #656, #738, .T. ) ;
#1009 = CARTESIAN_POINT ( 'NONE',  ( 18.30842198490351791, 9.499999999999998224, 1.500000000000011768 ) ) ;
#1010 = AXIS2_PLACEMENT_3D ( 'NONE', #872, #156, #1272 ) ;
#1011 = VECTOR ( 'NONE', #164, 1000.000000000000000 ) ;
#1012 = CARTESIAN_POINT ( 'NONE',  ( 19.75416182271666443, 6.685465640093414486, 7.128193066312492832 ) ) ;
#1013 = ORIENTED_EDGE ( 'NONE', *, *, #1390, .F. ) ;
#1014 = VECTOR ( 'NONE', #1408, 1000.000000000000114 ) ;
#1015 = DIRECTION ( 'NONE',  ( -0.7745966692414856247, -0.4472135954999572061, -0.4472135954999545415 ) ) ;
#1016 = ORIENTED_EDGE ( 'NONE', *, *, #1390, .T. ) ;
#1017 = CIRCLE ( 'NONE', #789, 0.7999999999999977129 ) ;
#1018 = DIRECTION ( 'NONE',  ( -1.000000000000000000, -7.885106708985487801E-17, 0.000000000000000000 ) ) ;
#1019 = PLANE ( 'NONE',  #819 ) ;
#1020 = DIRECTION ( 'NONE',  ( 0.000000000000000000, 0.000000000000000000, 1.000000000000000000 ) ) ;
#1021 = DIRECTION ( 'NONE',  ( 0.000000000000000000, -1.000000000000000000, 0.000000000000000000 ) ) ;
#1022 = ADVANCED_FACE ( 'NONE', ( #12 ), #977, .F. ) ;
#1023 = VERTEX_POINT ( 'NONE', #169 ) ;
#1024 = CARTESIAN_POINT ( 'NONE',  ( 14.00000000000000178, 5.340000000000000746, 16.99999999999999645 ) ) ;
#1025 = CARTESIAN_POINT ( 'NONE',  ( 16.06666292855513234, 7.670084257053797927, 19.65804032773699106 ) ) ;
#1026 = CARTESIAN_POINT ( 'NONE',  ( 4.500000000000001776, 9.499999999999998224, 25.00000000000000000 ) ) ;
#1027 = CARTESIAN_POINT ( 'NONE',  ( 4.500000000000001776, 7.999999999999991118, 25.00000000000000000 ) ) ;
#1028 = APPLICATION_PROTOCOL_DEFINITION ( 'international standard', 'config_control_design', 1994, #750 ) ;
#1029 = DIRECTION ( 'NONE',  ( 0.000000000000000000, 0.000000000000000000, 1.000000000000000000 ) ) ;
#1030 = EDGE_LOOP ( 'NONE', ( #1227, #1220, #429, #475 ) ) ;
#1031 = PRODUCT ( ' 032736_01', ' 032736_01', '', ( #22 ) ) ;
#1032 = ORIENTED_EDGE ( 'NONE', *, *, #202, .F. ) ;
#1033 = CARTESIAN_POINT ( 'NONE',  ( 17.33727847002155897, 8.446797977289161707, 16.54911597721428151 ) ) ;
#1034 = CARTESIAN_POINT ( 'NONE',  ( 10.99105490179131728, 8.196540619769750791, 9.510985895511820942 ) ) ;
#1035 = ADVANCED_FACE ( 'NONE', ( #877 ), #650, .T. ) ;
#1036 = CARTESIAN_POINT ( 'NONE',  ( 14.00000000000000178, 9.500000000000000000, 7.999999999999998224 ) ) ;
#1037 = DIRECTION ( 'NONE',  ( 0.000000000000000000, 0.000000000000000000, -1.000000000000000000 ) ) ;
#1038 = ORIENTED_EDGE ( 'NONE', *, *, #552, .T. ) ;
#1039 = AXIS2_PLACEMENT_3D ( 'NONE', #41, #646, #1029 ) ;
#1040 = VERTEX_POINT ( 'NONE', #860 ) ;
#1041 = CARTESIAN_POINT ( 'NONE',  ( 14.22885424430548440, 7.250000000000003553, 20.35999999999999233 ) ) ;
#1042 = AXIS2_PLACEMENT_3D ( 'NONE', #1254, #175, #657 ) ;
#1043 = AXIS2_PLACEMENT_3D ( 'NONE', #978, #1083, #353 ) ;
#1044 = EDGE_CURVE ( 'NONE', #759, #369, #742, .T. ) ;
#1045 = CIRCLE ( 'NONE', #663, 0.7999999999999986011 ) ;
#1046 = DIRECTION ( 'NONE',  ( 1.000000000000000000, 0.000000000000000000, 0.000000000000000000 ) ) ;
#1047 = ORIENTED_EDGE ( 'NONE', *, *, #407, .F. ) ;
#1048 = DIRECTION ( 'NONE',  ( -0.000000000000000000, -0.000000000000000000, 1.000000000000000000 ) ) ;
#1049 = CARTESIAN_POINT ( 'NONE',  ( 12.29008534300889721, 7.532613417263549493, 14.09967336082572054 ) ) ;
#1050 = ORIENTED_EDGE ( 'NONE', *, *, #861, .F. ) ;
#1051 = ORIENTED_EDGE ( 'NONE', *, *, #1398, .F. ) ;
#1052 = CARTESIAN_POINT ( 'NONE',  ( 17.00973271815861310, 8.197073142863182227, 18.50971110963944710 ) ) ;
#1053 = ORIENTED_EDGE ( 'NONE', *, *, #120, .F. ) ;
#1054 = PERSON_AND_ORGANIZATION_ROLE ( 'classification_officer' ) ;
#1055 = CYLINDRICAL_SURFACE ( 'NONE', #939, 0.7999999999999986011 ) ;
#1056 = EDGE_CURVE ( 'NONE', #741, #617, #281, .T. ) ;
#1057 = DIRECTION ( 'NONE',  ( 0.000000000000000000, 0.000000000000000000, 1.000000000000000000 ) ) ;
#1058 = EDGE_LOOP ( 'NONE', ( #1155, #288, #34, #203, #297, #641, #975, #65, #851, #847 ) ) ;
#1059 = VERTEX_POINT ( 'NONE', #853 ) ;
#1060 = CARTESIAN_POINT ( 'NONE',  ( 19.24505270604489127, 5.814920454153935658, 17.87207016178655650 ) ) ;
#1061 = DIRECTION ( 'NONE',  ( 0.000000000000000000, 0.000000000000000000, -1.000000000000000000 ) ) ;
#1062 = LINE ( 'NONE', #820, #1168 ) ;
#1063 = EDGE_LOOP ( 'NONE', ( #1544, #1086, #873, #392 ) ) ;
#1064 = ADVANCED_FACE ( 'NONE', ( #1112 ), #135, .F. ) ;
#1065 = ORIENTED_EDGE ( 'NONE', *, *, #545, .F. ) ;
#1066 = VECTOR ( 'NONE', #1142, 1000.000000000000000 ) ;
#1067 = CIRCLE ( 'NONE', #48, 5.249999999999997335 ) ;
#1068 = CONICAL_SURFACE ( 'NONE', #1215, 3.359999999999998543, 0.7853981633974482790 ) ;
#1069 = CYLINDRICAL_SURFACE ( 'NONE', #1241, 1.699999999999998401 ) ;
#1070 = VECTOR ( 'NONE', #409, 1000.000000000000114 ) ;
#1071 = FACE_OUTER_BOUND ( 'NONE', #278, .T. ) ;
#1072 = B_SPLINE_CURVE_WITH_KNOTS ( 'NONE', 3,
 ( #24, #316, #182, #1124, #173, #53, #1505, #533, #526, #1012, #1001, #33, #1498, #428, #517, #994 ),
 .UNSPECIFIED., .F., .F.,
 ( 4, 2, 2, 2, 2, 2, 2, 4 ),
 ( 7.854294591569230006E-18, 0.0004021005399350754527, 0.0006031508099026061318, 0.0008042010798701369192, 0.001005251349837667707, 0.001206301619805198386, 0.001407351889772729065, 0.001608402159740259961 ),
 .UNSPECIFIED. ) ;
#1073 = DESIGN_CONTEXT ( 'detailed design', #709, 'design' ) ;
#1074 = VERTEX_POINT ( 'NONE', #225 ) ;
#1075 = CARTESIAN_POINT ( 'NONE',  ( 19.10195490993987377, 5.940778182337427715, 7.060475478667693316 ) ) ;
#1076 = CARTESIAN_POINT ( 'NONE',  ( -2.037658773652780031, 1.176442841485046964, 25.00000000000000000 ) ) ;
#1077 = CARTESIAN_POINT ( 'NONE',  ( 14.00000000000000178, 7.250000000000000888, 4.639999999999997904 ) ) ;
#1078 = DIRECTION ( 'NONE',  ( -0.000000000000000000, 1.000000000000000000, -0.000000000000000000 ) ) ;
#1079 = VERTEX_POINT ( 'NONE', #601 ) ;
#1080 = CARTESIAN_POINT ( 'NONE',  ( 26.50000000000000000, 6.249999999999999112, 17.99999999999997868 ) ) ;
#1081 = EDGE_CURVE ( 'NONE', #954, #176, #1017, .T. ) ;
#1082 = CARTESIAN_POINT ( 'NONE',  ( 19.80779483874412961, 5.850850449728438818, 17.89512177831532824 ) ) ;
#1083 = DIRECTION ( 'NONE',  ( 1.000000000000000000, -0.000000000000000000, 5.697340647455876550E-64 ) ) ;
#1084 = CARTESIAN_POINT ( 'NONE',  ( 16.06598019436921376, 7.669803643029557527, 5.341456690681413377 ) ) ;
#1085 = DIRECTION ( 'NONE',  ( 1.000000000000000000, -0.000000000000000000, 5.697340647455876550E-64 ) ) ;
#1086 = ORIENTED_EDGE ( 'NONE', *, *, #93, .T. ) ;
#1087 = CARTESIAN_POINT ( 'NONE',  ( 19.50000000000000000, 6.249999999999999112, -1.494069094959768295E-15 ) ) ;
#1088 = CARTESIAN_POINT ( 'NONE',  ( 19.99999999999999645, 6.182064597376595749, 17.99999999999998579 ) ) ;
#1089 = AXIS2_PLACEMENT_3D ( 'NONE', #1431, #1158, #1037 ) ;
#1090 = EDGE_CURVE ( 'NONE', #1317, #1499, #487, .T. ) ;
#1091 = AXIS2_PLACEMENT_3D ( 'NONE', #645, #637, #1000 ) ;
#1092 = AXIS2_PLACEMENT_3D ( 'NONE', #256, #1222, #1235 ) ;
#1093 = LINE ( 'NONE', #379, #1545 ) ;
#1094 = FACE_OUTER_BOUND ( 'NONE', #1444, .T. ) ;
#1095 = ORIENTED_EDGE ( 'NONE', *, *, #1320, .F. ) ;
#1096 = DIRECTION ( 'NONE',  ( 1.000000000000000000, -0.000000000000000000, 5.697340647455876550E-64 ) ) ;
#1097 = EDGE_CURVE ( 'NONE', #649, #551, #724, .T. ) ;
#1098 = CYLINDRICAL_SURFACE ( 'NONE', #537, 1.699999999999996625 ) ;
#1099 = EDGE_CURVE ( 'NONE', #1411, #700, #109, .T. ) ;
#1100 = DIRECTION ( 'NONE',  ( 0.000000000000000000, -1.000000000000000000, 0.000000000000000000 ) ) ;
#1101 = CARTESIAN_POINT ( 'NONE',  ( 19.06537494196229687, 6.505928549942058048, 17.96056967096469492 ) ) ;
#1102 = ORIENTED_EDGE ( 'NONE', *, *, #289, .T. ) ;
#1103 = DIRECTION ( 'NONE',  ( 2.775557561562891351E-16, 0.000000000000000000, -1.000000000000000000 ) ) ;
#1104 = CARTESIAN_POINT ( 'NONE',  ( 16.70416345659797486, 7.999999999999992895, 25.00000000000000000 ) ) ;
#1105 = CARTESIAN_POINT ( 'NONE',  ( 14.00000000000000178, 0.000000000000000000, 0.000000000000000000 ) ) ;
#1106 = FACE_OUTER_BOUND ( 'NONE', #1127, .T. ) ;
#1107 = LINE ( 'NONE', #251, #961 ) ;
#1108 = EDGE_CURVE ( 'NONE', #822, #1146, #740, .T. ) ;
#1109 = EDGE_LOOP ( 'NONE', ( #1247, #107, #394, #1502 ) ) ;
#1110 = DIRECTION ( 'NONE',  ( 0.000000000000000000, 0.000000000000000000, 1.000000000000000000 ) ) ;
#1111 = VERTEX_POINT ( 'NONE', #746 ) ;
#1112 = FACE_OUTER_BOUND ( 'NONE', #512, .T. ) ;
#1113 = VECTOR ( 'NONE', #614, 1000.000000000000114 ) ;
#1114 = CARTESIAN_POINT ( 'NONE',  ( 14.90055618471847154, 7.323019158108599491, 11.24491613593407635 ) ) ;
#1115 = AXIS2_PLACEMENT_3D ( 'NONE', #286, #752, #516 ) ;
#1116 = CARTESIAN_POINT ( 'NONE',  ( 26.50000000000000000, 6.250000000000000888, 6.999999999999980460 ) ) ;
#1117 = CARTESIAN_POINT ( 'NONE',  ( 11.46890337758842549, 7.897340675129577825, 19.22002131303619166 ) ) ;
#1118 = ORIENTED_EDGE ( 'NONE', *, *, #1268, .F. ) ;
#1119 = AXIS2_PLACEMENT_3D ( 'NONE', #912, #672, #1406 ) ;
#1120 = CARTESIAN_POINT ( 'NONE',  ( -2.037658773652790689, 1.176442841485053181, 0.000000000000000000 ) ) ;
#1121 = ORIENTED_EDGE ( 'NONE', *, *, #685, .T. ) ;
#1122 = CARTESIAN_POINT ( 'NONE',  ( 10.82148069392946255, 8.320223898070297608, 9.110785308422190809 ) ) ;
#1123 = FACE_OUTER_BOUND ( 'NONE', #1309, .T. ) ;
#1124 = CARTESIAN_POINT ( 'NONE',  ( 19.19217192801609784, 6.649088577746434581, 7.104856636581861729 ) ) ;
#1125 = ORIENTED_EDGE ( 'NONE', *, *, #573, .F. ) ;
#1126 = DIRECTION ( 'NONE',  ( 0.000000000000000000, -1.000000000000000000, 0.000000000000000000 ) ) ;
#1127 = EDGE_LOOP ( 'NONE', ( #324, #1410, #36, #725 ) ) ;
#1128 = CARTESIAN_POINT ( 'NONE',  ( 10.63979335407474025, 8.466203851210048370, 7.775336227645740728 ) ) ;
#1129 = EDGE_CURVE ( 'NONE', #700, #1411, #541, .T. ) ;
#1130 = CARTESIAN_POINT ( 'NONE',  ( 16.66893758207196896, 7.976834006353522355, 10.05229564337542492 ) ) ;
#1131 = LINE ( 'NONE', #532, #416 ) ;
#1132 = CARTESIAN_POINT ( 'NONE',  ( 13.54673615612514403, 7.264920164970168237, 20.33682027689242489 ) ) ;
#1133 = ORIENTED_EDGE ( 'NONE', *, *, #333, .T. ) ;
#1134 = LINE ( 'NONE', #1387, #588 ) ;
#1135 = ORIENTED_EDGE ( 'NONE', *, *, #213, .T. ) ;
#1136 = CARTESIAN_POINT ( 'NONE',  ( -6.308085367188383338E-16, 7.999999999999991118, 25.00000000000000000 ) ) ;
#1137 =( BOUNDED_CURVE ( )  B_SPLINE_CURVE ( 3, ( #921, #328, #426, #1173 ),
 .UNSPECIFIED., .F., .F. ) 
 B_SPLINE_CURVE_WITH_KNOTS ( ( 4, 4 ),
 ( 0.5410995259571376170, 0.9625507478846871967 ),
 .UNSPECIFIED. ) 
 CURVE ( )  GEOMETRIC_REPRESENTATION_ITEM ( )  RATIONAL_B_SPLINE_CURVE ( ( 1.000000000000000000, 0.9852529309842982252, 0.9852529309842982252, 1.000000000000000000 ) ) 
 REPRESENTATION_ITEM ( '' )  );
#1138 = CYLINDRICAL_SURFACE ( 'NONE', #1548, 1.699999999999996625 ) ;
#1139 = EDGE_CURVE ( 'NONE', #988, #1369, #1186, .T. ) ;
#1140 = CARTESIAN_POINT ( 'NONE',  ( 15.70923828281263823, 7.532335937606957188, 10.90082376864019764 ) ) ;
#1141 = AXIS2_PLACEMENT_3D ( 'NONE', #833, #497, #112 ) ;
#1142 = DIRECTION ( 'NONE',  ( -0.000000000000000000, -1.000000000000000000, -0.000000000000000000 ) ) ;
#1143 = EDGE_LOOP ( 'NONE', ( #630, #859, #1553, #829 ) ) ;
#1144 = AXIS2_PLACEMENT_3D ( 'NONE', #397, #1363, #523 ) ;
#1145 = LINE ( 'NONE', #996, #1301 ) ;
#1146 = VERTEX_POINT ( 'NONE', #238 ) ;
#1147 = VECTOR ( 'NONE', #549, 1000.000000000000000 ) ;
#1148 = CARTESIAN_POINT ( 'NONE',  ( 12.89091425280455105, 7.364217354746516619, 11.17931087530402401 ) ) ;
#1149 = B_SPLINE_CURVE_WITH_KNOTS ( 'NONE', 3,
 ( #1077, #952, #1442, #838, #718, #1201, #115, #1084, #960, #751, #389, #153, #1238, #763, #1486, #889, #1007, #180, #665, #284, #899, #1495, #1250, #1130, #1259, #406, #171, #1140, #398, #653, #1114, #870, #49, #163 ),
 .UNSPECIFIED., .F., .F.,
 ( 4, 2, 2, 2, 2, 2, 2, 2, 2, 2, 2, 2, 2, 2, 2, 2, 4 ),
 ( 0.01082339674996766685, 0.01149909314399458551, 0.01217478953802150418, 0.01285048593204842805, 0.01352618232607535192, 0.01420187872010227580, 0.01487757511412919967, 0.01555327150815612354, 0.01622896790218304741, 0.01690466429620996955, 0.01758036069023689515, 0.01825605708426381729, 0.01893175347829074290, 0.01960744987231766503, 0.02028314626634458717, 0.02095884266037151278, 0.02163453905439844185 ),
 .UNSPECIFIED. ) ;
#1150 = CARTESIAN_POINT ( 'NONE',  ( 1.901923788646659563, 7.999999999999991118, 25.00000000000000000 ) ) ;
#1151 = EDGE_CURVE ( 'NONE', #1232, #318, #1202, .T. ) ;
#1152 = FACE_OUTER_BOUND ( 'NONE', #1255, .T. ) ;
#1153 = ORIENTED_EDGE ( 'NONE', *, *, #1090, .T. ) ;
#1154 = DIRECTION ( 'NONE',  ( -0.000000000000000000, -0.000000000000000000, -1.000000000000000000 ) ) ;
#1155 = ORIENTED_EDGE ( 'NONE', *, *, #714, .F. ) ;
#1156 = CARTESIAN_POINT ( 'NONE',  ( 14.00000000000000178, 6.999999999999999112, 20.35999999999999588 ) ) ;
#1157 = DIRECTION ( 'NONE',  ( -0.000000000000000000, 1.000000000000000000, -0.000000000000000000 ) ) ;
#1158 = DIRECTION ( 'NONE',  ( 0.000000000000000000, -1.000000000000000000, 0.000000000000000000 ) ) ;
#1159 = EDGE_LOOP ( 'NONE', ( #1153, #1177, #437, #1118 ) ) ;
#1160 = PRODUCT_DEFINITION_SHAPE ( 'NONE', 'NONE',  #542 ) ;
#1161 = EDGE_CURVE ( 'NONE', #87, #25, #734, .T. ) ;
#1162 = EDGE_LOOP ( 'NONE', ( #885, #1388, #1401, #11, #527, #349 ) ) ;
#1163 = CARTESIAN_POINT ( 'NONE',  ( 15.70908369509187530, 7.532293896214524942, 14.09911054774237016 ) ) ;
#1164 = DIRECTION ( 'NONE',  ( 1.000000000000000000, -0.000000000000000000, 5.697340647455876550E-64 ) ) ;
#1165 = DIRECTION ( 'NONE',  ( 1.000000000000000000, -0.000000000000000000, 5.697340647455876550E-64 ) ) ;
#1166 = CYLINDRICAL_SURFACE ( 'NONE', #1212, 12.00000000000000000 ) ;
#1167 = ORIENTED_EDGE ( 'NONE', *, *, #1081, .T. ) ;
#1168 = VECTOR ( 'NONE', #1292, 1000.000000000000000 ) ;
#1169 = VECTOR ( 'NONE', #298, 1000.000000000000114 ) ;
#1170 = VERTEX_POINT ( 'NONE', #953 ) ;
#1171 = EDGE_CURVE ( 'NONE', #1424, #656, #391, .T. ) ;
#1172 = PRODUCT_DEFINITION_FORMATION_WITH_SPECIFIED_SOURCE ( 'ANY', '', #1031, .NOT_KNOWN. ) ;
#1173 = CARTESIAN_POINT ( 'NONE',  ( 9.691578015096482090, 9.499999999999998224, 1.500000000000011768 ) ) ;
#1174 = DIRECTION ( 'NONE',  ( 1.000000000000000000, 0.000000000000000000, -0.000000000000000000 ) ) ;
#1175 = CARTESIAN_POINT ( 'NONE',  ( 18.30842198490351791, 9.499999999999998224, 1.500000000000011768 ) ) ;
#1176 = ORIENTED_EDGE ( 'NONE', *, *, #545, .T. ) ;
#1177 = ORIENTED_EDGE ( 'NONE', *, *, #494, .T. ) ;
#1178 = CARTESIAN_POINT ( 'NONE',  ( 17.35991952501998981, 8.465964700662549802, 16.77350255941643553 ) ) ;
#1179 = DIRECTION ( 'NONE',  ( -0.000000000000000000, -0.000000000000000000, 1.000000000000000000 ) ) ;
#1180 = ADVANCED_FACE ( 'NONE', ( #1094, #3 ), #1358, .T. ) ;
#1181 = DIRECTION ( 'NONE',  ( -0.000000000000000000, 0.000000000000000000, 1.000000000000000000 ) ) ;
#1182 = CARTESIAN_POINT ( 'NONE',  ( 11.93481989314868130, 7.669496017721475489, 14.34091484258917859 ) ) ;
#1183 = ORIENTED_EDGE ( 'NONE', *, *, #1426, .F. ) ;
#1184 = ORIENTED_EDGE ( 'NONE', *, *, #1129, .T. ) ;
#1185 = DIRECTION ( 'NONE',  ( 1.000000000000000000, -0.000000000000000000, 5.697340647455876550E-64 ) ) ;
#1186 = B_SPLINE_CURVE_WITH_KNOTS ( 'NONE', 3,
 ( #840, #1558, #732, #962, #1453, #123, #1352, #1330, #480, #1231, #623, #368, #1101, #499, #381, #968 ),
 .UNSPECIFIED., .F., .F.,
 ( 4, 2, 2, 2, 2, 2, 2, 4 ),
 ( 7.806255641895631925E-18, 0.0004021005399350683512, 0.0006031508099026011444, 0.0008042010798701341003, 0.001005251349837667056, 0.001206301619805199687, 0.001407351889772732751, 0.001608402159740265382 ),
 .UNSPECIFIED. ) ;
#1187 = CARTESIAN_POINT ( 'NONE',  ( 0.000000000000000000, 3.499999999999999556, 25.00000000000000000 ) ) ;
#1188 = PLANE ( 'NONE',  #513 ) ;
#1189 = ADVANCED_FACE ( 'NONE', ( #495 ), #941, .F. ) ;
#1190 = CYLINDRICAL_SURFACE ( 'NONE', #125, 0.7999999999999986011 ) ;
#1191 = ORIENTED_EDGE ( 'NONE', *, *, #704, .F. ) ;
#1192 = ORIENTED_EDGE ( 'NONE', *, *, #351, .F. ) ;
#1193 = LOCAL_TIME ( 13, 4, 35.00000000000000000, #273 ) ;
#1194 = CIRCLE ( 'NONE', #1271, 0.7999999999999986011 ) ;
#1195 = CARTESIAN_POINT ( 'NONE',  ( 19.00000000000000355, 6.182554060941311214, 17.99999999999997868 ) ) ;
#1196 = CIRCLE ( 'NONE', #1091, 12.00000000000000000 ) ;
#1197 = CARTESIAN_POINT ( 'NONE',  ( 26.50000000000000000, 9.500000000000000000, 1.500000000000011768 ) ) ;
#1198 = EDGE_CURVE ( 'NONE', #700, #611, #1107, .T. ) ;
#1199 = ORIENTED_EDGE ( 'NONE', *, *, #803, .T. ) ;
#1200 = CARTESIAN_POINT ( 'NONE',  ( 19.98587503024848644, 6.115112845809363762, 17.99098270644754649 ) ) ;
#1201 = CARTESIAN_POINT ( 'NONE',  ( 15.51530979917631292, 7.469040333484911365, 4.992950073049926552 ) ) ;
#1202 = LINE ( 'NONE', #845, #761 ) ;
#1203 = ORIENTED_EDGE ( 'NONE', *, *, #129, .T. ) ;
#1204 = ADVANCED_FACE ( 'NONE', ( #261 ), #974, .F. ) ;
#1205 = LINE ( 'NONE', #118, #786 ) ;
#1206 = CARTESIAN_POINT ( 'NONE',  ( 20.00000000000000000, 6.182554060941312102, 6.999999999999978684 ) ) ;
#1207 = CARTESIAN_POINT ( 'NONE',  ( 14.00000000000000178, 9.500000000000000000, 18.69999999999999574 ) ) ;
#1208 = CARTESIAN_POINT ( 'NONE',  ( 14.00000000000000178, 5.340000000000000746, 7.999999999999998224 ) ) ;
#1209 = EDGE_LOOP ( 'NONE', ( #183, #571 ) ) ;
#1210 = DIRECTION ( 'NONE',  ( 1.000000000000000000, -0.000000000000000000, 5.697340647455876550E-64 ) ) ;
#1211 = CARTESIAN_POINT ( 'NONE',  ( 18.99999999999999645, 6.250000000000000000, 17.99999999999998579 ) ) ;
#1212 = AXIS2_PLACEMENT_3D ( 'NONE', #80, #224, #1283 ) ;
#1213 = VECTOR ( 'NONE', #1374, 1000.000000000000000 ) ;
#1214 = EDGE_CURVE ( 'NONE', #822, #305, #1072, .T. ) ;
#1215 = AXIS2_PLACEMENT_3D ( 'NONE', #1422, #347, #826 ) ;
#1216 = VECTOR ( 'NONE', #1219, 1000.000000000000000 ) ;
#1217 = CYLINDRICAL_SURFACE ( 'NONE', #1141, 0.7999999999999977129 ) ;
#1218 = CARTESIAN_POINT ( 'NONE',  ( 18.50000000000000000, 6.250000000000000888, 7.799999999999977618 ) ) ;
#1219 = DIRECTION ( 'NONE',  ( -0.000000000000000000, -0.000000000000000000, -1.000000000000000000 ) ) ;
#1220 = ORIENTED_EDGE ( 'NONE', *, *, #736, .F. ) ;
#1221 = PLANE ( 'NONE',  #981 ) ;
#1222 = DIRECTION ( 'NONE',  ( -0.000000000000000000, 1.000000000000000000, -0.000000000000000000 ) ) ;
#1223 = EDGE_CURVE ( 'NONE', #1284, #1273, #1488, .T. ) ;
#1224 = DIRECTION ( 'NONE',  ( -1.000000000000000000, -7.885106708985487801E-17, 0.000000000000000000 ) ) ;
#1225 = CARTESIAN_POINT ( 'NONE',  ( 20.00000000000000355, 6.250000000000001776, 6.999999999999972466 ) ) ;
#1226 = DIRECTION ( 'NONE',  ( -0.000000000000000000, -0.000000000000000000, 1.000000000000000000 ) ) ;
#1227 = ORIENTED_EDGE ( 'NONE', *, *, #1377, .T. ) ;
#1228 = CARTESIAN_POINT ( 'NONE',  ( 5.943375672974090307, 15.00000000000000888, 25.00000000000000000 ) ) ;
#1229 = APPLICATION_PROTOCOL_DEFINITION ( 'international standard', 'config_control_design', 1994, #709 ) ;
#1230 = FACE_OUTER_BOUND ( 'NONE', #1489, .T. ) ;
#1231 = CARTESIAN_POINT ( 'NONE',  ( 19.24583817728332846, 6.685465640093417150, 17.87180693368745921 ) ) ;
#1232 = VERTEX_POINT ( 'NONE', #780 ) ;
#1233 = DIRECTION ( 'NONE',  ( 0.000000000000000000, 0.000000000000000000, -1.000000000000000000 ) ) ;
#1234 = VERTEX_POINT ( 'NONE', #287 ) ;
#1235 = DIRECTION ( 'NONE',  ( 0.000000000000000000, 0.000000000000000000, 1.000000000000000000 ) ) ;
#1236 = LOCAL_TIME ( 13, 4, 35.00000000000000000, #234 ) ;
#1237 = VECTOR ( 'NONE', #640, 1000.000000000000000 ) ;
#1238 = CARTESIAN_POINT ( 'NONE',  ( 17.01170995325760060, 8.198479576368196575, 6.494454757616646035 ) ) ;
#1239 = AXIS2_PLACEMENT_3D ( 'NONE', #669, #9, #615 ) ;
#1240 = CARTESIAN_POINT ( 'NONE',  ( 14.00000000000000533, 0.000000000000000000, 0.5000000000000004441 ) ) ;
#1241 = AXIS2_PLACEMENT_3D ( 'NONE', #1036, #1157, #558 ) ;
#1242 = DIRECTION ( 'NONE',  ( 0.000000000000000000, -1.000000000000000000, 0.000000000000000000 ) ) ;
#1243 = ORIENTED_EDGE ( 'NONE', *, *, #755, .F. ) ;
#1244 = VECTOR ( 'NONE', #1018, 1000.000000000000000 ) ;
#1245 = EDGE_CURVE ( 'NONE', #1234, #1023, #282, .T. ) ;
#1246 = LINE ( 'NONE', #411, #661 ) ;
#1247 = ORIENTED_EDGE ( 'NONE', *, *, #1266, .T. ) ;
#1248 = CARTESIAN_POINT ( 'NONE',  ( 10.75398425649952472, 8.373352346529721046, 8.896031438263067415 ) ) ;
#1249 = CARTESIAN_POINT ( 'NONE',  ( 14.00000000000000178, 9.500000000000000000, 9.699999999999997513 ) ) ;
#1250 = CARTESIAN_POINT ( 'NONE',  ( 16.90714880296599176, 8.126129373142193302, 9.698125749827536168 ) ) ;
#1251 = CARTESIAN_POINT ( 'NONE',  ( 26.50000000000000000, 9.500000000000000000, 1.500000000000011768 ) ) ;
#1252 = CARTESIAN_POINT ( 'NONE',  ( 14.00000000000000533, 3.500000000000000000, 0.5000000000000004441 ) ) ;
#1253 = EDGE_LOOP ( 'NONE', ( #168, #1472 ) ) ;
#1254 = CARTESIAN_POINT ( 'NONE',  ( 18.50000000000000000, 6.250000000000000888, 7.799999999999977618 ) ) ;
#1255 = EDGE_LOOP ( 'NONE', ( #944, #682, #579, #1102, #1294, #73 ) ) ;
#1256 = EDGE_CURVE ( 'NONE', #1459, #670, #900, .T. ) ;
#1257 = CARTESIAN_POINT ( 'NONE',  ( 18.30842198490351791, 9.500000000000000000, 23.49999999999998934 ) ) ;
#1258 = CARTESIAN_POINT ( 'NONE',  ( 26.50000000000000000, 9.500000000000000000, 1.500000000000011768 ) ) ;
#1259 = CARTESIAN_POINT ( 'NONE',  ( 16.53172157742087833, 7.897672306396684050, 10.21935078768985861 ) ) ;
#1260 = CARTESIAN_POINT ( 'NONE',  ( 13.99999999999999822, 0.000000000000000000, 12.50000000000000000 ) ) ;
#1261 = EDGE_LOOP ( 'NONE', ( #271, #1047, #332, #1378 ) ) ;
#1262 = LINE ( 'NONE', #546, #1169 ) ;
#1263 = ORIENTED_EDGE ( 'NONE', *, *, #222, .F. ) ;
#1264 = CARTESIAN_POINT ( 'NONE',  ( 26.50000000000000000, 0.000000000000000000, 25.00000000000000000 ) ) ;
#1265 = PLANE ( 'NONE',  #233 ) ;
#1266 = EDGE_CURVE ( 'NONE', #341, #1284, #257, .T. ) ;
#1267 = LINE ( 'NONE', #664, #690 ) ;
#1268 = EDGE_CURVE ( 'NONE', #1317, #341, #794, .T. ) ;
#1269 = APPROVAL_STATUS ( 'not_yet_approved' ) ;
#1270 = VECTOR ( 'NONE', #457, 1000.000000000000000 ) ;
#1271 = AXIS2_PLACEMENT_3D ( 'NONE', #1380, #1482, #290 ) ;
#1272 = DIRECTION ( 'NONE',  ( 0.000000000000000000, 0.000000000000000000, 1.000000000000000000 ) ) ;
#1273 = VERTEX_POINT ( 'NONE', #1480 ) ;
#1274 = VECTOR ( 'NONE', #823, 1000.000000000000000 ) ;
#1275 = CARTESIAN_POINT ( 'NONE',  ( 26.50000000000000000, 7.999999999999992895, 25.00000000000000000 ) ) ;
#1276 = ORIENTED_EDGE ( 'NONE', *, *, #1139, .F. ) ;
#1277 = CARTESIAN_POINT ( 'NONE',  ( 14.90055618471846444, 7.323019158108598603, 20.24491613593407635 ) ) ;
#1278 = DIRECTION ( 'NONE',  ( 0.000000000000000000, 0.000000000000000000, 1.000000000000000000 ) ) ;
#1279 = PLANE ( 'NONE',  #84 ) ;
#1280 = COORDINATED_UNIVERSAL_TIME_OFFSET ( 0, 0, .AHEAD. ) ;
#1281 = FACE_OUTER_BOUND ( 'NONE', #269, .T. ) ;
#1282 = ADVANCED_FACE ( 'NONE', ( #420 ), #882, .F. ) ;
#1283 = DIRECTION ( 'NONE',  ( 0.000000000000000000, 0.000000000000000000, -1.000000000000000000 ) ) ;
#1284 = VERTEX_POINT ( 'NONE', #629 ) ;
#1285 = ORIENTED_EDGE ( 'NONE', *, *, #1441, .T. ) ;
#1286 = CARTESIAN_POINT ( 'NONE',  ( 14.89588691250585839, 7.322177302733633653, 13.75374286338133523 ) ) ;
#1287 = CARTESIAN_POINT ( 'NONE',  ( 13.77088634907552134, 7.250000000000000888, 11.35999999999999943 ) ) ;
#1288 = DIRECTION ( 'NONE',  ( -0.000000000000000000, -0.000000000000000000, -1.000000000000000000 ) ) ;
#1289 = EDGE_LOOP ( 'NONE', ( #578, #1135, #747, #1483 ) ) ;
#1290 = DATE_TIME_ROLE ( 'creation_date' ) ;
#1291 = CARTESIAN_POINT ( 'NONE',  ( 14.00000000000000178, 9.500000000000000000, 7.999999999999998224 ) ) ;
#1292 = DIRECTION ( 'NONE',  ( 1.000000000000000000, -0.000000000000000000, 5.697340647455876550E-64 ) ) ;
#1293 = EDGE_CURVE ( 'NONE', #611, #583, #936, .T. ) ;
#1294 = ORIENTED_EDGE ( 'NONE', *, *, #666, .F. ) ;
#1295 = VERTEX_POINT ( 'NONE', #638 ) ;
#1296 = CALENDAR_DATE ( 2024, 9, 5 ) ;
#1297 = CARTESIAN_POINT ( 'NONE',  ( 26.50000000000000000, 9.500000000000000000, 23.49999999999998934 ) ) ;
#1298 = FACE_OUTER_BOUND ( 'NONE', #1109, .T. ) ;
#1299 = ORIENTED_EDGE ( 'NONE', *, *, #214, .F. ) ;
#1300 = CIRCLE ( 'NONE', #1371, 0.4999999999999900080 ) ;
#1301 = VECTOR ( 'NONE', #782, 1000.000000000000000 ) ;
#1302 = ORIENTED_EDGE ( 'NONE', *, *, #1527, .F. ) ;
#1303 = CARTESIAN_POINT ( 'NONE',  ( 14.00000000000000178, 7.250000000000000888, 13.63999999999999702 ) ) ;
#1304 = ADVANCED_FACE ( 'NONE', ( #1384, #1376, #1152 ), #61, .F. ) ;
#1305 = VECTOR ( 'NONE', #760, 999.9999999999998863 ) ;
#1306 = CARTESIAN_POINT ( 'NONE',  ( 11.29583654340202337, 7.999999999999992895, 25.00000000000000000 ) ) ;
#1307 = CARTESIAN_POINT ( 'NONE',  ( 26.50000000000000000, 6.250000000000000888, 7.799999999999977618 ) ) ;
#1308 = CARTESIAN_POINT ( 'NONE',  ( 11.29583654340204824, 7.999999999999979572, 0.000000000000000000 ) ) ;
#1309 = EDGE_LOOP ( 'NONE', ( #1051, #1121, #1167 ) ) ;
#1310 =( BOUNDED_CURVE ( )  B_SPLINE_CURVE ( 3, ( #505, #1557, #1321, #713 ),
 .UNSPECIFIED., .F., .F. ) 
 B_SPLINE_CURVE_WITH_KNOTS ( ( 4, 4 ),
 ( 2.179041905705107585, 2.600493127632650392 ),
 .UNSPECIFIED. ) 
 CURVE ( )  GEOMETRIC_REPRESENTATION_ITEM ( )  RATIONAL_B_SPLINE_CURVE ( ( 1.000000000000000000, 0.9852529309842986693, 0.9852529309842986693, 1.000000000000000000 ) ) 
 REPRESENTATION_ITEM ( '' )  );
#1311 = ORIENTED_EDGE ( 'NONE', *, *, #1377, .F. ) ;
#1312 = CARTESIAN_POINT ( 'NONE',  ( 14.00000000000000178, 3.499999999999999556, 25.00000000000000000 ) ) ;
#1313 = EDGE_CURVE ( 'NONE', #1111, #318, #813, .T. ) ;
#1314 = LINE ( 'NONE', #1187, #886 ) ;
#1315 = CARTESIAN_POINT ( 'NONE',  ( 4.500000000000001776, 9.499999999999998224, 23.49999999999998934 ) ) ;
#1316 = CARTESIAN_POINT ( 'NONE',  ( 14.00000000000000533, 0.000000000000000000, 3.885780586188049469E-15 ) ) ;
#1317 = VERTEX_POINT ( 'NONE', #1252 ) ;
#1318 = ORIENTED_EDGE ( 'NONE', *, *, #1476, .F. ) ;
#1319 = CARTESIAN_POINT ( 'NONE',  ( 9.691578015096489196, 9.499999999999998224, 23.49999999999998934 ) ) ;
#1320 = EDGE_CURVE ( 'NONE', #1454, #185, #6, .T. ) ;
#1321 = CARTESIAN_POINT ( 'NONE',  ( 10.65893557630340993, 8.382729849044435966, 24.61727015095556226 ) ) ;
#1322 = VERTEX_POINT ( 'NONE', #577 ) ;
#1323 = VECTOR ( 'NONE', #244, 1000.000000000000000 ) ;
#1324 = PERSON_AND_ORGANIZATION ( #240, #686 ) ;
#1325 = CIRCLE ( 'NONE', #465, 3.359999999999998543 ) ;
#1326 = CARTESIAN_POINT ( 'NONE',  ( 19.19220516125587750, 5.850850449728437042, 7.104878221684625572 ) ) ;
#1327 = AXIS2_PLACEMENT_3D ( 'NONE', #141, #627, #1475 ) ;
#1328 = DIRECTION ( 'NONE',  ( -0.000000000000000000, -0.000000000000000000, 1.000000000000000000 ) ) ;
#1329 = EDGE_CURVE ( 'NONE', #87, #1369, #1062, .T. ) ;
#1330 = CARTESIAN_POINT ( 'NONE',  ( 19.43241427217732920, 6.750024547103273598, 17.82448014643594547 ) ) ;
#1331 = EDGE_LOOP ( 'NONE', ( #828, #639, #1013, #1417 ) ) ;
#1332 = APPROVAL_ROLE ( '' ) ;
#1333 = CARTESIAN_POINT ( 'NONE',  ( 14.00000000000000178, 6.999999999999999112, 16.99999999999999645 ) ) ;
#1334 = CARTESIAN_POINT ( 'NONE',  ( 14.00000000000000178, 7.250000000000000888, 20.35999999999999943 ) ) ;
#1335 = ADVANCED_FACE ( 'NONE', ( #330 ), #1190, .F. ) ;
#1336 = DIRECTION ( 'NONE',  ( 1.000000000000000000, 0.000000000000000000, 0.000000000000000000 ) ) ;
#1337 = ORIENTED_EDGE ( 'NONE', *, *, #62, .T. ) ;
#1338 = DIRECTION ( 'NONE',  ( -1.000000000000000000, 0.000000000000000000, 0.000000000000000000 ) ) ;
#1339 = CARTESIAN_POINT ( 'NONE',  ( 19.06510159869384680, 5.994789361652056670, 7.039266330218760359 ) ) ;
#1340 = CARTESIAN_POINT ( 'NONE',  ( 14.00000000000000178, 6.999999999999999112, 4.639999999999999680 ) ) ;
#1341 = DIRECTION ( 'NONE',  ( 0.000000000000000000, 0.000000000000000000, 1.000000000000000000 ) ) ;
#1342 = ORIENTED_EDGE ( 'NONE', *, *, #500, .F. ) ;
#1343 = CARTESIAN_POINT ( 'NONE',  ( 18.50000000000000000, 6.249999999999999112, 16.39999999999998082 ) ) ;
#1344 = EDGE_CURVE ( 'NONE', #146, #1432, #71, .T. ) ;
#1345 = CARTESIAN_POINT ( 'NONE',  ( 13.77408857037357137, 7.250000000000001776, 4.639999999999997904 ) ) ;
#1346 = VECTOR ( 'NONE', #348, 1000.000000000000000 ) ;
#1347 = VECTOR ( 'NONE', #1560, 1000.000000000000000 ) ;
#1348 = AXIS2_PLACEMENT_3D ( 'NONE', #1258, #651, #1006 ) ;
#1349 = VECTOR ( 'NONE', #100, 1000.000000000000000 ) ;
#1350 = CYLINDRICAL_SURFACE ( 'NONE', #383, 3.359999999999998543 ) ;
#1351 = DIRECTION ( 'NONE',  ( -0.000000000000000000, 1.000000000000000000, -0.000000000000000000 ) ) ;
#1352 = CARTESIAN_POINT ( 'NONE',  ( 19.56794844066423522, 6.749975387116657899, 17.82451950592118806 ) ) ;
#1353 = EDGE_LOOP ( 'NONE', ( #488, #174, #276, #299 ) ) ;
#1354 = CARTESIAN_POINT ( 'NONE',  ( 11.93481989314867953, 7.669496017721477266, 5.340914842589179479 ) ) ;
#1355 = CC_DESIGN_PERSON_AND_ORGANIZATION_ASSIGNMENT ( #1324, #1054, ( #149 ) ) ;
#1356 = CALENDAR_DATE ( 2024, 9, 5 ) ;
#1357 = DIRECTION ( 'NONE',  ( 0.000000000000000000, 0.000000000000000000, 1.000000000000000000 ) ) ;
#1358 = PLANE ( 'NONE',  #181 ) ;
#1359 = ORIENTED_EDGE ( 'NONE', *, *, #93, .F. ) ;
#1360 = DIRECTION ( 'NONE',  ( -0.000000000000000000, 1.000000000000000000, -0.000000000000000000 ) ) ;
#1361 = ORIENTED_EDGE ( 'NONE', *, *, #1097, .F. ) ;
#1362 = CARTESIAN_POINT ( 'NONE',  ( 17.34106442369659362, 8.382729849044434189, 24.61727015095555871 ) ) ;
#1363 = DIRECTION ( 'NONE',  ( 7.885106708985487801E-17, -1.000000000000000000, 0.000000000000000000 ) ) ;
#1364 = EDGE_CURVE ( 'NONE', #1170, #1232, #207, .T. ) ;
#1365 = CARTESIAN_POINT ( 'NONE',  ( 19.99999999999999289, 6.249999999999999112, 0.000000000000000000 ) ) ;
#1366 = CARTESIAN_POINT ( 'NONE',  ( 26.50000000000000000, 0.000000000000000000, 25.00000000000000000 ) ) ;
#1367 = ORIENTED_EDGE ( 'NONE', *, *, #104, .T. ) ;
#1368 = CARTESIAN_POINT ( 'NONE',  ( 4.500000000000001776, 9.499999999999998224, 1.500000000000011768 ) ) ;
#1369 = VERTEX_POINT ( 'NONE', #354 ) ;
#1370 = CARTESIAN_POINT ( 'NONE',  ( 11.77000541857621485, 7.744095988874759584, 5.477498422262924826 ) ) ;
#1371 = AXIS2_PLACEMENT_3D ( 'NONE', #844, #1328, #7 ) ;
#1372 = VECTOR ( 'NONE', #1015, 1000.000000000000114 ) ;
#1373 = PERSON_AND_ORGANIZATION ( #240, #686 ) ;
#1374 = DIRECTION ( 'NONE',  ( -1.000000000000000000, -4.790456687493994352E-16, 0.000000000000000000 ) ) ;
#1375 = AXIS2_PLACEMENT_3D ( 'NONE', #906, #1164, #311 ) ;
#1376 = FACE_BOUND ( 'NONE', #241, .T. ) ;
#1377 = EDGE_CURVE ( 'NONE', #1284, #461, #582, .T. ) ;
#1378 = ORIENTED_EDGE ( 'NONE', *, *, #744, .F. ) ;
#1379 = CIRCLE ( 'NONE', #1445, 0.7999999999999986011 ) ;
#1380 = CARTESIAN_POINT ( 'NONE',  ( 26.50000000000000000, 6.249999999999999112, 17.19999999999997797 ) ) ;
#1381 = EDGE_LOOP ( 'NONE', ( #139, #227, #1032, #231 ) ) ;
#1382 = CARTESIAN_POINT ( 'NONE',  ( 20.00000000000001421, 6.249999999999996447, 17.99999999999998934 ) ) ;
#1383 = DIRECTION ( 'NONE',  ( 0.000000000000000000, -0.000000000000000000, -1.000000000000000000 ) ) ;
#1384 = FACE_BOUND ( 'NONE', #781, .T. ) ;
#1385 = ORIENTED_EDGE ( 'NONE', *, *, #915, .F. ) ;
#1386 = ADVANCED_FACE ( 'NONE', ( #1298 ), #1166, .F. ) ;
#1387 = CARTESIAN_POINT ( 'NONE',  ( 0.000000000000000000, 14.24999999999999467, 25.00000000000000000 ) ) ;
#1388 = ORIENTED_EDGE ( 'NONE', *, *, #1329, .T. ) ;
#1389 = FACE_OUTER_BOUND ( 'NONE', #1261, .T. ) ;
#1390 = EDGE_CURVE ( 'NONE', #585, #670, #191, .T. ) ;
#1391 = CARTESIAN_POINT ( 'NONE',  ( 0.000000000000000000, 0.000000000000000000, 0.000000000000000000 ) ) ;
#1392 = DIRECTION ( 'NONE',  ( 1.000000000000000000, 0.000000000000000000, 0.000000000000000000 ) ) ;
#1393 = ORIENTED_EDGE ( 'NONE', *, *, #376, .T. ) ;
#1394 = DIRECTION ( 'NONE',  ( -0.000000000000000000, -0.000000000000000000, -1.000000000000000000 ) ) ;
#1395 = EDGE_LOOP ( 'NONE', ( #16, #883, #1393, #932, #1038, #262 ) ) ;
#1396 = CARTESIAN_POINT ( 'NONE',  ( 16.90725799969903775, 8.126197331705343530, 15.30203398407152271 ) ) ;
#1397 = CARTESIAN_POINT ( 'NONE',  ( 11.09319603805512600, 8.125894560238092978, 9.698740602892749862 ) ) ;
#1398 = EDGE_CURVE ( 'NONE', #647, #176, #675, .T. ) ;
#1399 = VECTOR ( 'NONE', #423, 1000.000000000000000 ) ;
#1400 = CARTESIAN_POINT ( 'NONE',  ( 11.91967892348594482, 7.667975982074263008, 19.67268464055979393 ) ) ;
#1401 = ORIENTED_EDGE ( 'NONE', *, *, #861, .T. ) ;
#1402 = VECTOR ( 'NONE', #223, 1000.000000000000114 ) ;
#1403 = ORIENTED_EDGE ( 'NONE', *, *, #573, .T. ) ;
#1404 = AXIS2_PLACEMENT_3D ( 'NONE', #1457, #850, #1341 ) ;
#1405 = CARTESIAN_POINT ( 'NONE',  ( 16.23062736671461792, 7.744441578978309870, 19.52179174700487607 ) ) ;
#1406 = DIRECTION ( 'NONE',  ( 1.000000000000000000, 7.885106708985487801E-17, 0.000000000000000000 ) ) ;
#1407 = DIRECTION ( 'NONE',  ( 1.000000000000000000, 4.790456687493994352E-16, 0.000000000000000000 ) ) ;
#1408 = DIRECTION ( 'NONE',  ( 8.659560562354932858E-17, 0.7071067811865474617, -0.7071067811865474617 ) ) ;
#1409 = CARTESIAN_POINT ( 'NONE',  ( 10.75398425649952294, 8.373352346529719270, 17.89603143826307274 ) ) ;
#1410 = ORIENTED_EDGE ( 'NONE', *, *, #1214, .F. ) ;
#1411 = VERTEX_POINT ( 'NONE', #589 ) ;
#1412 = CARTESIAN_POINT ( 'NONE',  ( 16.70416345659795354, 7.999999999999979572, 0.000000000000000000 ) ) ;
#1413 = CARTESIAN_POINT ( 'NONE',  ( 14.00000000000000178, 5.340000000000000746, 9.699999999999999289 ) ) ;
#1414 = CALENDAR_DATE ( 2024, 9, 5 ) ;
#1415 = DIRECTION ( 'NONE',  ( -0.000000000000000000, 1.000000000000000000, -0.000000000000000000 ) ) ;
#1416 = CARTESIAN_POINT ( 'NONE',  ( 10.81862345466820763, 8.322397674764957287, 15.89721238968000172 ) ) ;
#1417 = ORIENTED_EDGE ( 'NONE', *, *, #592, .T. ) ;
#1418 = ADVANCED_FACE ( 'NONE', ( #1071 ), #253, .F. ) ;
#1419 = ORIENTED_EDGE ( 'NONE', *, *, #1129, .F. ) ;
#1420 = CARTESIAN_POINT ( 'NONE',  ( 16.53172157742088189, 7.897672306396685826, 19.21935078768985861 ) ) ;
#1421 = CARTESIAN_POINT ( 'NONE',  ( 14.00000000000000178, 9.500000000000000000, 4.639999999999997904 ) ) ;
#1422 = CARTESIAN_POINT ( 'NONE',  ( 14.00000000000000178, 6.999999999999999112, 16.99999999999999645 ) ) ;
#1423 = CARTESIAN_POINT ( 'NONE',  ( 18.50000000000000000, 6.249999999999999112, 17.99999999999997868 ) ) ;
#1424 = VERTEX_POINT ( 'NONE', #1175 ) ;
#1425 = CONICAL_SURFACE ( 'NONE', #230, 0.7999999999999986011, 1.029744258676653201 ) ;
#1426 = EDGE_CURVE ( 'NONE', #1079, #87, #930, .T. ) ;
#1427 = ORIENTED_EDGE ( 'NONE', *, *, #598, .F. ) ;
#1428 = CARTESIAN_POINT ( 'NONE',  ( 18.30842198490351791, 9.500000000000000000, 23.49999999999998934 ) ) ;
#1429 = AXIS2_PLACEMENT_3D ( 'NONE', #1533, #76, #1407 ) ;
#1430 = DIRECTION ( 'NONE',  ( 0.000000000000000000, 0.000000000000000000, 1.000000000000000000 ) ) ;
#1431 = CARTESIAN_POINT ( 'NONE',  ( 14.00000000000000178, 3.499999999999999556, 16.99999999999999645 ) ) ;
#1432 = VERTEX_POINT ( 'NONE', #1308 ) ;
#1433 = ORIENTED_EDGE ( 'NONE', *, *, #300, .F. ) ;
#1434 = ADVANCED_FACE ( 'NONE', ( #250 ), #1098, .F. ) ;
#1435 = ADVANCED_FACE ( 'NONE', ( #237 ), #1217, .F. ) ;
#1436 = DIRECTION ( 'NONE',  ( 1.000000000000000000, -0.000000000000000000, 5.697340647455876550E-64 ) ) ;
#1437 = CARTESIAN_POINT ( 'NONE',  ( 10.63979335407473670, 8.466203851210046594, 16.77533622764573806 ) ) ;
#1438 = EDGE_LOOP ( 'NONE', ( #56, #716, #1095, #166 ) ) ;
#1439 = PERSON_AND_ORGANIZATION ( #240, #686 ) ;
#1440 = CARTESIAN_POINT ( 'NONE',  ( 19.63384357675370495, 5.763844834786229221, 17.83609214247359986 ) ) ;
#1441 = EDGE_CURVE ( 'NONE', #97, #72, #1300, .T. ) ;
#1442 = CARTESIAN_POINT ( 'NONE',  ( 14.45254836121396913, 7.264767318916133476, 4.662935610778625950 ) ) ;
#1443 = CARTESIAN_POINT ( 'NONE',  ( -6.308085367188372492E-16, 7.999999999999977796, 0.000000000000000000 ) ) ;
#1444 = EDGE_LOOP ( 'NONE', ( #212, #424, #92, #117, #1337, #264, #63, #584, #252, #449 ) ) ;
#1445 = AXIS2_PLACEMENT_3D ( 'NONE', #737, #723, #259 ) ;
#1446 = VECTOR ( 'NONE', #528, 1000.000000000000114 ) ;
#1447 = LINE ( 'NONE', #363, #414 ) ;
#1448 = PERSON_AND_ORGANIZATION_ROLE ( 'design_supplier' ) ;
#1449 = AXIS2_PLACEMENT_3D ( 'NONE', #1307, #1165, #580 ) ;
#1450 = DIRECTION ( 'NONE',  ( 0.000000000000000000, 0.000000000000000000, -1.000000000000000000 ) ) ;
#1451 = EDGE_CURVE ( 'NONE', #749, #1454, #366, .T. ) ;
#1452 = DIRECTION ( 'NONE',  ( -0.000000000000000000, 1.000000000000000000, -0.000000000000000000 ) ) ;
#1453 = CARTESIAN_POINT ( 'NONE',  ( 19.75435560020731884, 6.685309246800358984, 17.87190518371509285 ) ) ;
#1454 = VERTEX_POINT ( 'NONE', #1334 ) ;
#1455 = CARTESIAN_POINT ( 'NONE',  ( 26.50000000000000000, 6.250000000000000888, 8.599999999999976552 ) ) ;
#1456 = DIRECTION ( 'NONE',  ( -0.000000000000000000, 1.000000000000000000, -0.000000000000000000 ) ) ;
#1457 = CARTESIAN_POINT ( 'NONE',  ( 14.00000000000000178, 6.999999999999999112, 7.999999999999998224 ) ) ;
#1458 = EDGE_CURVE ( 'NONE', #670, #438, #971, .T. ) ;
#1459 = VERTEX_POINT ( 'NONE', #1564 ) ;
#1460 = CARTESIAN_POINT ( 'NONE',  ( 14.00000000000000178, 3.499999999999999556, 0.000000000000000000 ) ) ;
#1461 = CARTESIAN_POINT ( 'NONE',  ( 5.510362971081848471, 14.24999999999999822, 0.000000000000000000 ) ) ;
#1462 = CARTESIAN_POINT ( 'NONE',  ( 19.50000000000000000, 6.249999999999999112, 25.00000000000000000 ) ) ;
#1463 = ORIENTED_EDGE ( 'NONE', *, *, #202, .T. ) ;
#1464 = EDGE_CURVE ( 'NONE', #895, #1295, #728, .T. ) ;
#1465 = CARTESIAN_POINT ( 'NONE',  ( 12.48220404490453106, 7.469750856711682374, 4.994129772871364281 ) ) ;
#1466 = AXIS2_PLACEMENT_3D ( 'NONE', #856, #1351, #1357 ) ;
#1467 = VECTOR ( 'NONE', #1503, 1000.000000000000227 ) ;
#1468 = DIRECTION ( 'NONE',  ( -0.000000000000000000, 1.000000000000000000, -0.000000000000000000 ) ) ;
#1469 = CARTESIAN_POINT ( 'NONE',  ( 14.00000000000000533, 32.15309756378880479, 3.885780586188049469E-15 ) ) ;
#1470 = DIRECTION ( 'NONE',  ( -0.000000000000000000, -0.000000000000000000, -1.000000000000000000 ) ) ;
#1471 = DIRECTION ( 'NONE',  ( -0.000000000000000000, 1.000000000000000000, -0.000000000000000000 ) ) ;
#1472 = ORIENTED_EDGE ( 'NONE', *, *, #652, .T. ) ;
#1473 = FACE_OUTER_BOUND ( 'NONE', #668, .T. ) ;
#1474 = ORIENTED_EDGE ( 'NONE', *, *, #950, .T. ) ;
#1475 = DIRECTION ( 'NONE',  ( 0.000000000000000000, -0.000000000000000000, 1.000000000000000000 ) ) ;
#1476 = EDGE_CURVE ( 'NONE', #355, #1074, #1379, .T. ) ;
#1477 = PLANE ( 'NONE',  #1144 ) ;
#1478 = CARTESIAN_POINT ( 'NONE',  ( 26.50000000000000000, 6.250000000000000888, 6.999999999999979572 ) ) ;
#1479 = DIRECTION ( 'NONE',  ( -1.000000000000000000, 0.000000000000000000, 0.000000000000000000 ) ) ;
#1480 = CARTESIAN_POINT ( 'NONE',  ( 13.99999999999999822, 3.499999999999999556, 24.50000000000000000 ) ) ;
#1481 = EDGE_LOOP ( 'NONE', ( #683, #1359 ) ) ;
#1482 = DIRECTION ( 'NONE',  ( 1.000000000000000000, -0.000000000000000000, 5.697340647455876550E-64 ) ) ;
#1483 = ORIENTED_EDGE ( 'NONE', *, *, #621, .F. ) ;
#1484 = DIRECTION ( 'NONE',  ( -1.000000000000000000, 0.000000000000000000, 0.000000000000000000 ) ) ;
#1485 = EDGE_CURVE ( 'NONE', #1170, #1111, #229, .T. ) ;
#1486 = CARTESIAN_POINT ( 'NONE',  ( 17.24678000034691649, 8.373949363771210130, 7.106051669378929958 ) ) ;
#1487 = CARTESIAN_POINT ( 'NONE',  ( 14.00000000000000178, 7.250000000000000888, 4.639999999999997904 ) ) ;
#1488 = LINE ( 'NONE', #144, #82 ) ;
#1489 = EDGE_LOOP ( 'NONE', ( #795, #27, #334, #1506 ) ) ;
#1490 = CARTESIAN_POINT ( 'NONE',  ( 14.00000000000000178, 9.500000000000000000, 6.299999999999999822 ) ) ;
#1491 = ORIENTED_EDGE ( 'NONE', *, *, #714, .T. ) ;
#1492 = FACE_BOUND ( 'NONE', #720, .T. ) ;
#1493 = LOCAL_TIME ( 13, 4, 35.00000000000000000, #1280 ) ;
#1494 = VECTOR ( 'NONE', #1096, 1000.000000000000000 ) ;
#1495 = CARTESIAN_POINT ( 'NONE',  ( 17.00973271815861665, 8.197073142863182227, 9.509711109639445326 ) ) ;
#1496 = DIRECTION ( 'NONE',  ( 1.000000000000000000, -0.000000000000000000, 5.697340647455876550E-64 ) ) ;
#1497 = AXIS2_PLACEMENT_3D ( 'NONE', #1208, #1471, #616 ) ;
#1498 = CARTESIAN_POINT ( 'NONE',  ( 19.93462505803771023, 6.505928549942058936, 7.039430329035265999 ) ) ;
#1499 = VERTEX_POINT ( 'NONE', #1460 ) ;
#1500 = EDGE_CURVE ( 'NONE', #611, #775, #1093, .T. ) ;
#1501 = CARTESIAN_POINT ( 'NONE',  ( 19.99999999999998934, 6.249999999999999112, -1.494069094959768295E-15 ) ) ;
#1502 = ORIENTED_EDGE ( 'NONE', *, *, #1268, .T. ) ;
#1503 = DIRECTION ( 'NONE',  ( -0.7745966692414844035, -0.4472135954999562069, 0.4472135954999577612 ) ) ;
#1504 = FACE_OUTER_BOUND ( 'NONE', #1395, .T. ) ;
#1505 = CARTESIAN_POINT ( 'NONE',  ( 19.43205155933576833, 6.749975387116658787, 7.175480494078766647 ) ) ;
#1506 = ORIENTED_EDGE ( 'NONE', *, *, #893, .F. ) ;
#1507 = ADVANCED_FACE ( 'NONE', ( #854 ), #1350, .F. ) ;
#1508 = DIRECTION ( 'NONE',  ( -0.000000000000000000, 1.000000000000000000, -0.000000000000000000 ) ) ;
#1509 = CARTESIAN_POINT ( 'NONE',  ( 13.10762764232686450, 7.321662374220752056, 11.24707395168412205 ) ) ;
#1510 = DIRECTION ( 'NONE',  ( -0.000000000000000000, 1.000000000000000000, -0.000000000000000000 ) ) ;
#1511 = CARTESIAN_POINT ( 'NONE',  ( 14.00000000000000178, 7.250000000000000888, 20.35999999999999943 ) ) ;
#1512 = ORIENTED_EDGE ( 'NONE', *, *, #367, .T. ) ;
#1513 = ORIENTED_EDGE ( 'NONE', *, *, #1527, .T. ) ;
#1514 = CARTESIAN_POINT ( 'NONE',  ( 16.90714880296598110, 8.126129373142187973, 18.69812574982753972 ) ) ;
#1515 = EDGE_CURVE ( 'NONE', #1295, #1459, #493, .T. ) ;
#1516 = LINE ( 'NONE', #787, #1524 ) ;
#1517 = SECURITY_CLASSIFICATION_LEVEL ( 'unclassified' ) ;
#1518 = CARTESIAN_POINT ( 'NONE',  ( 0.000000000000000000, 14.24999999999999467, 0.000000000000000000 ) ) ;
#1519 = LOCAL_TIME ( 13, 4, 35.00000000000000000, #242 ) ;
#1520 = CIRCLE ( 'NONE', #1466, 3.359999999999998543 ) ;
#1521 = CARTESIAN_POINT ( 'NONE',  ( 18.50000000000000000, 6.250000000000000888, 8.599999999999976552 ) ) ;
#1522 = ORIENTED_EDGE ( 'NONE', *, *, #62, .F. ) ;
#1523 = EDGE_LOOP ( 'NONE', ( #1016, #1538, #875, #362, #218, #678 ) ) ;
#1524 = VECTOR ( 'NONE', #196, 1000.000000000000000 ) ;
#1525 = CARTESIAN_POINT ( 'NONE',  ( 15.51462703553331934, 7.468917575362628014, 20.00724232646681600 ) ) ;
#1526 = CARTESIAN_POINT ( 'NONE',  ( 18.99999999999998579, 6.249999999999997335, 6.999999999999968026 ) ) ;
#1527 = EDGE_CURVE ( 'NONE', #1411, #583, #849, .T. ) ;
#1528 = PERSON_AND_ORGANIZATION ( #240, #686 ) ;
#1529 = FACE_OUTER_BOUND ( 'NONE', #919, .T. ) ;
#1530 = CARTESIAN_POINT ( 'NONE',  ( 13.10341497396617783, 7.322348867253999138, 13.75401742627445323 ) ) ;
#1531 = ORIENTED_EDGE ( 'NONE', *, *, #1044, .F. ) ;
#1532 = ORIENTED_EDGE ( 'NONE', *, *, #1090, .F. ) ;
#1533 = CARTESIAN_POINT ( 'NONE',  ( 7.242413778650751865, 14.24999999999999822, 25.00000000000000000 ) ) ;
#1534 = VERTEX_POINT ( 'NONE', #1105 ) ;
#1535 = FACE_OUTER_BOUND ( 'NONE', #1162, .T. ) ;
#1536 = EDGE_CURVE ( 'NONE', #895, #701, #1310, .T. ) ;
#1537 = CARTESIAN_POINT ( 'NONE',  ( 14.00000000000000178, 7.250000000000000888, 13.63999999999999702 ) ) ;
#1538 = ORIENTED_EDGE ( 'NONE', *, *, #1458, .T. ) ;
#1539 = VERTEX_POINT ( 'NONE', #13 ) ;
#1540 = CARTESIAN_POINT ( 'NONE',  ( 16.66880272693365228, 7.976749966815121162, 14.94750647436500124 ) ) ;
#1541 = CARTESIAN_POINT ( 'NONE',  ( 19.75416733202141018, 5.814500384574942338, 17.87178876393201676 ) ) ;
#1542 = FACE_OUTER_BOUND ( 'NONE', #1058, .T. ) ;
#1543 = CARTESIAN_POINT ( 'NONE',  ( 12.48220404490453106, 7.469750856711681486, 13.99412977287136250 ) ) ;
#1544 = ORIENTED_EDGE ( 'NONE', *, *, #1151, .F. ) ;
#1545 = VECTOR ( 'NONE', #136, 1000.000000000000000 ) ;
#1546 = EDGE_CURVE ( 'NONE', #1322, #185, #595, .T. ) ;
#1547 = ORIENTED_EDGE ( 'NONE', *, *, #1464, .F. ) ;
#1548 = AXIS2_PLACEMENT_3D ( 'NONE', #46, #897, #778 ) ;
#1549 = CONICAL_SURFACE ( 'NONE', #1570, 3.359999999999998543, 0.7853981633974482790 ) ;
#1550 = CARTESIAN_POINT ( 'NONE',  ( 19.01412496975152067, 6.115112845809362874, 7.009017293552414429 ) ) ;
#1551 = LINE ( 'NONE', #922, #21 ) ;
#1552 = CARTESIAN_POINT ( 'NONE',  ( 10.99105490179131905, 8.196540619769750791, 18.51098589551181917 ) ) ;
#1553 = ORIENTED_EDGE ( 'NONE', *, *, #923, .F. ) ;
#1554 = EDGE_CURVE ( 'NONE', #448, #775, #1149, .T. ) ;
#1555 = CARTESIAN_POINT ( 'NONE',  ( 18.50000000000000000, 6.249999999999999112, 17.19999999999997797 ) ) ;
#1556 = CARTESIAN_POINT ( 'NONE',  ( 19.56731918742678289, 5.750035150736461986, 7.175472057053783992 ) ) ;
#1557 = CARTESIAN_POINT ( 'NONE',  ( 10.11617865982889342, 8.890213749143551780, 24.10978625085644111 ) ) ;
#1558 = CARTESIAN_POINT ( 'NONE',  ( 19.99999999999999289, 6.386180341066604704, 17.99999999999997868 ) ) ;
#1559 = VERTEX_POINT ( 'NONE', #1478 ) ;
#1560 = DIRECTION ( 'NONE',  ( 1.000000000000000000, -0.000000000000000000, 5.697340647455876550E-64 ) ) ;
#1561 = PRODUCT_RELATED_PRODUCT_CATEGORY ( 'detail', '', ( #1031 ) ) ;
#1562 = CARTESIAN_POINT ( 'NONE',  ( 19.19233657642897128, 5.850732843452080445, 17.89505962827883678 ) ) ;
#1563 = PLANE ( 'NONE',  #731 ) ;
#1564 = CARTESIAN_POINT ( 'NONE',  ( 4.500000000000001776, 9.499999999999998224, 1.500000000000011768 ) ) ;
#1565 = CARTESIAN_POINT ( 'NONE',  ( 18.50000000000000000, 6.250000000000000888, 7.799999999999977618 ) ) ;
#1566 = EDGE_LOOP ( 'NONE', ( #42, #602, #481, #1184 ) ) ;
#1567 = CIRCLE ( 'NONE', #20, 0.4999999999999900080 ) ;
#1568 = DIRECTION ( 'NONE',  ( -0.000000000000000000, -0.000000000000000000, -1.000000000000000000 ) ) ;
#1569 = LINE ( 'NONE', #352, #342 ) ;
#1570 = AXIS2_PLACEMENT_3D ( 'NONE', #1333, #594, #848 ) ;
#1571 = VECTOR ( 'NONE', #359, 1000.000000000000000 ) ;
ENDSEC;
END-ISO-10303-21;
