ISO-10303-21;
HEADER;
FILE_DESCRIPTION (( 'STEP AP203' ),
    '1' );
FILE_NAME (' 035838_A.step',
    '2026-07-08T10:59:13',
    ( '' ),
    ( '' ),
    'SwSTEP 2.0',
    'SolidWorks 2025',
    '' );
FILE_SCHEMA (( 'CONFIG_CONTROL_DESIGN' ));
ENDSEC;

DATA;
#1 = ORIENTED_EDGE ( 'NONE', *, *, #962, .T. ) ;
#2 = LINE ( 'NONE', #1084, #497 ) ;
#3 = EDGE_CURVE ( 'NONE', #544, #621, #1085, .T. ) ;
#4 = ORIENTED_EDGE ( 'NONE', *, *, #1307, .T. ) ;
#5 = CARTESIAN_POINT ( 'NONE',  ( -6.277748165254442902, 6.439171461876576963, -13.85767113021901942 ) ) ;
#6 = VERTEX_POINT ( 'NONE', #508 ) ;
#7 = CARTESIAN_POINT ( 'NONE',  ( 4.632295708862167238, 3.799999999999999378, 23.38197674418605132 ) ) ;
#8 = ADVANCED_FACE ( 'NONE', ( #1356 ), #37, .F. ) ;
#9 = AXIS2_PLACEMENT_3D ( 'NONE', #624, #1043, #68 ) ;
#10 = ORIENTED_EDGE ( 'NONE', *, *, #792, .F. ) ;
#11 = FACE_OUTER_BOUND ( 'NONE', #1060, .T. ) ;
#12 = AXIS2_PLACEMENT_3D ( 'NONE', #1383, #732, #1077 ) ;
#13 = ORIENTED_EDGE ( 'NONE', *, *, #986, .T. ) ;
#14 = LOCAL_TIME ( 11, 59, 13.00000000000000000, #1296 ) ;
#15 = PRODUCT ( ' 035838_A', ' 035838_A', '', ( #864 ) ) ;
#16 = CARTESIAN_POINT ( 'NONE',  ( -6.016935694530383572, 7.077180091011739727, -11.33464880318295087 ) ) ;
#17 = LINE ( 'NONE', #1315, #403 ) ;
#18 = EDGE_CURVE ( 'NONE', #322, #1100, #132, .T. ) ;
#19 = ORIENTED_EDGE ( 'NONE', *, *, #565, .T. ) ;
#20 = FACE_OUTER_BOUND ( 'NONE', #820, .T. ) ;
#21 = CARTESIAN_POINT ( 'NONE',  ( -6.999999999999997335, 6.541061518121086493, -13.07669683062202104 ) ) ;
#22 = EDGE_CURVE ( 'NONE', #358, #1110, #491, .T. ) ;
#23 = DIRECTION ( 'NONE',  ( 0.000000000000000000, -0.000000000000000000, 1.000000000000000000 ) ) ;
#24 = VERTEX_POINT ( 'NONE', #939 ) ;
#25 = DIRECTION ( 'NONE',  ( 0.000000000000000000, 0.000000000000000000, -1.000000000000000000 ) ) ;
#26 = CARTESIAN_POINT ( 'NONE',  ( -6.511893624050106411, 6.913236624668523511, -11.76103988634883812 ) ) ;
#27 = ADVANCED_FACE ( 'NONE', ( #40 ), #45, .T. ) ;
#28 = CARTESIAN_POINT ( 'NONE',  ( -5.624999999999997335, 6.496152422706640728, 13.90537216330436721 ) ) ;
#29 = VERTEX_POINT ( 'NONE', #818 ) ;
#30 = ORIENTED_EDGE ( 'NONE', *, *, #528, .T. ) ;
#31 = CARTESIAN_POINT ( 'NONE',  ( -7.000000000000002665, -1.925929944387235853E-31, 4.894100204285038353E-15 ) ) ;
#32 = AXIS2_PLACEMENT_3D ( 'NONE', #220, #268, #1015 ) ;
#33 = AXIS2_PLACEMENT_3D ( 'NONE', #645, #584, #43 ) ;
#34 = CARTESIAN_POINT ( 'NONE',  ( -6.799257235773818131, 6.774453383982725896, -12.19385438313999792 ) ) ;
#35 = AXIS2_PLACEMENT_3D ( 'NONE', #1229, #702, #907 ) ;
#36 = EDGE_CURVE ( 'NONE', #1297, #788, #1397, .T. ) ;
#37 = CONICAL_SURFACE ( 'NONE', #224, 15.00000000000000000, 1.308996938995749648 ) ;
#38 = CYLINDRICAL_SURFACE ( 'NONE', #758, 15.00000000000000000 ) ;
#39 = CC_DESIGN_PERSON_AND_ORGANIZATION_ASSIGNMENT ( #737, #635, ( #15 ) ) ;
#40 = FACE_OUTER_BOUND ( 'NONE', #1388, .T. ) ;
#41 = DIRECTION ( 'NONE',  ( 0.000000000000000000, 1.000000000000000000, 0.000000000000000000 ) ) ;
#42 = ORIENTED_EDGE ( 'NONE', *, *, #1312, .F. ) ;
#43 = DIRECTION ( 'NONE',  ( 0.000000000000000000, 0.000000000000000000, -1.000000000000000000 ) ) ;
#44 = CARTESIAN_POINT ( 'NONE',  ( 0.000000000000000000, -3.851859888774471706E-31, 0.000000000000000000 ) ) ;
#45 = CYLINDRICAL_SURFACE ( 'NONE', #655, 25.39999999999999858 ) ;
#46 = CARTESIAN_POINT ( 'NONE',  ( 5.558754850634589850, 9.199999999999999289, 23.75837209302325448 ) ) ;
#47 = ORIENTED_EDGE ( 'NONE', *, *, #767, .T. ) ;
#48 = DIRECTION ( 'NONE',  ( 0.000000000000000000, -1.000000000000000000, 0.000000000000000000 ) ) ;
#49 = DIRECTION ( 'NONE',  ( -0.000000000000000000, -1.000000000000000000, -0.000000000000000000 ) ) ;
#50 = EDGE_CURVE ( 'NONE', #709, #772, #1132, .T. ) ;
#51 = CARTESIAN_POINT ( 'NONE',  ( 0.000000000000000000, 6.496152422706640728, 0.000000000000000000 ) ) ;
#52 = CARTESIAN_POINT ( 'NONE',  ( 5.558754850634592515, 9.199999999999999289, -23.75837209302325448 ) ) ;
#53 = EDGE_LOOP ( 'NONE', ( #991, #1404, #1088, #96 ) ) ;
#54 = ORIENTED_EDGE ( 'NONE', *, *, #460, .F. ) ;
#55 = CARTESIAN_POINT ( 'NONE',  ( 2.656295322589485863E-15, 9.199999999999999289, -18.75000000000000000 ) ) ;
#56 = AXIS2_PLACEMENT_3D ( 'NONE', #959, #426, #856 ) ;
#57 = VECTOR ( 'NONE', #1285, 1000.000000000000000 ) ;
#58 = ORIENTED_EDGE ( 'NONE', *, *, #489, .T. ) ;
#59 = CIRCLE ( 'NONE', #697, 12.00000000000000000 ) ;
#60 = AXIS2_PLACEMENT_3D ( 'NONE', #170, #601, #1036 ) ;
#61 = LINE ( 'NONE', #1025, #469 ) ;
#62 = DIRECTION ( 'NONE',  ( 0.000000000000000000, 0.000000000000000000, 1.000000000000000000 ) ) ;
#63 = CARTESIAN_POINT ( 'NONE',  ( 0.000000000000000000, 3.799999999999999378, -25.39999999999999858 ) ) ;
#64 = EDGE_LOOP ( 'NONE', ( #502, #180, #755, #1146 ) ) ;
#65 = ADVANCED_FACE ( 'NONE', ( #1348 ), #797, .T. ) ;
#66 = VERTEX_POINT ( 'NONE', #479 ) ;
#67 = CARTESIAN_POINT ( 'NONE',  ( 0.000000000000000000, 0.000000000000000000, 0.000000000000000000 ) ) ;
#68 = DIRECTION ( 'NONE',  ( 0.000000000000000000, 0.000000000000000000, 1.000000000000000000 ) ) ;
#69 = B_SPLINE_CURVE_WITH_KNOTS ( 'NONE', 3,
 ( #281, #1047, #74, #389, #815, #103, #861, #225, #5, #851, #846, #549 ),
 .UNSPECIFIED., .F., .F.,
 ( 4, 2, 2, 2, 2, 4 ),
 ( 0.000000000000000000, 0.0002482874883685581347, 0.0004965749767371162695, 0.0009931499534742277684, 0.001489724930211339376, 0.001986299906948450766 ),
 .UNSPECIFIED. ) ;
#70 = DIRECTION ( 'NONE',  ( 0.000000000000000000, 0.000000000000000000, -1.000000000000000000 ) ) ;
#71 = DIRECTION ( 'NONE',  ( -0.000000000000000000, 1.000000000000000000, -0.000000000000000000 ) ) ;
#72 = ORIENTED_EDGE ( 'NONE', *, *, #75, .T. ) ;
#73 = ORIENTED_EDGE ( 'NONE', *, *, #1005, .F. ) ;
#74 = CARTESIAN_POINT ( 'NONE',  ( -6.990158766374412025, 6.160883723669524414, -14.67108518289220598 ) ) ;
#75 = EDGE_CURVE ( 'NONE', #772, #1286, #741, .T. ) ;
#76 = CARTESIAN_POINT ( 'NONE',  ( -4.999999999999998224, -0.8000000000000003775, -13.07669683062202104 ) ) ;
#77 = CARTESIAN_POINT ( 'NONE',  ( -6.400581908152774169, 6.956008605099025743, 11.64013974161691500 ) ) ;
#78 = ORIENTED_EDGE ( 'NONE', *, *, #1276, .F. ) ;
#79 = ORIENTED_EDGE ( 'NONE', *, *, #90, .T. ) ;
#80 = DIRECTION ( 'NONE',  ( 0.000000000000000000, -0.000000000000000000, -1.000000000000000000 ) ) ;
#81 = EDGE_LOOP ( 'NONE', ( #1029, #1363, #1153, #332, #1076, #586 ) ) ;
#82 = AXIS2_PLACEMENT_3D ( 'NONE', #1385, #311, #512 ) ;
#83 = ADVANCED_FACE ( 'NONE', ( #284 ), #145, .F. ) ;
#84 = VECTOR ( 'NONE', #958, 1000.000000000000000 ) ;
#85 = CARTESIAN_POINT ( 'NONE',  ( -4.999999999999996447, 3.799999999999999378, 22.85957129956727485 ) ) ;
#86 = LOCAL_TIME ( 11, 59, 13.00000000000000000, #437 ) ;
#87 = CIRCLE ( 'NONE', #760, 15.00000000000000000 ) ;
#88 = CARTESIAN_POINT ( 'NONE',  ( -4.999999999999996447, 3.799999999999999378, -22.85957129956727485 ) ) ;
#89 = PERSON_AND_ORGANIZATION_ROLE ( 'creator' ) ;
#90 = EDGE_CURVE ( 'NONE', #1183, #1090, #906, .T. ) ;
#91 = ORIENTED_EDGE ( 'NONE', *, *, #835, .F. ) ;
#92 = DIRECTION ( 'NONE',  ( 0.000000000000000000, 0.000000000000000000, -1.000000000000000000 ) ) ;
#93 = CARTESIAN_POINT ( 'NONE',  ( 0.000000000000000000, 0.000000000000000000, -15.00000000000000000 ) ) ;
#94 = CARTESIAN_POINT ( 'NONE',  ( -5.999999999999997335, 0.000000000000000000, 13.83239697419132774 ) ) ;
#95 = PERSON_AND_ORGANIZATION_ROLE ( 'creator' ) ;
#96 = ORIENTED_EDGE ( 'NONE', *, *, #623, .T. ) ;
#97 = LINE ( 'NONE', #638, #57 ) ;
#98 = ORIENTED_EDGE ( 'NONE', *, *, #1262, .F. ) ;
#99 = DIRECTION ( 'NONE',  ( 0.000000000000000000, 0.000000000000000000, -1.000000000000000000 ) ) ;
#100 = CARTESIAN_POINT ( 'NONE',  ( -6.999999999999998224, -1.925929944387235853E-31, 14.83239697419132774 ) ) ;
#101 = EDGE_CURVE ( 'NONE', #1108, #542, #1305, .T. ) ;
#102 = ORIENTED_EDGE ( 'NONE', *, *, #274, .T. ) ;
#103 = CARTESIAN_POINT ( 'NONE',  ( -6.811240654678718975, 6.289115342863479619, -14.22618166205825219 ) ) ;
#104 = CIRCLE ( 'NONE', #539, 2.000000000000001776 ) ;
#105 = AXIS2_PLACEMENT_3D ( 'NONE', #1127, #942, #699 ) ;
#106 = CARTESIAN_POINT ( 'NONE',  ( -4.999999999999998224, -0.8000000000000003775, 13.07669683062202104 ) ) ;
#107 = COORDINATED_UNIVERSAL_TIME_OFFSET ( 0, 0, .AHEAD. ) ;
#108 = CIRCLE ( 'NONE', #582, 4.999999999999997335 ) ;
#109 = ORIENTED_EDGE ( 'NONE', *, *, #1360, .F. ) ;
#110 = CIRCLE ( 'NONE', #901, 1.999999999999998224 ) ;
#111 = CARTESIAN_POINT ( 'NONE',  ( 0.000000000000000000, 3.799999999999999378, 24.24999999999999645 ) ) ;
#112 = ORIENTED_EDGE ( 'NONE', *, *, #1187, .T. ) ;
#113 = EDGE_CURVE ( 'NONE', #1188, #1174, #677, .T. ) ;
#114 = DIRECTION ( 'NONE',  ( -0.000000000000000000, 1.000000000000000000, -0.000000000000000000 ) ) ;
#115 = ORIENTED_EDGE ( 'NONE', *, *, #726, .T. ) ;
#116 = DIRECTION ( 'NONE',  ( -0.000000000000000000, -1.000000000000000000, -0.000000000000000000 ) ) ;
#117 = EDGE_CURVE ( 'NONE', #121, #913, #1371, .T. ) ;
#118 = CYLINDRICAL_SURFACE ( 'NONE', #1011, 1.000000000000000888 ) ;
#119 = VERTEX_POINT ( 'NONE', #500 ) ;
#120 = CARTESIAN_POINT ( 'NONE',  ( 5.786572672381911531, 9.199999999999997513, -24.73207586732749164 ) ) ;
#121 = VERTEX_POINT ( 'NONE', #408 ) ;
#122 = CARTESIAN_POINT ( 'NONE',  ( -5.624999999999998224, 0.000000000000000000, 13.90537216330436898 ) ) ;
#123 = B_SPLINE_CURVE_WITH_KNOTS ( 'NONE', 3,
 ( #662, #139, #987, #682 ),
 .UNSPECIFIED., .F., .F.,
 ( 4, 4 ),
 ( 0.002139788299884422523, 0.003945110592191466807 ),
 .UNSPECIFIED. ) ;
#124 = ADVANCED_FACE ( 'NONE', ( #1164 ), #420, .T. ) ;
#125 = CARTESIAN_POINT ( 'NONE',  ( 2.656295322589485863E-15, 9.199999999999999289, -21.50000000000000000 ) ) ;
#126 = CIRCLE ( 'NONE', #406, 1.000000000000000888 ) ;
#127 = EDGE_LOOP ( 'NONE', ( #438, #442, #1095, #1376, #857, #1284, #892 ) ) ;
#128 = DIRECTION ( 'NONE',  ( 0.000000000000000000, -1.000000000000000000, 0.000000000000000000 ) ) ;
#129 = ADVANCED_FACE ( 'NONE', ( #634 ), #1074, .T. ) ;
#130 = ORIENTED_EDGE ( 'NONE', *, *, #1130, .F. ) ;
#131 = AXIS2_PLACEMENT_3D ( 'NONE', #242, #778, #771 ) ;
#132 = CIRCLE ( 'NONE', #833, 1.999999999999998224 ) ;
#133 = CYLINDRICAL_SURFACE ( 'NONE', #922, 0.9999999999999991118 ) ;
#134 = LINE ( 'NONE', #783, #1186 ) ;
#135 = ORIENTED_EDGE ( 'NONE', *, *, #1145, .F. ) ;
#136 = DIRECTION ( 'NONE',  ( 0.000000000000000000, 0.000000000000000000, -1.000000000000000000 ) ) ;
#137 = VERTEX_POINT ( 'NONE', #543 ) ;
#138 = DIRECTION ( 'NONE',  ( 0.000000000000000000, 0.000000000000000000, 1.000000000000000000 ) ) ;
#139 = CARTESIAN_POINT ( 'NONE',  ( -6.999999999999998224, 6.402710609721058432, 13.66235316885419770 ) ) ;
#140 = ORIENTED_EDGE ( 'NONE', *, *, #101, .F. ) ;
#141 = DIRECTION ( 'NONE',  ( -0.000000000000000000, 1.000000000000000000, -0.000000000000000000 ) ) ;
#142 = EDGE_CURVE ( 'NONE', #119, #779, #996, .T. ) ;
#143 = CARTESIAN_POINT ( 'NONE',  ( -5.525634383557988194, 7.182937802437820096, -11.14246394876264290 ) ) ;
#144 = DIRECTION ( 'NONE',  ( 0.000000000000000000, 0.000000000000000000, -1.000000000000000000 ) ) ;
#145 = CYLINDRICAL_SURFACE ( 'NONE', #1259, 15.00000000000000000 ) ;
#146 = CARTESIAN_POINT ( 'NONE',  ( 0.000000000000000000, 0.000000000000000000, 24.24999999999999289 ) ) ;
#147 = AXIS2_PLACEMENT_3D ( 'NONE', #478, #688, #1021 ) ;
#148 = AXIS2_PLACEMENT_3D ( 'NONE', #1292, #327, #1159 ) ;
#149 = CARTESIAN_POINT ( 'NONE',  ( 5.786572672381908866, 9.199999999999997513, 24.73207586732749164 ) ) ;
#150 =( GEOMETRIC_REPRESENTATION_CONTEXT ( 3 ) GLOBAL_UNCERTAINTY_ASSIGNED_CONTEXT ( ( #886 ) ) GLOBAL_UNIT_ASSIGNED_CONTEXT ( ( #1394, #190, #1185 ) ) REPRESENTATION_CONTEXT ( 'NONE', 'WORKASPACE' ) );
#151 = VECTOR ( 'NONE', #114, 1000.000000000000000 ) ;
#152 = CC_DESIGN_APPROVAL ( #175, ( #1214 ) ) ;
#153 = EDGE_CURVE ( 'NONE', #862, #1100, #213, .T. ) ;
#154 = DIRECTION ( 'NONE',  ( 0.000000000000000000, 0.000000000000000000, 1.000000000000000000 ) ) ;
#155 = DIRECTION ( 'NONE',  ( 0.000000000000000000, -1.000000000000000000, 0.000000000000000000 ) ) ;
#156 = DIRECTION ( 'NONE',  ( -0.000000000000000000, 1.000000000000000000, -0.000000000000000000 ) ) ;
#157 = ORIENTED_EDGE ( 'NONE', *, *, #427, .F. ) ;
#158 = FACE_OUTER_BOUND ( 'NONE', #417, .T. ) ;
#159 = ORIENTED_EDGE ( 'NONE', *, *, #774, .T. ) ;
#160 = EDGE_CURVE ( 'NONE', #1209, #1008, #414, .T. ) ;
#161 = DIRECTION ( 'NONE',  ( 0.000000000000000000, 0.000000000000000000, -1.000000000000000000 ) ) ;
#162 = CARTESIAN_POINT ( 'NONE',  ( 5.558754850634589850, 9.199999999999999289, 23.75837209302325448 ) ) ;
#163 = DIRECTION ( 'NONE',  ( -0.000000000000000000, 1.000000000000000000, -0.000000000000000000 ) ) ;
#164 = ORIENTED_EDGE ( 'NONE', *, *, #513, .F. ) ;
#165 = VERTEX_POINT ( 'NONE', #749 ) ;
#166 = CARTESIAN_POINT ( 'NONE',  ( 0.000000000000000000, -3.851859888774471706E-31, 0.000000000000000000 ) ) ;
#167 = ORIENTED_EDGE ( 'NONE', *, *, #505, .T. ) ;
#168 = DIRECTION ( 'NONE',  ( -0.000000000000000000, 1.000000000000000000, -0.000000000000000000 ) ) ;
#169 = EDGE_CURVE ( 'NONE', #719, #137, #825, .T. ) ;
#170 = CARTESIAN_POINT ( 'NONE',  ( -4.999999999999996447, 9.199999999999999289, 22.85957129956727485 ) ) ;
#171 = DIRECTION ( 'NONE',  ( -0.000000000000000000, 1.000000000000000000, -0.000000000000000000 ) ) ;
#172 = EDGE_LOOP ( 'NONE', ( #395, #712, #115, #1288 ) ) ;
#173 = ORIENTED_EDGE ( 'NONE', *, *, #538, .F. ) ;
#174 = DIRECTION ( 'NONE',  ( 0.000000000000000000, 0.000000000000000000, 1.000000000000000000 ) ) ;
#175 = APPROVAL ( #849, 'UNSPECIFIED' ) ;
#176 = VECTOR ( 'NONE', #1054, 1000.000000000000000 ) ;
#177 = DIRECTION ( 'NONE',  ( 0.000000000000000000, 0.000000000000000000, -1.000000000000000000 ) ) ;
#178 = DIRECTION ( 'NONE',  ( 0.000000000000000000, 0.000000000000000000, 1.000000000000000000 ) ) ;
#179 = DIRECTION ( 'NONE',  ( -0.000000000000000000, 1.000000000000000000, -0.000000000000000000 ) ) ;
#180 = ORIENTED_EDGE ( 'NONE', *, *, #397, .T. ) ;
#181 = EDGE_CURVE ( 'NONE', #165, #487, #1148, .T. ) ;
#182 = DIRECTION ( 'NONE',  ( 0.000000000000000000, 0.000000000000000000, -1.000000000000000000 ) ) ;
#183 = FACE_OUTER_BOUND ( 'NONE', #703, .T. ) ;
#184 = CARTESIAN_POINT ( 'NONE',  ( -5.093228427749828313, 7.249952730671979317, 11.07227682340970532 ) ) ;
#185 = CARTESIAN_POINT ( 'NONE',  ( 5.558754850634592515, 3.799999999999999378, -24.75837209302325803 ) ) ;
#186 = LINE ( 'NONE', #952, #759 ) ;
#187 = EDGE_CURVE ( 'NONE', #1110, #793, #520, .T. ) ;
#188 = DIRECTION ( 'NONE',  ( 0.000000000000000000, 0.000000000000000000, 1.000000000000000000 ) ) ;
#189 = CARTESIAN_POINT ( 'NONE',  ( -4.999999999999998224, -0.8000000000000003775, -11.07669683062202282 ) ) ;
#190 =( NAMED_UNIT ( * ) PLANE_ANGLE_UNIT ( ) SI_UNIT ( $, .RADIAN. ) );
#191 = B_SPLINE_CURVE_WITH_KNOTS ( 'NONE', 3,
 ( #419, #321, #1176, #742, #847, #1263 ),
 .UNSPECIFIED., .F., .F.,
 ( 4, 2, 4 ),
 ( 2.110204388404253957E-07, 0.0003641604927392168701, 0.0007281099650395933803 ),
 .UNSPECIFIED. ) ;
#192 = ORIENTED_EDGE ( 'NONE', *, *, #181, .T. ) ;
#193 = LINE ( 'NONE', #628, #84 ) ;
#194 = AXIS2_PLACEMENT_3D ( 'NONE', #1333, #370, #154 ) ;
#195 = AXIS2_PLACEMENT_3D ( 'NONE', #1182, #525, #756 ) ;
#196 = DIRECTION ( 'NONE',  ( 0.000000000000000000, 0.000000000000000000, -1.000000000000000000 ) ) ;
#197 = CIRCLE ( 'NONE', #474, 25.39999999999999858 ) ;
#198 = AXIS2_PLACEMENT_3D ( 'NONE', #356, #1007, #656 ) ;
#199 = CARTESIAN_POINT ( 'NONE',  ( 3.367778697655221505E-16, 0.000000000000000000, 18.75000000000000355 ) ) ;
#200 = DATE_AND_TIME ( #330, #14 ) ;
#201 = ORIENTED_EDGE ( 'NONE', *, *, #75, .F. ) ;
#202 = DIRECTION ( 'NONE',  ( -0.000000000000000000, -1.000000000000000000, -0.000000000000000000 ) ) ;
#203 = CARTESIAN_POINT ( 'NONE',  ( -6.999999999999995559, 0.000000000000000000, -22.85957129956727840 ) ) ;
#204 = EDGE_CURVE ( 'NONE', #1046, #1218, #910, .T. ) ;
#205 = DIRECTION ( 'NONE',  ( 0.000000000000000000, 0.000000000000000000, 1.000000000000000000 ) ) ;
#206 = APPROVAL_DATE_TIME ( #1281, #175 ) ;
#207 = B_SPLINE_CURVE_WITH_KNOTS ( 'NONE', 3,
 ( #780, #563, #369, #143, #692, #16, #574, #26, #799, #569, #34, #1318, #1212, #1102, #465, #21 ),
 .UNSPECIFIED., .F., .F.,
 ( 4, 2, 2, 2, 2, 2, 2, 4 ),
 ( 0.0007281099650395933803, 0.001129240430042707929, 0.001530370895045822261, 0.002332631825052049190, 0.002733762290055161137, 0.003134892755058273084, 0.003536023220061384163, 0.003937153685064496110 ),
 .UNSPECIFIED. ) ;
#208 = ORIENTED_EDGE ( 'NONE', *, *, #204, .T. ) ;
#209 = DIRECTION ( 'NONE',  ( 0.000000000000000000, 0.000000000000000000, 1.000000000000000000 ) ) ;
#210 = CARTESIAN_POINT ( 'NONE',  ( -5.597019753514693718, 3.799999999999999378, -23.66179783485095811 ) ) ;
#211 = VERTEX_POINT ( 'NONE', #199 ) ;
#212 = EDGE_CURVE ( 'NONE', #544, #561, #269, .T. ) ;
#213 = LINE ( 'NONE', #189, #337 ) ;
#214 = PERSON_AND_ORGANIZATION ( #1122, #1123 ) ;
#215 = EDGE_LOOP ( 'NONE', ( #1241, #328 ) ) ;
#216 = CYLINDRICAL_SURFACE ( 'NONE', #12, 2.000000000000001776 ) ;
#217 = ADVANCED_FACE ( 'NONE', ( #960 ), #1386, .T. ) ;
#218 = CIRCLE ( 'NONE', #493, 1.000000000000000888 ) ;
#219 = VECTOR ( 'NONE', #1042, 1000.000000000000000 ) ;
#220 = CARTESIAN_POINT ( 'NONE',  ( -4.999999999999998224, -0.8000000000000003775, -13.07669683062202104 ) ) ;
#221 = PERSON_AND_ORGANIZATION_ROLE ( 'design_supplier' ) ;
#222 = AXIS2_PLACEMENT_3D ( 'NONE', #819, #724, #393 ) ;
#223 = VERTEX_POINT ( 'NONE', #100 ) ;
#224 = AXIS2_PLACEMENT_3D ( 'NONE', #51, #1244, #70 ) ;
#225 = CARTESIAN_POINT ( 'NONE',  ( -6.435419165790760232, 6.406836326314804708, -13.91772611484642752 ) ) ;
#226 = EDGE_CURVE ( 'NONE', #1113, #1181, #87, .T. ) ;
#227 = CARTESIAN_POINT ( 'NONE',  ( 2.656295322589485863E-15, 0.000000000000000000, -21.50000000000000000 ) ) ;
#228 = VERTEX_POINT ( 'NONE', #858 ) ;
#229 = DIRECTION ( 'NONE',  ( 0.000000000000000000, 0.000000000000000000, 1.000000000000000000 ) ) ;
#230 = ORIENTED_EDGE ( 'NONE', *, *, #379, .F. ) ;
#231 = EDGE_CURVE ( 'NONE', #927, #362, #267, .T. ) ;
#232 = APPROVAL ( #859, 'UNSPECIFIED' ) ;
#233 = CARTESIAN_POINT ( 'NONE',  ( 2.656295322589485863E-15, 3.799999999999999378, -16.49999999999999645 ) ) ;
#234 = VERTEX_POINT ( 'NONE', #7 ) ;
#235 = CARTESIAN_POINT ( 'NONE',  ( 5.558754850634589850, 3.799999999999999378, 23.75837209302325448 ) ) ;
#236 = ORIENTED_EDGE ( 'NONE', *, *, #714, .T. ) ;
#237 = FACE_OUTER_BOUND ( 'NONE', #307, .T. ) ;
#238 = ORIENTED_EDGE ( 'NONE', *, *, #546, .T. ) ;
#239 = CARTESIAN_POINT ( 'NONE',  ( 0.000000000000000000, 3.799999999999999378, 21.50000000000000000 ) ) ;
#240 = AXIS2_PLACEMENT_3D ( 'NONE', #210, #1255, #99 ) ;
#241 = ORIENTED_EDGE ( 'NONE', *, *, #1145, .T. ) ;
#242 = CARTESIAN_POINT ( 'NONE',  ( 0.000000000000000000, 6.496152422706640728, 0.000000000000000000 ) ) ;
#243 = CIRCLE ( 'NONE', #33, 12.00000000000000000 ) ;
#244 = ORIENTED_EDGE ( 'NONE', *, *, #546, .F. ) ;
#245 = AXIS2_PLACEMENT_3D ( 'NONE', #881, #346, #1109 ) ;
#246 = VECTOR ( 'NONE', #1393, 1000.000000000000000 ) ;
#247 = CYLINDRICAL_SURFACE ( 'NONE', #802, 0.9999999999999991118 ) ;
#248 = ORIENTED_EDGE ( 'NONE', *, *, #441, .F. ) ;
#249 = CARTESIAN_POINT ( 'NONE',  ( -4.285714285714268712, 9.199999999999999289, -11.20859728339030781 ) ) ;
#250 = EDGE_CURVE ( 'NONE', #1149, #354, #631, .T. ) ;
#251 = ORIENTED_EDGE ( 'NONE', *, *, #532, .T. ) ;
#252 = DIRECTION ( 'NONE',  ( 0.000000000000000000, 1.000000000000000000, 0.000000000000000000 ) ) ;
#253 = ORIENTED_EDGE ( 'NONE', *, *, #1130, .T. ) ;
#254 = ORIENTED_EDGE ( 'NONE', *, *, #1276, .T. ) ;
#255 = FACE_OUTER_BOUND ( 'NONE', #1070, .T. ) ;
#256 = CARTESIAN_POINT ( 'NONE',  ( 5.558754850634589850, 9.199999999999999289, 23.75837209302325448 ) ) ;
#257 = CARTESIAN_POINT ( 'NONE',  ( -6.194039507029385661, -0.8000000000000003775, -24.46402437013463427 ) ) ;
#258 = DIRECTION ( 'NONE',  ( -0.000000000000000000, -1.000000000000000000, -0.000000000000000000 ) ) ;
#259 = DIRECTION ( 'NONE',  ( 0.000000000000000000, 0.000000000000000000, -1.000000000000000000 ) ) ;
#260 = CARTESIAN_POINT ( 'NONE',  ( 2.656295322589485863E-15, 0.000000000000000000, -21.50000000000000000 ) ) ;
#261 = DIRECTION ( 'NONE',  ( 0.000000000000000000, 1.000000000000000000, 0.000000000000000000 ) ) ;
#262 = CARTESIAN_POINT ( 'NONE',  ( -5.999999999999997335, -1.925929944387235853E-31, 14.83239697419132774 ) ) ;
#263 = CIRCLE ( 'NONE', #1078, 4.999999999999997335 ) ;
#264 = CARTESIAN_POINT ( 'NONE',  ( -7.000000000000002665, -1.925929944387235853E-31, -4.894100204285038353E-15 ) ) ;
#265 = EDGE_CURVE ( 'NONE', #1396, #362, #2, .T. ) ;
#266 = CIRCLE ( 'NONE', #654, 2.000000000000001776 ) ;
#267 = CIRCLE ( 'NONE', #475, 2.749999999999999112 ) ;
#268 = DIRECTION ( 'NONE',  ( -0.000000000000000000, 1.000000000000000000, -0.000000000000000000 ) ) ;
#269 = LINE ( 'NONE', #94, #1192 ) ;
#270 = LINE ( 'NONE', #1037, #805 ) ;
#271 = ORIENTED_EDGE ( 'NONE', *, *, #683, .T. ) ;
#272 = ORIENTED_EDGE ( 'NONE', *, *, #1048, .F. ) ;
#273 = CARTESIAN_POINT ( 'NONE',  ( -4.999999999999998224, 7.259027985893465207, -11.07669683062202104 ) ) ;
#274 = EDGE_CURVE ( 'NONE', #211, #686, #1002, .T. ) ;
#275 = LINE ( 'NONE', #914, #583 ) ;
#276 = CC_DESIGN_PERSON_AND_ORGANIZATION_ASSIGNMENT ( #523, #1273, ( #1214 ) ) ;
#277 = DIRECTION ( 'NONE',  ( -2.659837067546217075E-16, 0.000000000000000000, 1.000000000000000000 ) ) ;
#278 = CARTESIAN_POINT ( 'NONE',  ( 2.656295322589485863E-15, 9.199999999999999289, -16.50000000000000000 ) ) ;
#279 = ORIENTED_EDGE ( 'NONE', *, *, #181, .F. ) ;
#280 = ORIENTED_EDGE ( 'NONE', *, *, #153, .F. ) ;
#281 = CARTESIAN_POINT ( 'NONE',  ( -6.999999999999997335, 6.120696798143615780, -14.83239697419132774 ) ) ;
#282 = DIRECTION ( 'NONE',  ( 0.000000000000000000, 0.000000000000000000, 1.000000000000000000 ) ) ;
#283 = ADVANCED_FACE ( 'NONE', ( #1208, #450, #1217 ), #1106, .F. ) ;
#284 = FACE_OUTER_BOUND ( 'NONE', #53, .T. ) ;
#285 = DIRECTION ( 'NONE',  ( -0.000000000000000000, 1.000000000000000000, -0.000000000000000000 ) ) ;
#286 = ORIENTED_EDGE ( 'NONE', *, *, #792, .T. ) ;
#287 = VERTEX_POINT ( 'NONE', #457 ) ;
#288 = DIRECTION ( 'NONE',  ( 0.000000000000000000, 1.000000000000000000, 0.000000000000000000 ) ) ;
#289 = AXIS2_PLACEMENT_3D ( 'NONE', #791, #49, #177 ) ;
#290 = CIRCLE ( 'NONE', #1012, 1.000000000000000888 ) ;
#291 = AXIS2_PLACEMENT_3D ( 'NONE', #373, #179, #804 ) ;
#292 = ORIENTED_EDGE ( 'NONE', *, *, #353, .F. ) ;
#293 = DIRECTION ( 'NONE',  ( -0.000000000000000000, 1.000000000000000000, -0.000000000000000000 ) ) ;
#294 = EDGE_CURVE ( 'NONE', #121, #596, #721, .T. ) ;
#295 = CARTESIAN_POINT ( 'NONE',  ( -4.285714285714282923, 7.299999999999998934, 11.20859728339030426 ) ) ;
#296 = DIRECTION ( 'NONE',  ( 0.000000000000000000, 0.000000000000000000, -1.000000000000000000 ) ) ;
#297 = ORIENTED_EDGE ( 'NONE', *, *, #600, .F. ) ;
#298 = PLANE ( 'NONE',  #1103 ) ;
#299 = CARTESIAN_POINT ( 'NONE',  ( -6.999999999999997335, 6.120696798143615780, 14.83239697419132774 ) ) ;
#300 = CARTESIAN_POINT ( 'NONE',  ( -6.017916822438925450, 7.073762793721527942, 11.34754198989947227 ) ) ;
#301 = ORIENTED_EDGE ( 'NONE', *, *, #660, .T. ) ;
#302 = DIRECTION ( 'NONE',  ( 3.469446951953617344E-15, 0.000000000000000000, 1.000000000000000000 ) ) ;
#303 = DIRECTION ( 'NONE',  ( 0.000000000000000000, 0.000000000000000000, 1.000000000000000000 ) ) ;
#304 = CARTESIAN_POINT ( 'NONE',  ( -6.999999999999998224, 6.541061518121086493, 13.07669683062202104 ) ) ;
#305 = CARTESIAN_POINT ( 'NONE',  ( 0.000000000000000000, 0.000000000000000000, 0.000000000000000000 ) ) ;
#306 = EDGE_LOOP ( 'NONE', ( #902, #1320, #896, #536 ) ) ;
#307 = EDGE_LOOP ( 'NONE', ( #140, #786, #388, #79, #10, #789, #566, #47, #514, #937, #271, #1041, #458, #975, #58, #530, #164, #627, #650, #678 ) ) ;
#308 = CARTESIAN_POINT ( 'NONE',  ( -5.999999999999997335, 0.000000000000000000, 14.83239697419132774 ) ) ;
#309 = EDGE_CURVE ( 'NONE', #1396, #1055, #383, .T. ) ;
#310 = CIRCLE ( 'NONE', #629, 0.9999999999999991118 ) ;
#311 = DIRECTION ( 'NONE',  ( -0.000000000000000000, -1.000000000000000000, -0.000000000000000000 ) ) ;
#312 = B_SPLINE_CURVE_WITH_KNOTS ( 'NONE', 3,
 ( #557, #336, #547, #763 ),
 .UNSPECIFIED., .F., .F.,
 ( 4, 4 ),
 ( 0.002319063454398577473, 0.004124385746705621324 ),
 .UNSPECIFIED. ) ;
#313 = AXIS2_PLACEMENT_3D ( 'NONE', #262, #1336, #1126 ) ;
#314 = AXIS2_PLACEMENT_3D ( 'NONE', #323, #1178, #1280 ) ;
#315 = DIRECTION ( 'NONE',  ( -0.000000000000000000, -1.000000000000000000, -0.000000000000000000 ) ) ;
#316 = COORDINATED_UNIVERSAL_TIME_OFFSET ( 0, 0, .AHEAD. ) ;
#317 = ORIENTED_EDGE ( 'NONE', *, *, #1230, .T. ) ;
#318 = CARTESIAN_POINT ( 'NONE',  ( 2.656295322589485863E-15, 9.199999999999999289, -21.50000000000000000 ) ) ;
#319 = ORIENTED_EDGE ( 'NONE', *, *, #1328, .T. ) ;
#320 = EDGE_CURVE ( 'NONE', #542, #709, #1167, .T. ) ;
#321 = CARTESIAN_POINT ( 'NONE',  ( -4.400696325759934524, 7.300000000000002487, -11.16463280155862492 ) ) ;
#322 = VERTEX_POINT ( 'NONE', #249 ) ;
#323 = CARTESIAN_POINT ( 'NONE',  ( 0.000000000000000000, 0.000000000000000000, 0.000000000000000000 ) ) ;
#324 = SHAPE_DEFINITION_REPRESENTATION ( #1202, #484 ) ;
#325 = EDGE_CURVE ( 'NONE', #24, #661, #312, .T. ) ;
#326 = EDGE_LOOP ( 'NONE', ( #963, #1250, #970, #1330 ) ) ;
#327 = DIRECTION ( 'NONE',  ( -0.000000000000000000, -1.000000000000000000, -0.000000000000000000 ) ) ;
#328 = ORIENTED_EDGE ( 'NONE', *, *, #466, .F. ) ;
#329 = DIRECTION ( 'NONE',  ( 0.000000000000000000, 0.000000000000000000, -1.000000000000000000 ) ) ;
#330 = CALENDAR_DATE ( 2026, 8, 7 ) ;
#331 = EDGE_CURVE ( 'NONE', #1218, #621, #123, .T. ) ;
#332 = ORIENTED_EDGE ( 'NONE', *, *, #936, .F. ) ;
#333 = CARTESIAN_POINT ( 'NONE',  ( -5.999999999999997335, -1.925929944387235853E-31, 14.83239697419132774 ) ) ;
#334 = EDGE_LOOP ( 'NONE', ( #935, #98, #1270, #1003 ) ) ;
#335 = CIRCLE ( 'NONE', #1232, 2.000000000000001776 ) ;
#336 = CARTESIAN_POINT ( 'NONE',  ( -6.999999999999997335, 6.262417466509591080, -14.24754556730898436 ) ) ;
#337 = VECTOR ( 'NONE', #1372, 1000.000000000000000 ) ;
#338 = EDGE_CURVE ( 'NONE', #1322, #1196, #110, .T. ) ;
#339 = ORIENTED_EDGE ( 'NONE', *, *, #1187, .F. ) ;
#340 = CARTESIAN_POINT ( 'NONE',  ( -5.597019753514693718, 9.199999999999999289, -23.66179783485095811 ) ) ;
#341 = ORIENTED_EDGE ( 'NONE', *, *, #1266, .T. ) ;
#342 = ADVANCED_FACE ( 'NONE', ( #436 ), #118, .T. ) ;
#343 = VERTEX_POINT ( 'NONE', #769 ) ;
#344 = DIRECTION ( 'NONE',  ( -0.000000000000000000, -1.000000000000000000, -0.000000000000000000 ) ) ;
#345 = EDGE_LOOP ( 'NONE', ( #1274, #1030, #467, #54, #1382, #822, #1269, #551 ) ) ;
#346 = DIRECTION ( 'NONE',  ( 0.000000000000000000, -1.000000000000000000, 0.000000000000000000 ) ) ;
#347 = DIRECTION ( 'NONE',  ( 0.000000000000000000, -1.000000000000000000, 0.000000000000000000 ) ) ;
#348 = ORIENTED_EDGE ( 'NONE', *, *, #623, .F. ) ;
#349 = DIRECTION ( 'NONE',  ( 0.000000000000000000, 1.000000000000000000, 0.000000000000000000 ) ) ;
#350 = EDGE_LOOP ( 'NONE', ( #1310, #912, #1098, #472 ) ) ;
#351 = DIRECTION ( 'NONE',  ( -0.000000000000000000, 1.000000000000000000, -0.000000000000000000 ) ) ;
#352 = FACE_OUTER_BOUND ( 'NONE', #983, .T. ) ;
#353 = EDGE_CURVE ( 'NONE', #1008, #686, #355, .T. ) ;
#354 = VERTEX_POINT ( 'NONE', #233 ) ;
#355 = CIRCLE ( 'NONE', #800, 2.749999999999999112 ) ;
#356 = CARTESIAN_POINT ( 'NONE',  ( 2.656295322589485863E-15, 3.799999999999999378, -21.50000000000000000 ) ) ;
#357 = CIRCLE ( 'NONE', #105, 1.000000000000000888 ) ;
#358 = VERTEX_POINT ( 'NONE', #675 ) ;
#359 = CARTESIAN_POINT ( 'NONE',  ( -6.999999999999995559, 9.199999999999999289, -22.85957129956727840 ) ) ;
#360 = CIRCLE ( 'NONE', #245, 25.39999999999999858 ) ;
#361 = AXIS2_PLACEMENT_3D ( 'NONE', #386, #1248, #399 ) ;
#362 = VERTEX_POINT ( 'NONE', #997 ) ;
#363 = DIRECTION ( 'NONE',  ( 2.659837067546217075E-16, 0.000000000000000000, 1.000000000000000000 ) ) ;
#364 = FACE_OUTER_BOUND ( 'NONE', #613, .T. ) ;
#365 = ORIENTED_EDGE ( 'NONE', *, *, #101, .T. ) ;
#366 = FACE_OUTER_BOUND ( 'NONE', #127, .T. ) ;
#367 = EDGE_CURVE ( 'NONE', #29, #24, #17, .T. ) ;
#368 = ORIENTED_EDGE ( 'NONE', *, *, #835, .T. ) ;
#369 = CARTESIAN_POINT ( 'NONE',  ( -5.265933544137518574, 7.225962644228006937, -11.09003437903471401 ) ) ;
#370 = DIRECTION ( 'NONE',  ( -0.000000000000000000, 1.000000000000000000, -0.000000000000000000 ) ) ;
#371 = EDGE_CURVE ( 'NONE', #1046, #1322, #134, .T. ) ;
#372 = CARTESIAN_POINT ( 'NONE',  ( -6.266587145722803953, 6.439803819078871783, 13.85968477279877575 ) ) ;
#373 = CARTESIAN_POINT ( 'NONE',  ( 0.000000000000000000, 9.199999999999999289, 21.50000000000000000 ) ) ;
#374 = DIRECTION ( 'NONE',  ( 1.182917971378670581E-16, -0.2588190451025184080, 0.9659258262890689783 ) ) ;
#375 = CARTESIAN_POINT ( 'NONE',  ( -5.745082397027142740, 6.496152422706640728, 13.85679644196839533 ) ) ;
#376 = DIRECTION ( 'NONE',  ( -0.000000000000000000, -1.000000000000000000, 0.000000000000000000 ) ) ;
#377 = DIRECTION ( 'NONE',  ( 0.000000000000000000, -1.000000000000000000, 0.000000000000000000 ) ) ;
#378 = VECTOR ( 'NONE', #168, 1000.000000000000000 ) ;
#379 = EDGE_CURVE ( 'NONE', #1174, #709, #1057, .T. ) ;
#380 = VECTOR ( 'NONE', #787, 1000.000000000000000 ) ;
#381 = DIRECTION ( 'NONE',  ( -0.000000000000000000, 1.000000000000000000, -0.000000000000000000 ) ) ;
#382 = PRODUCT_DEFINITION_FORMATION_WITH_SPECIFIED_SOURCE ( 'ANY', '', #15, .NOT_KNOWN. ) ;
#383 = CIRCLE ( 'NONE', #430, 2.749999999999995559 ) ;
#384 = ADVANCED_FACE ( 'NONE', ( #753 ), #1184, .T. ) ;
#385 = DIRECTION ( 'NONE',  ( 0.000000000000000000, 0.000000000000000000, -1.000000000000000000 ) ) ;
#386 = CARTESIAN_POINT ( 'NONE',  ( 0.000000000000000000, 7.299999999999999822, 0.000000000000000000 ) ) ;
#387 = CARTESIAN_POINT ( 'NONE',  ( 0.000000000000000000, 3.799999999999999378, 0.000000000000000000 ) ) ;
#388 = ORIENTED_EDGE ( 'NONE', *, *, #441, .T. ) ;
#389 = CARTESIAN_POINT ( 'NONE',  ( -6.951778570160733750, 6.202983336974265072, -14.51529536583366031 ) ) ;
#390 = ORIENTED_EDGE ( 'NONE', *, *, #616, .F. ) ;
#391 = DIRECTION ( 'NONE',  ( 0.000000000000000000, -0.2588190451025184080, -0.9659258262890689783 ) ) ;
#392 = CARTESIAN_POINT ( 'NONE',  ( -4.999999999999998224, 9.199999999999999289, -13.07669683062202104 ) ) ;
#393 = DIRECTION ( 'NONE',  ( 0.000000000000000000, 0.000000000000000000, 1.000000000000000000 ) ) ;
#394 = ORIENTED_EDGE ( 'NONE', *, *, #1328, .F. ) ;
#395 = ORIENTED_EDGE ( 'NONE', *, *, #853, .F. ) ;
#396 = CARTESIAN_POINT ( 'NONE',  ( 2.656295322589485863E-15, 3.799999999999999378, -18.75000000000000000 ) ) ;
#397 = EDGE_CURVE ( 'NONE', #6, #287, #1338, .T. ) ;
#398 = CARTESIAN_POINT ( 'NONE',  ( -5.427350427350420503, 3.799999999999999378, 24.81338081235080750 ) ) ;
#399 = DIRECTION ( 'NONE',  ( 0.000000000000000000, 0.000000000000000000, -1.000000000000000000 ) ) ;
#400 = DIRECTION ( 'NONE',  ( -0.000000000000000000, -1.000000000000000000, -0.000000000000000000 ) ) ;
#401 = EDGE_LOOP ( 'NONE', ( #78, #572, #738, #365 ) ) ;
#402 = CARTESIAN_POINT ( 'NONE',  ( -5.624999999999997335, 0.000000000000000000, 13.90537216330436721 ) ) ;
#403 = VECTOR ( 'NONE', #349, 1000.000000000000000 ) ;
#404 = AXIS2_PLACEMENT_3D ( 'NONE', #473, #1210, #999 ) ;
#405 = VECTOR ( 'NONE', #924, 1000.000000000000000 ) ;
#406 = AXIS2_PLACEMENT_3D ( 'NONE', #1170, #823, #734 ) ;
#407 = CARTESIAN_POINT ( 'NONE',  ( -4.664183127928914097, 9.199999999999999289, 23.30149819570912584 ) ) ;
#408 = CARTESIAN_POINT ( 'NONE',  ( -6.194039507029394542, 9.199999999999999289, 24.46402437013462716 ) ) ;
#409 = APPROVAL_DATE_TIME ( #200, #232 ) ;
#410 = VERTEX_POINT ( 'NONE', #905 ) ;
#411 = FACE_OUTER_BOUND ( 'NONE', #494, .T. ) ;
#412 = DIRECTION ( 'NONE',  ( -0.000000000000000000, -1.000000000000000000, -0.000000000000000000 ) ) ;
#413 = VERTEX_POINT ( 'NONE', #1034 ) ;
#414 = LINE ( 'NONE', #1157, #246 ) ;
#415 = DATE_AND_TIME ( #1381, #784 ) ;
#416 = ADVANCED_FACE ( 'NONE', ( #364 ), #1129, .F. ) ;
#417 = EDGE_LOOP ( 'NONE', ( #768, #777, #978, #42 ) ) ;
#418 = CARTESIAN_POINT ( 'NONE',  ( 0.000000000000000000, 0.000000000000000000, 21.50000000000000000 ) ) ;
#419 = CARTESIAN_POINT ( 'NONE',  ( -4.285714285714268712, 7.299999999999998934, -11.20859728339030781 ) ) ;
#420 = CYLINDRICAL_SURFACE ( 'NONE', #698, 25.39999999999999858 ) ;
#421 = PERSON_AND_ORGANIZATION ( #1122, #1123 ) ;
#422 = ORIENTED_EDGE ( 'NONE', *, *, #435, .T. ) ;
#423 = CARTESIAN_POINT ( 'NONE',  ( -7.000000000000001776, -0.8000000000000003775, 1.861885947282352396E-15 ) ) ;
#424 = EDGE_CURVE ( 'NONE', #456, #137, #1367, .T. ) ;
#425 = VECTOR ( 'NONE', #883, 1000.000000000000000 ) ;
#426 = DIRECTION ( 'NONE',  ( -0.000000000000000000, -1.000000000000000000, -0.000000000000000000 ) ) ;
#427 = EDGE_CURVE ( 'NONE', #211, #1209, #715, .T. ) ;
#428 = ORIENTED_EDGE ( 'NONE', *, *, #972, .F. ) ;
#429 = AXIS2_PLACEMENT_3D ( 'NONE', #1009, #765, #903 ) ;
#430 = AXIS2_PLACEMENT_3D ( 'NONE', #227, #887, #564 ) ;
#431 = CARTESIAN_POINT ( 'NONE',  ( 0.000000000000000000, 6.496152422706640728, 0.000000000000000000 ) ) ;
#432 = DATE_AND_TIME ( #648, #86 ) ;
#433 = EDGE_LOOP ( 'NONE', ( #1083, #1135, #251, #167 ) ) ;
#434 = DIRECTION ( 'NONE',  ( 0.000000000000000000, 0.000000000000000000, 1.000000000000000000 ) ) ;
#435 = EDGE_CURVE ( 'NONE', #410, #66, #61, .T. ) ;
#436 = FACE_OUTER_BOUND ( 'NONE', #1198, .T. ) ;
#437 = COORDINATED_UNIVERSAL_TIME_OFFSET ( 0, 0, .AHEAD. ) ;
#438 = ORIENTED_EDGE ( 'NONE', *, *, #1068, .F. ) ;
#439 = PLANE ( 'NONE',  #1211 ) ;
#440 = EDGE_LOOP ( 'NONE', ( #761, #663, #673, #807 ) ) ;
#441 = EDGE_CURVE ( 'NONE', #358, #1183, #104, .T. ) ;
#442 = ORIENTED_EDGE ( 'NONE', *, *, #735, .T. ) ;
#443 = CARTESIAN_POINT ( 'NONE',  ( -25.39999999999999858, -1.925929944387235853E-31, 0.000000000000000000 ) ) ;
#444 = ORIENTED_EDGE ( 'NONE', *, *, #665, .F. ) ;
#445 = DIRECTION ( 'NONE',  ( 0.000000000000000000, 0.000000000000000000, -1.000000000000000000 ) ) ;
#446 = ORIENTED_EDGE ( 'NONE', *, *, #565, .F. ) ;
#447 = CIRCLE ( 'NONE', #898, 15.00000000000000000 ) ;
#448 = ORIENTED_EDGE ( 'NONE', *, *, #810, .F. ) ;
#449 = CIRCLE ( 'NONE', #694, 12.00000000000000000 ) ;
#450 = FACE_BOUND ( 'NONE', #957, .T. ) ;
#451 = APPROVAL_PERSON_ORGANIZATION ( #750, #232, #1387 ) ;
#452 = ORIENTED_EDGE ( 'NONE', *, *, #1020, .T. ) ;
#453 = LINE ( 'NONE', #1018, #994 ) ;
#454 = EDGE_LOOP ( 'NONE', ( #157, #102, #19, #882 ) ) ;
#455 = DIRECTION ( 'NONE',  ( 0.000000000000000000, 0.000000000000000000, -1.000000000000000000 ) ) ;
#456 = VERTEX_POINT ( 'NONE', #811 ) ;
#457 = CARTESIAN_POINT ( 'NONE',  ( 5.558754850634589850, 9.199999999999999289, 24.75837209302325803 ) ) ;
#458 = ORIENTED_EDGE ( 'NONE', *, *, #294, .T. ) ;
#459 = DIRECTION ( 'NONE',  ( 0.000000000000000000, -1.000000000000000000, 0.000000000000000000 ) ) ;
#460 = EDGE_CURVE ( 'NONE', #1291, #456, #921, .T. ) ;
#461 = CARTESIAN_POINT ( 'NONE',  ( 1.836970198721029589E-15, 6.496152422706640728, 15.00000000000000000 ) ) ;
#462 = DIRECTION ( 'NONE',  ( 0.000000000000000000, 0.000000000000000000, 1.000000000000000000 ) ) ;
#463 = ORIENTED_EDGE ( 'NONE', *, *, #1234, .T. ) ;
#464 = DIRECTION ( 'NONE',  ( 0.000000000000000000, 0.000000000000000000, 1.000000000000000000 ) ) ;
#465 = CARTESIAN_POINT ( 'NONE',  ( -6.999999999999998224, 6.572225825265627819, -12.94477450198040813 ) ) ;
#466 = EDGE_CURVE ( 'NONE', #362, #927, #577, .T. ) ;
#467 = ORIENTED_EDGE ( 'NONE', *, *, #424, .F. ) ;
#468 = EDGE_CURVE ( 'NONE', #890, #544, #499, .T. ) ;
#469 = VECTOR ( 'NONE', #498, 1000.000000000000000 ) ;
#470 = LINE ( 'NONE', #482, #992 ) ;
#471 = AXIS2_PLACEMENT_3D ( 'NONE', #333, #545, #302 ) ;
#472 = ORIENTED_EDGE ( 'NONE', *, *, #1020, .F. ) ;
#473 = CARTESIAN_POINT ( 'NONE',  ( -7.000000000000001776, -0.8000000000000003775, -1.861885947282352396E-15 ) ) ;
#474 = AXIS2_PLACEMENT_3D ( 'NONE', #387, #377, #509 ) ;
#475 = AXIS2_PLACEMENT_3D ( 'NONE', #1289, #647, #666 ) ;
#476 = CARTESIAN_POINT ( 'NONE',  ( -5.999999999999997335, 0.000000000000000000, 14.83239697419132774 ) ) ;
#477 = EDGE_CURVE ( 'NONE', #1174, #1286, #470, .T. ) ;
#478 = CARTESIAN_POINT ( 'NONE',  ( 0.000000000000000000, 9.199999999999997513, 0.000000000000000000 ) ) ;
#479 = CARTESIAN_POINT ( 'NONE',  ( 1.836970198721029589E-15, 0.000000000000000000, 15.00000000000000000 ) ) ;
#480 = DIRECTION ( 'NONE',  ( -0.000000000000000000, -1.000000000000000000, -0.000000000000000000 ) ) ;
#481 = FACE_OUTER_BOUND ( 'NONE', #334, .T. ) ;
#482 = CARTESIAN_POINT ( 'NONE',  ( 5.558754850634592515, 9.199999999999999289, -24.75837209302325803 ) ) ;
#483 = ADVANCED_FACE ( 'NONE', ( #706 ), #38, .F. ) ;
#484 = ADVANCED_BREP_SHAPE_REPRESENTATION ( ' 035838_A', ( #526, #1013 ), #150 ) ;
#485 = CARTESIAN_POINT ( 'NONE',  ( 5.558754850634592515, 3.799999999999999378, -23.75837209302325448 ) ) ;
#486 = CARTESIAN_POINT ( 'NONE',  ( 0.000000000000000000, 9.199999999999999289, -12.00000000000000000 ) ) ;
#487 = VERTEX_POINT ( 'NONE', #1329 ) ;
#488 = DIRECTION ( 'NONE',  ( 0.000000000000000000, 0.000000000000000000, -1.000000000000000000 ) ) ;
#489 = EDGE_CURVE ( 'NONE', #872, #287, #218, .T. ) ;
#490 = DIRECTION ( 'NONE',  ( 0.000000000000000000, 0.000000000000000000, 1.000000000000000000 ) ) ;
#491 = LINE ( 'NONE', #257, #830 ) ;
#492 = LINE ( 'NONE', #940, #405 ) ;
#493 = AXIS2_PLACEMENT_3D ( 'NONE', #256, #578, #1222 ) ;
#494 = EDGE_LOOP ( 'NONE', ( #1358, #1308, #604, #1065 ) ) ;
#495 = VECTOR ( 'NONE', #1352, 1000.000000000000000 ) ;
#496 = FACE_BOUND ( 'NONE', #781, .T. ) ;
#497 = VECTOR ( 'NONE', #1321, 1000.000000000000000 ) ;
#498 = DIRECTION ( 'NONE',  ( -0.000000000000000000, -1.000000000000000000, -0.000000000000000000 ) ) ;
#499 = B_SPLINE_CURVE_WITH_KNOTS ( 'NONE', 3,
 ( #28, #375, #1243, #588 ),
 .UNSPECIFIED., .F., .F.,
 ( 4, 4 ),
 ( 8.673617379884035472E-19, 0.0003829939670658364650 ),
 .UNSPECIFIED. ) ;
#500 = CARTESIAN_POINT ( 'NONE',  ( -4.664183127928914097, 3.799999999999999378, 23.30149819570912584 ) ) ;
#501 = FACE_OUTER_BOUND ( 'NONE', #1001, .T. ) ;
#502 = ORIENTED_EDGE ( 'NONE', *, *, #660, .F. ) ;
#503 = ORIENTED_EDGE ( 'NONE', *, *, #986, .F. ) ;
#504 = CARTESIAN_POINT ( 'NONE',  ( 5.558754850634589850, 9.199999999999999289, 23.75837209302325448 ) ) ;
#505 = EDGE_CURVE ( 'NONE', #1181, #410, #447, .T. ) ;
#506 = ORIENTED_EDGE ( 'NONE', *, *, #649, .T. ) ;
#507 = DIRECTION ( 'NONE',  ( -0.000000000000000000, -1.000000000000000000, -0.000000000000000000 ) ) ;
#508 = CARTESIAN_POINT ( 'NONE',  ( 5.558754850634589850, 3.799999999999999378, 24.75837209302325803 ) ) ;
#509 = DIRECTION ( 'NONE',  ( 0.000000000000000000, 0.000000000000000000, -1.000000000000000000 ) ) ;
#510 = ORIENTED_EDGE ( 'NONE', *, *, #649, .F. ) ;
#511 = CARTESIAN_POINT ( 'NONE',  ( 0.000000000000000000, 9.199999999999999289, 21.50000000000000000 ) ) ;
#512 = DIRECTION ( 'NONE',  ( 0.000000000000000000, 0.000000000000000000, -1.000000000000000000 ) ) ;
#513 = EDGE_CURVE ( 'NONE', #1188, #748, #518, .T. ) ;
#514 = ORIENTED_EDGE ( 'NONE', *, *, #990, .T. ) ;
#515 = CARTESIAN_POINT ( 'NONE',  ( -6.610135143570693650, 6.872659437416216655, 11.87970444515990920 ) ) ;
#516 = ORIENTED_EDGE ( 'NONE', *, *, #665, .T. ) ;
#517 = DIRECTION ( 'NONE',  ( 0.000000000000000000, -1.000000000000000000, 0.000000000000000000 ) ) ;
#518 = CIRCLE ( 'NONE', #147, 25.39999999999999858 ) ;
#519 = APPROVAL_PERSON_ORGANIZATION ( #214, #884, #626 ) ;
#520 = CIRCLE ( 'NONE', #1105, 2.000000000000001776 ) ;
#521 = DIRECTION ( 'NONE',  ( 0.000000000000000000, -1.000000000000000000, 0.000000000000000000 ) ) ;
#522 = CARTESIAN_POINT ( 'NONE',  ( -4.441188374006087791, 7.299999999999999822, 11.14915027995143681 ) ) ;
#523 = PERSON_AND_ORGANIZATION ( #1122, #1123 ) ;
#524 = ORIENTED_EDGE ( 'NONE', *, *, #169, .F. ) ;
#525 = DIRECTION ( 'NONE',  ( -0.000000000000000000, -1.000000000000000000, -0.000000000000000000 ) ) ;
#526 = MANIFOLD_SOLID_BREP ( 'Fillet1', #974 ) ;
#527 = LINE ( 'NONE', #1369, #1279 ) ;
#528 = EDGE_CURVE ( 'NONE', #1055, #1396, #945, .T. ) ;
#529 = DIRECTION ( 'NONE',  ( -0.000000000000000000, -1.000000000000000000, -0.000000000000000000 ) ) ;
#530 = ORIENTED_EDGE ( 'NONE', *, *, #943, .T. ) ;
#531 = CYLINDRICAL_SURFACE ( 'NONE', #540, 4.999999999999997335 ) ;
#532 = EDGE_CURVE ( 'NONE', #1297, #1181, #275, .T. ) ;
#533 = CYLINDRICAL_SURFACE ( 'NONE', #1163, 2.749999999999999112 ) ;
#534 = DIRECTION ( 'NONE',  ( -0.000000000000000000, 1.000000000000000000, -0.000000000000000000 ) ) ;
#535 = APPLICATION_PROTOCOL_DEFINITION ( 'international standard', 'config_control_design', 1994, #553 ) ;
#536 = ORIENTED_EDGE ( 'NONE', *, *, #231, .T. ) ;
#537 = CARTESIAN_POINT ( 'NONE',  ( -6.999999999999998224, 9.199999999999999289, -13.07669683062202104 ) ) ;
#538 = EDGE_CURVE ( 'NONE', #228, #658, #801, .T. ) ;
#539 = AXIS2_PLACEMENT_3D ( 'NONE', #796, #599, #490 ) ;
#540 = AXIS2_PLACEMENT_3D ( 'NONE', #318, #866, #209 ) ;
#541 = AXIS2_PLACEMENT_3D ( 'NONE', #52, #400, #1139 ) ;
#542 = VERTEX_POINT ( 'NONE', #817 ) ;
#543 = CARTESIAN_POINT ( 'NONE',  ( 3.110602869834276865E-15, -3.851859888774471706E-31, 25.39999999999999858 ) ) ;
#544 = VERTEX_POINT ( 'NONE', #1247 ) ;
#545 = DIRECTION ( 'NONE',  ( -0.000000000000000000, -1.000000000000000000, -0.000000000000000000 ) ) ;
#546 = EDGE_CURVE ( 'NONE', #1113, #165, #1361, .T. ) ;
#547 = CARTESIAN_POINT ( 'NONE',  ( -6.999999999999998224, 6.402710609721058432, -13.66235316885419770 ) ) ;
#548 = ORIENTED_EDGE ( 'NONE', *, *, #810, .T. ) ;
#549 = CARTESIAN_POINT ( 'NONE',  ( -5.624999999999997335, 6.496152422706640728, -13.90537216330436721 ) ) ;
#550 = DIRECTION ( 'NONE',  ( 0.000000000000000000, 1.000000000000000000, 0.000000000000000000 ) ) ;
#551 = ORIENTED_EDGE ( 'NONE', *, *, #1048, .T. ) ;
#552 = DIRECTION ( 'NONE',  ( 0.000000000000000000, 0.000000000000000000, -1.000000000000000000 ) ) ;
#553 = APPLICATION_CONTEXT ( 'configuration controlled 3d designs of mechanical parts and assemblies' ) ;
#554 = DIRECTION ( 'NONE',  ( 0.000000000000000000, 0.000000000000000000, -1.000000000000000000 ) ) ;
#555 = AXIS2_PLACEMENT_3D ( 'NONE', #44, #593, #161 ) ;
#556 = AXIS2_PLACEMENT_3D ( 'NONE', #1326, #347, #790 ) ;
#557 = CARTESIAN_POINT ( 'NONE',  ( -6.999999999999997335, 6.120696798143615780, -14.83239697419132774 ) ) ;
#558 = EDGE_CURVE ( 'NONE', #1110, #1149, #1101, .T. ) ;
#559 = CIRCLE ( 'NONE', #313, 0.9999999999999991118 ) ;
#560 = AXIS2_PLACEMENT_3D ( 'NONE', #836, #1058, #1264 ) ;
#561 = VERTEX_POINT ( 'NONE', #944 ) ;
#562 = CARTESIAN_POINT ( 'NONE',  ( -4.999999999999996447, -0.8000000000000003775, -22.85957129956727485 ) ) ;
#563 = CARTESIAN_POINT ( 'NONE',  ( -5.134038252385956902, 7.244251507440766069, -11.07669683062201571 ) ) ;
#564 = DIRECTION ( 'NONE',  ( 0.000000000000000000, 0.000000000000000000, 1.000000000000000000 ) ) ;
#565 = EDGE_CURVE ( 'NONE', #686, #1008, #824, .T. ) ;
#566 = ORIENTED_EDGE ( 'NONE', *, *, #1400, .T. ) ;
#567 = CARTESIAN_POINT ( 'NONE',  ( -6.999999999999998224, 6.541061518121086493, 13.07669683062202104 ) ) ;
#568 = VERTEX_POINT ( 'NONE', #203 ) ;
#569 = CARTESIAN_POINT ( 'NONE',  ( -6.738695895982760753, 6.809056805288114411, -12.07975687762583128 ) ) ;
#570 = EDGE_CURVE ( 'NONE', #234, #872, #527, .T. ) ;
#571 = CARTESIAN_POINT ( 'NONE',  ( 3.367778697655219039E-16, 9.199999999999999289, 18.75000000000000000 ) ) ;
#572 = ORIENTED_EDGE ( 'NONE', *, *, #250, .F. ) ;
#573 = CARTESIAN_POINT ( 'NONE',  ( 0.000000000000000000, 6.496152422706640728, -15.00000000000000000 ) ) ;
#574 = CARTESIAN_POINT ( 'NONE',  ( -6.238411911100175899, 7.013360976140130987, -11.48501908676944261 ) ) ;
#575 = ADVANCED_FACE ( 'NONE', ( #1062 ), #533, .F. ) ;
#576 = EDGE_LOOP ( 'NONE', ( #241, #614, #888, #253, #725, #444 ) ) ;
#577 = CIRCLE ( 'NONE', #194, 2.749999999999999112 ) ;
#578 = DIRECTION ( 'NONE',  ( 0.000000000000000000, 1.000000000000000000, 0.000000000000000000 ) ) ;
#579 = AXIS2_PLACEMENT_3D ( 'NONE', #1331, #258, #871 ) ;
#580 = DIRECTION ( 'NONE',  ( 0.000000000000000000, 0.000000000000000000, -1.000000000000000000 ) ) ;
#581 = LINE ( 'NONE', #664, #1395 ) ;
#582 = AXIS2_PLACEMENT_3D ( 'NONE', #1249, #171, #602 ) ;
#583 = VECTOR ( 'NONE', #391, 1000.000000000000000 ) ;
#584 = DIRECTION ( 'NONE',  ( -0.000000000000000000, -1.000000000000000000, -0.000000000000000000 ) ) ;
#585 = EDGE_CURVE ( 'NONE', #1181, #487, #1056, .T. ) ;
#586 = ORIENTED_EDGE ( 'NONE', *, *, #538, .T. ) ;
#587 = DESIGN_CONTEXT ( 'detailed design', #639, 'design' ) ;
#588 = CARTESIAN_POINT ( 'NONE',  ( -5.999999999999997335, 6.475349042161764324, 13.83239697419132419 ) ) ;
#589 = CC_DESIGN_PERSON_AND_ORGANIZATION_ASSIGNMENT ( #1075, #221, ( #382 ) ) ;
#590 = DIRECTION ( 'NONE',  ( 0.000000000000000000, -1.000000000000000000, 0.000000000000000000 ) ) ;
#591 = FACE_OUTER_BOUND ( 'NONE', #64, .T. ) ;
#592 = LINE ( 'NONE', #264, #1325 ) ;
#593 = DIRECTION ( 'NONE',  ( -0.000000000000000000, -1.000000000000000000, -0.000000000000000000 ) ) ;
#594 = CARTESIAN_POINT ( 'NONE',  ( -7.000000000000001776, 9.199999999999999289, -1.861885947282352396E-15 ) ) ;
#595 = LINE ( 'NONE', #278, #1104 ) ;
#596 = VERTEX_POINT ( 'NONE', #407 ) ;
#597 = VERTEX_POINT ( 'NONE', #834 ) ;
#598 = CARTESIAN_POINT ( 'NONE',  ( -6.999999999999995559, -0.8000000000000003775, 22.85957129956727840 ) ) ;
#599 = DIRECTION ( 'NONE',  ( 0.000000000000000000, 1.000000000000000000, -0.000000000000000000 ) ) ;
#600 = EDGE_CURVE ( 'NONE', #658, #779, #335, .T. ) ;
#601 = DIRECTION ( 'NONE',  ( -0.000000000000000000, -1.000000000000000000, 0.000000000000000000 ) ) ;
#602 = DIRECTION ( 'NONE',  ( 0.000000000000000000, 0.000000000000000000, 1.000000000000000000 ) ) ;
#603 = AXIS2_PLACEMENT_3D ( 'NONE', #511, #381, #1359 ) ;
#604 = ORIENTED_EDGE ( 'NONE', *, *, #1068, .T. ) ;
#605 = ORIENTED_EDGE ( 'NONE', *, *, #962, .F. ) ;
#606 = CIRCLE ( 'NONE', #1345, 4.999999999999997335 ) ;
#607 = CARTESIAN_POINT ( 'NONE',  ( -4.999999999999998224, 9.199999999999999289, -13.07669683062202104 ) ) ;
#608 = CIRCLE ( 'NONE', #35, 25.39999999999999858 ) ;
#609 = AXIS2_PLACEMENT_3D ( 'NONE', #162, #1022, #62 ) ;
#610 = CARTESIAN_POINT ( 'NONE',  ( 0.000000000000000000, 0.000000000000000000, -25.39999999999999858 ) ) ;
#611 = CARTESIAN_POINT ( 'NONE',  ( 5.558754850634592515, 9.199999999999999289, -23.75837209302325448 ) ) ;
#612 = CARTESIAN_POINT ( 'NONE',  ( 2.993073192355007915E-15, 0.000000000000000000, -24.24999999999999289 ) ) ;
#613 = EDGE_LOOP ( 'NONE', ( #950, #422, #1240, #159 ) ) ;
#614 = ORIENTED_EDGE ( 'NONE', *, *, #367, .T. ) ;
#615 = DIRECTION ( 'NONE',  ( -0.000000000000000000, -1.000000000000000000, -0.000000000000000000 ) ) ;
#616 = EDGE_CURVE ( 'NONE', #845, #862, #191, .T. ) ;
#617 = DIRECTION ( 'NONE',  ( 0.000000000000000000, 0.000000000000000000, 1.000000000000000000 ) ) ;
#618 = CARTESIAN_POINT ( 'NONE',  ( -6.282409306769647372, 6.996325897880181444, 11.53346726555110280 ) ) ;
#619 = LINE ( 'NONE', #696, #854 ) ;
#620 = ORIENTED_EDGE ( 'NONE', *, *, #1089, .F. ) ;
#621 = VERTEX_POINT ( 'NONE', #299 ) ;
#622 = DIRECTION ( 'NONE',  ( 0.000000000000000000, 0.000000000000000000, -1.000000000000000000 ) ) ;
#623 = EDGE_CURVE ( 'NONE', #487, #66, #1121, .T. ) ;
#624 = CARTESIAN_POINT ( 'NONE',  ( 2.656295322589485863E-15, 9.199999999999999289, -21.50000000000000000 ) ) ;
#625 = DIRECTION ( 'NONE',  ( -0.000000000000000000, -1.000000000000000000, -0.000000000000000000 ) ) ;
#626 = APPROVAL_ROLE ( '' ) ;
#627 = ORIENTED_EDGE ( 'NONE', *, *, #113, .T. ) ;
#628 = CARTESIAN_POINT ( 'NONE',  ( 5.786572672381907978, 0.000000000000000000, 24.73207586732749164 ) ) ;
#629 = AXIS2_PLACEMENT_3D ( 'NONE', #1151, #507, #303 ) ;
#630 = APPROVAL_PERSON_ORGANIZATION ( #421, #175, #657 ) ;
#631 = CIRCLE ( 'NONE', #198, 4.999999999999997335 ) ;
#632 = ADVANCED_FACE ( 'NONE', ( #728 ), #938, .F. ) ;
#633 = CARTESIAN_POINT ( 'NONE',  ( -6.999999999999997335, 6.541061518121086493, -13.07669683062202104 ) ) ;
#634 = FACE_OUTER_BOUND ( 'NONE', #764, .T. ) ;
#635 = PERSON_AND_ORGANIZATION_ROLE ( 'design_owner' ) ;
#636 = ADVANCED_FACE ( 'NONE', ( #1378 ), #841, .F. ) ;
#637 = ORIENTED_EDGE ( 'NONE', *, *, #558, .T. ) ;
#638 = CARTESIAN_POINT ( 'NONE',  ( 5.786572672381910643, 0.000000000000000000, -24.73207586732749164 ) ) ;
#639 = APPLICATION_CONTEXT ( 'configuration controlled 3d designs of mechanical parts and assemblies' ) ;
#640 = DIRECTION ( 'NONE',  ( -0.000000000000000000, -1.000000000000000000, -0.000000000000000000 ) ) ;
#641 = CARTESIAN_POINT ( 'NONE',  ( -5.876376581300474911, 7.109467729742747544, 11.27169774100458177 ) ) ;
#642 = COORDINATED_UNIVERSAL_TIME_OFFSET ( 0, 0, .AHEAD. ) ;
#643 = ORIENTED_EDGE ( 'NONE', *, *, #153, .T. ) ;
#644 = FACE_OUTER_BOUND ( 'NONE', #172, .T. ) ;
#645 = CARTESIAN_POINT ( 'NONE',  ( 0.000000000000000000, 9.199999999999999289, 0.000000000000000000 ) ) ;
#646 = ORIENTED_EDGE ( 'NONE', *, *, #1223, .T. ) ;
#647 = DIRECTION ( 'NONE',  ( -0.000000000000000000, 1.000000000000000000, -0.000000000000000000 ) ) ;
#648 = CALENDAR_DATE ( 2026, 8, 7 ) ;
#649 = EDGE_CURVE ( 'NONE', #165, #29, #310, .T. ) ;
#650 = ORIENTED_EDGE ( 'NONE', *, *, #379, .T. ) ;
#651 = CARTESIAN_POINT ( 'NONE',  ( -4.999999999999998224, 9.199999999999999289, -11.07669683062202282 ) ) ;
#652 = VECTOR ( 'NONE', #412, 1000.000000000000000 ) ;
#653 = AXIS2_PLACEMENT_3D ( 'NONE', #166, #831, #1246 ) ;
#654 = AXIS2_PLACEMENT_3D ( 'NONE', #1197, #252, #229 ) ;
#655 = AXIS2_PLACEMENT_3D ( 'NONE', #689, #695, #707 ) ;
#656 = DIRECTION ( 'NONE',  ( 0.000000000000000000, 0.000000000000000000, 1.000000000000000000 ) ) ;
#657 = APPROVAL_ROLE ( '' ) ;
#658 = VERTEX_POINT ( 'NONE', #398 ) ;
#659 = DIRECTION ( 'NONE',  ( -0.000000000000000000, -1.000000000000000000, -0.000000000000000000 ) ) ;
#660 = EDGE_CURVE ( 'NONE', #6, #234, #126, .T. ) ;
#661 = VERTEX_POINT ( 'NONE', #633 ) ;
#662 = CARTESIAN_POINT ( 'NONE',  ( -6.999999999999998224, 6.541061518121086493, 13.07669683062202104 ) ) ;
#663 = ORIENTED_EDGE ( 'NONE', *, *, #265, .T. ) ;
#664 = CARTESIAN_POINT ( 'NONE',  ( -5.427350427350434714, -0.8000000000000003775, -24.81338081235080395 ) ) ;
#665 = EDGE_CURVE ( 'NONE', #568, #1183, #722, .T. ) ;
#666 = DIRECTION ( 'NONE',  ( 0.000000000000000000, 0.000000000000000000, 1.000000000000000000 ) ) ;
#667 = ORIENTED_EDGE ( 'NONE', *, *, #1173, .T. ) ;
#668 = CARTESIAN_POINT ( 'NONE',  ( -5.624999999999997335, 6.496152422706640728, -13.90537216330436721 ) ) ;
#669 = EDGE_LOOP ( 'NONE', ( #1052, #643, #286, #130 ) ) ;
#670 = PLANE ( 'NONE',  #762 ) ;
#671 = CIRCLE ( 'NONE', #56, 15.00000000000000000 ) ;
#672 = EDGE_CURVE ( 'NONE', #66, #844, #671, .T. ) ;
#673 = ORIENTED_EDGE ( 'NONE', *, *, #466, .T. ) ;
#674 = AXIS2_PLACEMENT_3D ( 'NONE', #964, #116, #1087 ) ;
#675 = CARTESIAN_POINT ( 'NONE',  ( -6.194039507029385661, 9.199999999999999289, -24.46402437013463427 ) ) ;
#676 = CIRCLE ( 'NONE', #1327, 1.000000000000000888 ) ;
#677 = CIRCLE ( 'NONE', #926, 1.000000000000000888 ) ;
#678 = ORIENTED_EDGE ( 'NONE', *, *, #320, .F. ) ;
#679 = DIRECTION ( 'NONE',  ( -0.000000000000000000, -1.000000000000000000, -0.000000000000000000 ) ) ;
#680 = ADVANCED_FACE ( 'NONE', ( #183 ), #1049, .T. ) ;
#681 = DIRECTION ( 'NONE',  ( 0.000000000000000000, 0.000000000000000000, 1.000000000000000000 ) ) ;
#682 = CARTESIAN_POINT ( 'NONE',  ( -6.999999999999997335, 6.120696798143615780, 14.83239697419132774 ) ) ;
#683 = EDGE_CURVE ( 'NONE', #1196, #913, #1000, .T. ) ;
#684 = ORIENTED_EDGE ( 'NONE', *, *, #1360, .T. ) ;
#685 = CARTESIAN_POINT ( 'NONE',  ( -6.999999999999998224, 9.199999999999999289, 13.07669683062202104 ) ) ;
#686 = VERTEX_POINT ( 'NONE', #911 ) ;
#687 = DIRECTION ( 'NONE',  ( -0.000000000000000000, -1.000000000000000000, -0.000000000000000000 ) ) ;
#688 = DIRECTION ( 'NONE',  ( -0.000000000000000000, -1.000000000000000000, -0.000000000000000000 ) ) ;
#689 = CARTESIAN_POINT ( 'NONE',  ( 0.000000000000000000, 0.000000000000000000, 0.000000000000000000 ) ) ;
#690 = CARTESIAN_POINT ( 'NONE',  ( 0.000000000000000000, 3.799999999999999378, 0.000000000000000000 ) ) ;
#691 = ADVANCED_FACE ( 'NONE', ( #237 ), #670, .F. ) ;
#692 = CARTESIAN_POINT ( 'NONE',  ( -5.653991267538049925, 7.157999312329847541, -11.18209454883219323 ) ) ;
#693 = CARTESIAN_POINT ( 'NONE',  ( 0.000000000000000000, 0.000000000000000000, 21.50000000000000000 ) ) ;
#694 = AXIS2_PLACEMENT_3D ( 'NONE', #1175, #659, #445 ) ;
#695 = DIRECTION ( 'NONE',  ( -0.000000000000000000, -1.000000000000000000, -0.000000000000000000 ) ) ;
#696 = CARTESIAN_POINT ( 'NONE',  ( -6.194039507029394542, -0.8000000000000003775, 24.46402437013462716 ) ) ;
#697 = AXIS2_PLACEMENT_3D ( 'NONE', #1045, #480, #296 ) ;
#698 = AXIS2_PLACEMENT_3D ( 'NONE', #736, #1257, #848 ) ;
#699 = DIRECTION ( 'NONE',  ( 0.000000000000000000, 0.000000000000000000, -1.000000000000000000 ) ) ;
#700 = CARTESIAN_POINT ( 'NONE',  ( 5.558754850634589850, 9.199999999999999289, 24.75837209302325803 ) ) ;
#701 = CARTESIAN_POINT ( 'NONE',  ( -5.999999999999997335, 6.475349042161764324, 13.83239697419132419 ) ) ;
#702 = DIRECTION ( 'NONE',  ( -0.000000000000000000, -1.000000000000000000, -0.000000000000000000 ) ) ;
#703 = EDGE_LOOP ( 'NONE', ( #280, #390, #744, #860 ) ) ;
#704 = CARTESIAN_POINT ( 'NONE',  ( -5.597019753514696383, 9.199999999999999289, 23.66179783485095456 ) ) ;
#705 = ADVANCED_FACE ( 'NONE', ( #1332 ), #133, .T. ) ;
#706 = FACE_OUTER_BOUND ( 'NONE', #1093, .T. ) ;
#707 = DIRECTION ( 'NONE',  ( 0.000000000000000000, 0.000000000000000000, -1.000000000000000000 ) ) ;
#708 = CYLINDRICAL_SURFACE ( 'NONE', #995, 4.999999999999997335 ) ;
#709 = VERTEX_POINT ( 'NONE', #1337 ) ;
#710 = ORIENTED_EDGE ( 'NONE', *, *, #1091, .T. ) ;
#711 = LINE ( 'NONE', #55, #219 ) ;
#712 = ORIENTED_EDGE ( 'NONE', *, *, #767, .F. ) ;
#713 = DIRECTION ( 'NONE',  ( 0.000000000000000000, 1.000000000000000000, 0.000000000000000000 ) ) ;
#714 = EDGE_CURVE ( 'NONE', #862, #661, #207, .T. ) ;
#715 = CIRCLE ( 'NONE', #1301, 2.749999999999995559 ) ;
#716 = DIRECTION ( 'NONE',  ( -0.000000000000000000, -1.000000000000000000, -0.000000000000000000 ) ) ;
#717 = DIRECTION ( 'NONE',  ( 0.000000000000000000, 0.000000000000000000, 1.000000000000000000 ) ) ;
#718 = CIRCLE ( 'NONE', #827, 1.999999999999998224 ) ;
#719 = VERTEX_POINT ( 'NONE', #795 ) ;
#720 = CARTESIAN_POINT ( 'NONE',  ( 1.740690107398108823E-15, 7.299999999999999822, 12.00000000000000000 ) ) ;
#721 = CIRCLE ( 'NONE', #951, 1.000000000000000888 ) ;
#722 = LINE ( 'NONE', #966, #920 ) ;
#723 = CARTESIAN_POINT ( 'NONE',  ( -5.597019753514696383, 3.799999999999999378, 23.66179783485095456 ) ) ;
#724 = DIRECTION ( 'NONE',  ( -0.000000000000000000, -1.000000000000000000, -0.000000000000000000 ) ) ;
#725 = ORIENTED_EDGE ( 'NONE', *, *, #90, .F. ) ;
#726 = EDGE_CURVE ( 'NONE', #1341, #1297, #773, .T. ) ;
#727 = CARTESIAN_POINT ( 'NONE',  ( 4.632295708862167238, 9.199999999999999289, 23.38197674418605132 ) ) ;
#728 = FACE_OUTER_BOUND ( 'NONE', #306, .T. ) ;
#729 = DIRECTION ( 'NONE',  ( 0.000000000000000000, -1.000000000000000000, 0.000000000000000000 ) ) ;
#730 = DIRECTION ( 'NONE',  ( 0.000000000000000000, 0.000000000000000000, 1.000000000000000000 ) ) ;
#731 = ORIENTED_EDGE ( 'NONE', *, *, #1161, .F. ) ;
#732 = DIRECTION ( 'NONE',  ( -0.000000000000000000, 1.000000000000000000, -0.000000000000000000 ) ) ;
#733 = ADVANCED_FACE ( 'NONE', ( #481 ), #1313, .T. ) ;
#734 = DIRECTION ( 'NONE',  ( 0.000000000000000000, 0.000000000000000000, -1.000000000000000000 ) ) ;
#735 = EDGE_CURVE ( 'NONE', #788, #410, #1119, .T. ) ;
#736 = CARTESIAN_POINT ( 'NONE',  ( 0.000000000000000000, 0.000000000000000000, 0.000000000000000000 ) ) ;
#737 = PERSON_AND_ORGANIZATION ( #1122, #1123 ) ;
#738 = ORIENTED_EDGE ( 'NONE', *, *, #1262, .T. ) ;
#739 = FACE_OUTER_BOUND ( 'NONE', #953, .T. ) ;
#740 = AXIS2_PLACEMENT_3D ( 'NONE', #1010, #1206, #138 ) ;
#741 = CIRCLE ( 'NONE', #1014, 1.000000000000000888 ) ;
#742 = CARTESIAN_POINT ( 'NONE',  ( -4.756075452083521782, 7.282757800498653289, -11.08793395629053435 ) ) ;
#743 = DIRECTION ( 'NONE',  ( 0.000000000000000000, 0.000000000000000000, -1.000000000000000000 ) ) ;
#744 = ORIENTED_EDGE ( 'NONE', *, *, #1319, .T. ) ;
#745 = DIRECTION ( 'NONE',  ( -1.000000000000000000, 0.000000000000000000, 2.659837067546217075E-16 ) ) ;
#746 = DIRECTION ( 'NONE',  ( -0.000000000000000000, 1.000000000000000000, -0.000000000000000000 ) ) ;
#747 = ADVANCED_FACE ( 'NONE', ( #891, #255 ), #897, .F. ) ;
#748 = VERTEX_POINT ( 'NONE', #149 ) ;
#749 = CARTESIAN_POINT ( 'NONE',  ( -5.624999999999997335, 0.000000000000000000, -13.90537216330436721 ) ) ;
#750 = PERSON_AND_ORGANIZATION ( #1122, #1123 ) ;
#751 = ORIENTED_EDGE ( 'NONE', *, *, #477, .T. ) ;
#752 = FACE_OUTER_BOUND ( 'NONE', #918, .T. ) ;
#753 = FACE_OUTER_BOUND ( 'NONE', #669, .T. ) ;
#754 = PERSON_AND_ORGANIZATION ( #1122, #1123 ) ;
#755 = ORIENTED_EDGE ( 'NONE', *, *, #489, .F. ) ;
#756 = DIRECTION ( 'NONE',  ( 0.000000000000000000, 0.000000000000000000, -1.000000000000000000 ) ) ;
#757 = ADVANCED_FACE ( 'NONE', ( #352 ), #247, .T. ) ;
#758 = AXIS2_PLACEMENT_3D ( 'NONE', #1227, #900, #385 ) ;
#759 = VECTOR ( 'NONE', #615, 1000.000000000000000 ) ;
#760 = AXIS2_PLACEMENT_3D ( 'NONE', #431, #315, #743 ) ;
#761 = ORIENTED_EDGE ( 'NONE', *, *, #309, .F. ) ;
#762 = AXIS2_PLACEMENT_3D ( 'NONE', #1115, #904, #554 ) ;
#763 = CARTESIAN_POINT ( 'NONE',  ( -6.999999999999997335, 6.541061518121086493, -13.07669683062202104 ) ) ;
#764 = EDGE_LOOP ( 'NONE', ( #208, #684, #894, #1251 ) ) ;
#765 = DIRECTION ( 'NONE',  ( 0.000000000000000000, -1.000000000000000000, 0.000000000000000000 ) ) ;
#766 = ORIENTED_EDGE ( 'NONE', *, *, #331, .T. ) ;
#767 = EDGE_CURVE ( 'NONE', #1341, #839, #243, .T. ) ;
#768 = ORIENTED_EDGE ( 'NONE', *, *, #142, .F. ) ;
#769 = CARTESIAN_POINT ( 'NONE',  ( 5.786572672381911531, 3.799999999999999378, -24.73207586732749164 ) ) ;
#770 = EDGE_LOOP ( 'NONE', ( #1302, #4, #452, #965, #348, #279, #506, #135, #339, #548, #985, #341, #808 ) ) ;
#771 = DIRECTION ( 'NONE',  ( 0.000000000000000000, 0.000000000000000000, -1.000000000000000000 ) ) ;
#772 = VERTEX_POINT ( 'NONE', #1072 ) ;
#773 = LINE ( 'NONE', #1019, #1213 ) ;
#774 = EDGE_CURVE ( 'NONE', #844, #890, #1111, .T. ) ;
#775 = EDGE_CURVE ( 'NONE', #223, #1260, #592, .T. ) ;
#776 = CARTESIAN_POINT ( 'NONE',  ( -4.999999999999998224, 9.199999999999999289, 13.07669683062202104 ) ) ;
#777 = ORIENTED_EDGE ( 'NONE', *, *, #869, .F. ) ;
#778 = DIRECTION ( 'NONE',  ( -0.000000000000000000, -1.000000000000000000, -0.000000000000000000 ) ) ;
#779 = VERTEX_POINT ( 'NONE', #1031 ) ;
#780 = CARTESIAN_POINT ( 'NONE',  ( -4.999999999999998224, 7.259027985893465207, -11.07669683062202104 ) ) ;
#781 = EDGE_LOOP ( 'NONE', ( #292, #446 ) ) ;
#782 = AXIS2_PLACEMENT_3D ( 'NONE', #1099, #679, #552 ) ;
#783 = CARTESIAN_POINT ( 'NONE',  ( -4.285714285714282923, -0.8000000000000003775, 11.20859728339030426 ) ) ;
#784 = LOCAL_TIME ( 11, 59, 13.00000000000000000, #107 ) ;
#785 = VECTOR ( 'NONE', #590, 1000.000000000000000 ) ;
#786 = ORIENTED_EDGE ( 'NONE', *, *, #1128, .T. ) ;
#787 = DIRECTION ( 'NONE',  ( -2.659837067546217075E-16, 0.000000000000000000, 1.000000000000000000 ) ) ;
#788 = VERTEX_POINT ( 'NONE', #720 ) ;
#789 = ORIENTED_EDGE ( 'NONE', *, *, #18, .F. ) ;
#790 = DIRECTION ( 'NONE',  ( 0.000000000000000000, -0.000000000000000000, -1.000000000000000000 ) ) ;
#791 = CARTESIAN_POINT ( 'NONE',  ( 0.000000000000000000, 0.000000000000000000, 0.000000000000000000 ) ) ;
#792 = EDGE_CURVE ( 'NONE', #1100, #1090, #718, .T. ) ;
#793 = VERTEX_POINT ( 'NONE', #1242 ) ;
#794 = FACE_OUTER_BOUND ( 'NONE', #433, .T. ) ;
#795 = CARTESIAN_POINT ( 'NONE',  ( 3.110602869834276865E-15, 3.799999999999999378, 25.39999999999999858 ) ) ;
#796 = CARTESIAN_POINT ( 'NONE',  ( -4.999999999999996447, 9.199999999999999289, -22.85957129956727485 ) ) ;
#797 = CYLINDRICAL_SURFACE ( 'NONE', #609, 1.000000000000000888 ) ;
#798 = DIRECTION ( 'NONE',  ( -0.000000000000000000, 1.000000000000000000, -0.000000000000000000 ) ) ;
#799 = CARTESIAN_POINT ( 'NONE',  ( -6.594764053902054890, 6.878622633951300358, -11.86274448354688893 ) ) ;
#800 = AXIS2_PLACEMENT_3D ( 'NONE', #239, #893, #1200 ) ;
#801 = LINE ( 'NONE', #1237, #378 ) ;
#802 = AXIS2_PLACEMENT_3D ( 'NONE', #1231, #1221, #455 ) ;
#803 = DIRECTION ( 'NONE',  ( 6.938893903907234689E-15, 0.000000000000000000, 1.000000000000000000 ) ) ;
#804 = DIRECTION ( 'NONE',  ( 0.000000000000000000, 0.000000000000000000, 1.000000000000000000 ) ) ;
#805 = VECTOR ( 'NONE', #71, 1000.000000000000000 ) ;
#806 = AXIS2_PLACEMENT_3D ( 'NONE', #1335, #1228, #178 ) ;
#807 = ORIENTED_EDGE ( 'NONE', *, *, #928, .F. ) ;
#808 = ORIENTED_EDGE ( 'NONE', *, *, #1370, .T. ) ;
#809 = CARTESIAN_POINT ( 'NONE',  ( -4.285714285714268712, 7.299999999999998934, -11.20859728339030781 ) ) ;
#810 = EDGE_CURVE ( 'NONE', #413, #456, #1368, .T. ) ;
#811 = CARTESIAN_POINT ( 'NONE',  ( 0.000000000000000000, -3.851859888774471706E-31, -25.39999999999999858 ) ) ;
#812 = CARTESIAN_POINT ( 'NONE',  ( -6.133754441633075594, 6.461087103417766819, 13.83239697419132241 ) ) ;
#813 = DIRECTION ( 'NONE',  ( 0.000000000000000000, 0.000000000000000000, 1.000000000000000000 ) ) ;
#814 = ORIENTED_EDGE ( 'NONE', *, *, #142, .T. ) ;
#815 = CARTESIAN_POINT ( 'NONE',  ( -6.922739045945215608, 6.224839058524170632, -14.43875404690152919 ) ) ;
#816 = ADVANCED_FACE ( 'NONE', ( #496, #1252 ), #298, .F. ) ;
#817 = CARTESIAN_POINT ( 'NONE',  ( 2.656295322589485863E-15, 9.199999999999999289, -16.49999999999999645 ) ) ;
#818 = CARTESIAN_POINT ( 'NONE',  ( -6.999999999999998224, -1.925929944387235853E-31, -14.83239697419132774 ) ) ;
#819 = CARTESIAN_POINT ( 'NONE',  ( -4.999999999999996447, 0.000000000000000000, 22.85957129956727485 ) ) ;
#820 = EDGE_LOOP ( 'NONE', ( #248, #1131, #1134, #1316, #112, #516 ) ) ;
#821 = DIRECTION ( 'NONE',  ( -0.000000000000000000, -1.000000000000000000, 0.000000000000000000 ) ) ;
#822 = ORIENTED_EDGE ( 'NONE', *, *, #1089, .T. ) ;
#823 = DIRECTION ( 'NONE',  ( 0.000000000000000000, -1.000000000000000000, 0.000000000000000000 ) ) ;
#824 = CIRCLE ( 'NONE', #1016, 2.749999999999999112 ) ;
#825 = LINE ( 'NONE', #967, #1082 ) ;
#826 = CARTESIAN_POINT ( 'NONE',  ( 0.000000000000000000, 7.299999999999999822, -12.00000000000000178 ) ) ;
#827 = AXIS2_PLACEMENT_3D ( 'NONE', #607, #821, #174 ) ;
#828 = ORIENTED_EDGE ( 'NONE', *, *, #187, .F. ) ;
#829 = AXIS2_PLACEMENT_3D ( 'NONE', #46, #933, #717 ) ;
#830 = VECTOR ( 'NONE', #155, 1000.000000000000000 ) ;
#831 = DIRECTION ( 'NONE',  ( -0.000000000000000000, -1.000000000000000000, -0.000000000000000000 ) ) ;
#832 = CC_DESIGN_SECURITY_CLASSIFICATION ( #1214, ( #382 ) ) ;
#833 = AXIS2_PLACEMENT_3D ( 'NONE', #392, #376, #803 ) ;
#834 = CARTESIAN_POINT ( 'NONE',  ( 5.786572672381908866, 3.799999999999999378, 24.73207586732749164 ) ) ;
#835 = EDGE_CURVE ( 'NONE', #1286, #343, #357, .T. ) ;
#836 = CARTESIAN_POINT ( 'NONE',  ( 0.000000000000000000, 0.000000000000000000, 0.000000000000000000 ) ) ;
#837 = ORIENTED_EDGE ( 'NONE', *, *, #113, .F. ) ;
#838 = CYLINDRICAL_SURFACE ( 'NONE', #1142, 1.000000000000000888 ) ;
#839 = VERTEX_POINT ( 'NONE', #1366 ) ;
#840 = CC_DESIGN_PERSON_AND_ORGANIZATION_ASSIGNMENT ( #961, #89, ( #1220 ) ) ;
#841 = CYLINDRICAL_SURFACE ( 'NONE', #9, 4.999999999999997335 ) ;
#842 = CARTESIAN_POINT ( 'NONE',  ( -6.904304323109036190, 6.702026856750697092, 12.44478370977799386 ) ) ;
#843 = DATE_TIME_ROLE ( 'classification_date' ) ;
#844 = VERTEX_POINT ( 'NONE', #402 ) ;
#845 = VERTEX_POINT ( 'NONE', #809 ) ;
#846 = CARTESIAN_POINT ( 'NONE',  ( -5.780819249529832504, 6.496152422706641616, -13.84234017334308930 ) ) ;
#847 = CARTESIAN_POINT ( 'NONE',  ( -4.878385823366581775, 7.272434824826228272, -11.07669683062201393 ) ) ;
#848 = DIRECTION ( 'NONE',  ( 0.000000000000000000, 0.000000000000000000, -1.000000000000000000 ) ) ;
#849 = APPROVAL_STATUS ( 'not_yet_approved' ) ;
#850 = ORIENTED_EDGE ( 'NONE', *, *, #309, .T. ) ;
#851 = CARTESIAN_POINT ( 'NONE',  ( -5.949834338206770212, 6.483883078813565071, -13.82011345630387567 ) ) ;
#852 = CIRCLE ( 'NONE', #429, 25.39999999999999858 ) ;
#853 = EDGE_CURVE ( 'NONE', #839, #788, #186, .T. ) ;
#854 = VECTOR ( 'NONE', #156, 1000.000000000000000 ) ;
#855 = AXIS2_PLACEMENT_3D ( 'NONE', #723, #729, #1050 ) ;
#856 = DIRECTION ( 'NONE',  ( 0.000000000000000000, 0.000000000000000000, -1.000000000000000000 ) ) ;
#857 = ORIENTED_EDGE ( 'NONE', *, *, #3, .T. ) ;
#858 = CARTESIAN_POINT ( 'NONE',  ( -5.427350427350420503, 0.000000000000000000, 24.81338081235080750 ) ) ;
#859 = APPROVAL_STATUS ( 'not_yet_approved' ) ;
#860 = ORIENTED_EDGE ( 'NONE', *, *, #18, .T. ) ;
#861 = CARTESIAN_POINT ( 'NONE',  ( -6.701786212703288115, 6.331869456220581505, -14.10184325095652369 ) ) ;
#862 = VERTEX_POINT ( 'NONE', #273 ) ;
#863 = DIRECTION ( 'NONE',  ( 0.000000000000000000, 0.000000000000000000, -1.000000000000000000 ) ) ;
#864 = MECHANICAL_CONTEXT ( 'NONE', #553, 'mechanical' ) ;
#865 = ORIENTED_EDGE ( 'NONE', *, *, #212, .T. ) ;
#866 = DIRECTION ( 'NONE',  ( -0.000000000000000000, 1.000000000000000000, -0.000000000000000000 ) ) ;
#867 = EDGE_LOOP ( 'NONE', ( #1201, #865, #1375, #394 ) ) ;
#868 = DIRECTION ( 'NONE',  ( 0.000000000000000000, 0.000000000000000000, -1.000000000000000000 ) ) ;
#869 = EDGE_CURVE ( 'NONE', #596, #119, #1141, .T. ) ;
#870 = ORIENTED_EDGE ( 'NONE', *, *, #1266, .F. ) ;
#871 = DIRECTION ( 'NONE',  ( 0.000000000000000000, 0.000000000000000000, -1.000000000000000000 ) ) ;
#872 = VERTEX_POINT ( 'NONE', #727 ) ;
#873 = AXIS2_PLACEMENT_3D ( 'NONE', #1067, #1156, #188 ) ;
#874 = AXIS2_PLACEMENT_3D ( 'NONE', #308, #202, #92 ) ;
#875 = CC_DESIGN_APPROVAL ( #884, ( #1220 ) ) ;
#876 = VECTOR ( 'NONE', #277, 1000.000000000000000 ) ;
#877 = ORIENTED_EDGE ( 'NONE', *, *, #775, .T. ) ;
#878 = DIRECTION ( 'NONE',  ( 0.000000000000000000, 1.000000000000000000, -0.000000000000000000 ) ) ;
#879 = ADVANCED_FACE ( 'NONE', ( #411 ), #1154, .F. ) ;
#880 = EDGE_LOOP ( 'NONE', ( #317, #1199, #448, #646 ) ) ;
#881 = CARTESIAN_POINT ( 'NONE',  ( 0.000000000000000000, 3.799999999999999378, 0.000000000000000000 ) ) ;
#882 = ORIENTED_EDGE ( 'NONE', *, *, #160, .F. ) ;
#883 = DIRECTION ( 'NONE',  ( 0.000000000000000000, 1.000000000000000000, 0.000000000000000000 ) ) ;
#884 = APPROVAL ( #1373, 'UNSPECIFIED' ) ;
#885 = ORIENTED_EDGE ( 'NONE', *, *, #1294, .F. ) ;
#886 = UNCERTAINTY_MEASURE_WITH_UNIT (LENGTH_MEASURE( 1.000000000000000082E-05 ), #1394, 'distance_accuracy_value', 'NONE');
#887 = DIRECTION ( 'NONE',  ( -0.000000000000000000, 1.000000000000000000, -0.000000000000000000 ) ) ;
#888 = ORIENTED_EDGE ( 'NONE', *, *, #325, .T. ) ;
#889 = CYLINDRICAL_SURFACE ( 'NONE', #1283, 2.000000000000001776 ) ;
#890 = VERTEX_POINT ( 'NONE', #1377 ) ;
#891 = FACE_BOUND ( 'NONE', #215, .T. ) ;
#892 = ORIENTED_EDGE ( 'NONE', *, *, #204, .F. ) ;
#893 = DIRECTION ( 'NONE',  ( -0.000000000000000000, 1.000000000000000000, -0.000000000000000000 ) ) ;
#894 = ORIENTED_EDGE ( 'NONE', *, *, #338, .F. ) ;
#895 = CARTESIAN_POINT ( 'NONE',  ( -6.194039507029385661, 3.799999999999999378, -24.46402437013463427 ) ) ;
#896 = ORIENTED_EDGE ( 'NONE', *, *, #928, .T. ) ;
#897 = PLANE ( 'NONE',  #556 ) ;
#898 = AXIS2_PLACEMENT_3D ( 'NONE', #1137, #931, #144 ) ;
#899 = ADVANCED_FACE ( 'NONE', ( #158 ), #838, .T. ) ;
#900 = DIRECTION ( 'NONE',  ( -0.000000000000000000, -1.000000000000000000, -0.000000000000000000 ) ) ;
#901 = AXIS2_PLACEMENT_3D ( 'NONE', #776, #878, #1309 ) ;
#902 = ORIENTED_EDGE ( 'NONE', *, *, #265, .F. ) ;
#903 = DIRECTION ( 'NONE',  ( 0.000000000000000000, 0.000000000000000000, -1.000000000000000000 ) ) ;
#904 = DIRECTION ( 'NONE',  ( 0.000000000000000000, -1.000000000000000000, -0.000000000000000000 ) ) ;
#905 = CARTESIAN_POINT ( 'NONE',  ( 1.836970198721029589E-15, 6.496152422706640728, 15.00000000000000000 ) ) ;
#906 = LINE ( 'NONE', #594, #876 ) ;
#907 = DIRECTION ( 'NONE',  ( 0.000000000000000000, 0.000000000000000000, -1.000000000000000000 ) ) ;
#908 = PRODUCT_RELATED_PRODUCT_CATEGORY ( 'detail', '', ( #15 ) ) ;
#909 = ORIENTED_EDGE ( 'NONE', *, *, #160, .T. ) ;
#910 = B_SPLINE_CURVE_WITH_KNOTS ( 'NONE', 3,
 ( #295, #522, #1152, #955, #184, #1380, #1171, #641, #300, #618, #77, #515, #1064, #946, #842, #1272, #1069, #304 ),
 .UNSPECIFIED., .F., .F.,
 ( 4, 2, 2, 2, 2, 2, 2, 2, 4 ),
 ( 2.110204388412739904E-07, 0.0004923288535170460955, 0.0009844466865952510720, 0.001476564519673456049, 0.001968682352751660591, 0.002460800185829865351, 0.002952918018908070544, 0.003445035851986275304, 0.003937153685064480498 ),
 .UNSPECIFIED. ) ;
#911 = CARTESIAN_POINT ( 'NONE',  ( 3.367778697655218546E-16, 3.799999999999999378, 18.75000000000000000 ) ) ;
#912 = ORIENTED_EDGE ( 'NONE', *, *, #468, .F. ) ;
#913 = VERTEX_POINT ( 'NONE', #919 ) ;
#914 = CARTESIAN_POINT ( 'NONE',  ( 0.000000000000000000, 6.496152422706640728, -15.00000000000000000 ) ) ;
#915 = ADVANCED_FACE ( 'NONE', ( #1342 ), #1150, .F. ) ;
#916 = DIRECTION ( 'NONE',  ( 0.000000000000000000, -1.000000000000000000, 0.000000000000000000 ) ) ;
#917 = LINE ( 'NONE', #1023, #949 ) ;
#918 = EDGE_LOOP ( 'NONE', ( #428, #254, #1086, #998 ) ) ;
#919 = CARTESIAN_POINT ( 'NONE',  ( -6.999999999999995559, 9.199999999999999289, 22.85957129956727840 ) ) ;
#920 = VECTOR ( 'NONE', #1391, 1000.000000000000000 ) ;
#921 = LINE ( 'NONE', #610, #969 ) ;
#922 = AXIS2_PLACEMENT_3D ( 'NONE', #476, #687, #259 ) ;
#923 = CARTESIAN_POINT ( 'NONE',  ( 0.000000000000000000, 0.000000000000000000, 0.000000000000000000 ) ) ;
#924 = DIRECTION ( 'NONE',  ( -0.000000000000000000, 1.000000000000000000, -0.000000000000000000 ) ) ;
#925 = CONICAL_SURFACE ( 'NONE', #782, 15.00000000000000000, 1.308996938995749648 ) ;
#926 = AXIS2_PLACEMENT_3D ( 'NONE', #611, #261, #1138 ) ;
#927 = VERTEX_POINT ( 'NONE', #396 ) ;
#928 = EDGE_CURVE ( 'NONE', #1055, #927, #711, .T. ) ;
#929 = CARTESIAN_POINT ( 'NONE',  ( 2.749999999999998668, 3.799999999999999378, 21.50000000000000000 ) ) ;
#930 = CC_DESIGN_DATE_AND_TIME_ASSIGNMENT ( #415, #843, ( #1214 ) ) ;
#931 = DIRECTION ( 'NONE',  ( -0.000000000000000000, -1.000000000000000000, -0.000000000000000000 ) ) ;
#932 = CARTESIAN_POINT ( 'NONE',  ( -6.999999999999996447, 6.152608764266346952, 14.70070299829880511 ) ) ;
#933 = DIRECTION ( 'NONE',  ( 0.000000000000000000, 1.000000000000000000, 0.000000000000000000 ) ) ;
#934 = CARTESIAN_POINT ( 'NONE',  ( -4.664183127928914985, 9.199999999999999289, 23.30149819570912584 ) ) ;
#935 = ORIENTED_EDGE ( 'NONE', *, *, #1128, .F. ) ;
#936 = EDGE_CURVE ( 'NONE', #1260, #913, #1136, .T. ) ;
#937 = ORIENTED_EDGE ( 'NONE', *, *, #338, .T. ) ;
#938 = CYLINDRICAL_SURFACE ( 'NONE', #873, 2.749999999999999112 ) ;
#939 = CARTESIAN_POINT ( 'NONE',  ( -6.999999999999997335, 6.120696798143615780, -14.83239697419132774 ) ) ;
#940 = CARTESIAN_POINT ( 'NONE',  ( -4.285714285714268712, -0.8000000000000003775, -11.20859728339030781 ) ) ;
#941 = EDGE_LOOP ( 'NONE', ( #1140, #948 ) ) ;
#942 = DIRECTION ( 'NONE',  ( 0.000000000000000000, -1.000000000000000000, 0.000000000000000000 ) ) ;
#943 = EDGE_CURVE ( 'NONE', #287, #748, #290, .T. ) ;
#944 = CARTESIAN_POINT ( 'NONE',  ( -5.999999999999997335, -1.925929944387235853E-31, 13.83239697419132774 ) ) ;
#945 = CIRCLE ( 'NONE', #1253, 2.749999999999995559 ) ;
#946 = CARTESIAN_POINT ( 'NONE',  ( -6.847574266275668009, 6.744553232780045704, 12.29466656346296816 ) ) ;
#947 = CIRCLE ( 'NONE', #195, 12.00000000000000000 ) ;
#948 = ORIENTED_EDGE ( 'NONE', *, *, #427, .T. ) ;
#949 = VECTOR ( 'NONE', #1364, 1000.000000000000000 ) ;
#950 = ORIENTED_EDGE ( 'NONE', *, *, #1207, .F. ) ;
#951 = AXIS2_PLACEMENT_3D ( 'NONE', #1092, #550, #868 ) ;
#952 = CARTESIAN_POINT ( 'NONE',  ( 1.469576158976823947E-15, 0.000000000000000000, 12.00000000000000000 ) ) ;
#953 = EDGE_LOOP ( 'NONE', ( #766, #319, #877, #981, #1203, #109 ) ) ;
#954 = DIRECTION ( 'NONE',  ( 0.000000000000000000, 0.000000000000000000, 1.000000000000000000 ) ) ;
#955 = CARTESIAN_POINT ( 'NONE',  ( -4.926610567716804390, 7.268661854448549953, 11.07131054394221259 ) ) ;
#956 = CALENDAR_DATE ( 2026, 8, 7 ) ;
#957 = EDGE_LOOP ( 'NONE', ( #30, #850 ) ) ;
#958 = DIRECTION ( 'NONE',  ( -0.000000000000000000, -1.000000000000000000, -0.000000000000000000 ) ) ;
#959 = CARTESIAN_POINT ( 'NONE',  ( 0.000000000000000000, 0.000000000000000000, 0.000000000000000000 ) ) ;
#960 = FACE_OUTER_BOUND ( 'NONE', #345, .T. ) ;
#961 = PERSON_AND_ORGANIZATION ( #1122, #1123 ) ;
#962 = EDGE_CURVE ( 'NONE', #24, #1113, #69, .T. ) ;
#963 = ORIENTED_EDGE ( 'NONE', *, *, #1091, .F. ) ;
#964 = CARTESIAN_POINT ( 'NONE',  ( 0.000000000000000000, 7.299999999999999822, 0.000000000000000000 ) ) ;
#965 = ORIENTED_EDGE ( 'NONE', *, *, #672, .F. ) ;
#966 = CARTESIAN_POINT ( 'NONE',  ( -6.999999999999995559, -0.8000000000000003775, -22.85957129956727840 ) ) ;
#967 = CARTESIAN_POINT ( 'NONE',  ( 3.110602869834276865E-15, 0.000000000000000000, 25.39999999999999858 ) ) ;
#968 = DATE_TIME_ROLE ( 'creation_date' ) ;
#969 = VECTOR ( 'NONE', #1124, 1000.000000000000000 ) ;
#970 = ORIENTED_EDGE ( 'NONE', *, *, #1384, .T. ) ;
#971 = CARTESIAN_POINT ( 'NONE',  ( 0.000000000000000000, 3.799999999999999378, 21.50000000000000000 ) ) ;
#972 = EDGE_CURVE ( 'NONE', #354, #772, #606, .T. ) ;
#973 = VECTOR ( 'NONE', #798, 1000.000000000000000 ) ;
#974 = CLOSED_SHELL ( 'NONE', ( #1334, #342, #1063, #915, #575, #980, #384, #879, #1032, #1180, #1216, #416, #83, #217, #124, #691, #27, #283, #483, #8, #1120, #680, #1107, #1169, #1026, #129, #1079, #747, #636, #632, #816, #1362, #1353, #733, #705, #757, #1379, #65, #899 ) ) ;
#975 = ORIENTED_EDGE ( 'NONE', *, *, #1384, .F. ) ;
#976 = DIRECTION ( 'NONE',  ( 0.000000000000000000, -1.000000000000000000, 0.000000000000000000 ) ) ;
#977 = DIRECTION ( 'NONE',  ( 1.000000000000000000, 0.000000000000000000, 0.000000000000000000 ) ) ;
#978 = ORIENTED_EDGE ( 'NONE', *, *, #294, .F. ) ;
#979 = CYLINDRICAL_SURFACE ( 'NONE', #148, 12.00000000000000000 ) ;
#980 = ADVANCED_FACE ( 'NONE', ( #752 ), #531, .F. ) ;
#981 = ORIENTED_EDGE ( 'NONE', *, *, #936, .T. ) ;
#982 = DIRECTION ( 'NONE',  ( -0.000000000000000000, 1.000000000000000000, -0.000000000000000000 ) ) ;
#983 = EDGE_LOOP ( 'NONE', ( #510, #244, #605, #1073 ) ) ;
#984 = DIRECTION ( 'NONE',  ( -0.000000000000000000, 1.000000000000000000, -0.000000000000000000 ) ) ;
#985 = ORIENTED_EDGE ( 'NONE', *, *, #424, .T. ) ;
#986 = EDGE_CURVE ( 'NONE', #845, #1297, #1282, .T. ) ;
#987 = CARTESIAN_POINT ( 'NONE',  ( -6.999999999999997335, 6.262417466509591080, 14.24754556730898436 ) ) ;
#988 = EDGE_LOOP ( 'NONE', ( #1040, #1053, #272, #1343 ) ) ;
#989 = DIRECTION ( 'NONE',  ( -0.000000000000000000, 1.000000000000000000, -0.000000000000000000 ) ) ;
#990 = EDGE_CURVE ( 'NONE', #839, #1322, #449, .T. ) ;
#991 = ORIENTED_EDGE ( 'NONE', *, *, #435, .F. ) ;
#992 = VECTOR ( 'NONE', #1347, 1000.000000000000000 ) ;
#993 = CARTESIAN_POINT ( 'NONE',  ( -7.000000000000001776, 9.199999999999999289, 1.861885947282352396E-15 ) ) ;
#994 = VECTOR ( 'NONE', #141, 1000.000000000000000 ) ;
#995 = AXIS2_PLACEMENT_3D ( 'NONE', #1357, #163, #813 ) ;
#996 = CIRCLE ( 'NONE', #855, 1.000000000000000888 ) ;
#997 = CARTESIAN_POINT ( 'NONE',  ( 2.993073192355007521E-15, 3.799999999999999378, -24.24999999999999645 ) ) ;
#998 = ORIENTED_EDGE ( 'NONE', *, *, #50, .T. ) ;
#999 = DIRECTION ( 'NONE',  ( -2.659837067546217075E-16, 0.000000000000000000, 1.000000000000000000 ) ) ;
#1000 = LINE ( 'NONE', #993, #1193 ) ;
#1001 = EDGE_LOOP ( 'NONE', ( #1205, #73, #909, #1158 ) ) ;
#1002 = LINE ( 'NONE', #571, #151 ) ;
#1003 = ORIENTED_EDGE ( 'NONE', *, *, #22, .F. ) ;
#1004 = DIRECTION ( 'NONE',  ( 0.000000000000000000, 0.000000000000000000, -1.000000000000000000 ) ) ;
#1005 = EDGE_CURVE ( 'NONE', #1209, #211, #1392, .T. ) ;
#1006 = DIRECTION ( 'NONE',  ( -0.000000000000000000, 1.000000000000000000, -0.000000000000000000 ) ) ;
#1007 = DIRECTION ( 'NONE',  ( -0.000000000000000000, 1.000000000000000000, -0.000000000000000000 ) ) ;
#1008 = VERTEX_POINT ( 'NONE', #111 ) ;
#1009 = CARTESIAN_POINT ( 'NONE',  ( 0.000000000000000000, 3.799999999999999378, 0.000000000000000000 ) ) ;
#1010 = CARTESIAN_POINT ( 'NONE',  ( -5.597019753514693718, 9.199999999999999289, -23.66179783485095811 ) ) ;
#1011 = AXIS2_PLACEMENT_3D ( 'NONE', #1097, #344, #863 ) ;
#1012 = AXIS2_PLACEMENT_3D ( 'NONE', #504, #288, #182 ) ;
#1013 = AXIS2_PLACEMENT_3D ( 'NONE', #305, #730, #977 ) ;
#1014 = AXIS2_PLACEMENT_3D ( 'NONE', #485, #916, #1339 ) ;
#1015 = DIRECTION ( 'NONE',  ( 0.000000000000000000, 0.000000000000000000, 1.000000000000000000 ) ) ;
#1016 = AXIS2_PLACEMENT_3D ( 'NONE', #1271, #1287, #617 ) ;
#1017 = CARTESIAN_POINT ( 'NONE',  ( -6.508643649867136283, 6.387953961868048758, 13.96146679877401908 ) ) ;
#1018 = CARTESIAN_POINT ( 'NONE',  ( -6.999999999999998224, -0.8000000000000003775, -13.07669683062202104 ) ) ;
#1019 = CARTESIAN_POINT ( 'NONE',  ( 0.000000000000000000, 0.000000000000000000, -12.00000000000000000 ) ) ;
#1020 = EDGE_CURVE ( 'NONE', #561, #844, #1304, .T. ) ;
#1021 = DIRECTION ( 'NONE',  ( 0.000000000000000000, 0.000000000000000000, -1.000000000000000000 ) ) ;
#1022 = DIRECTION ( 'NONE',  ( 0.000000000000000000, 1.000000000000000000, 0.000000000000000000 ) ) ;
#1023 = CARTESIAN_POINT ( 'NONE',  ( -6.999999999999997335, 0.000000000000000000, 14.83239697419132774 ) ) ;
#1024 = DIRECTION ( 'NONE',  ( 2.659837067546217075E-16, -0.000000000000000000, 1.000000000000000000 ) ) ;
#1025 = CARTESIAN_POINT ( 'NONE',  ( 1.836970198721029589E-15, 0.000000000000000000, 15.00000000000000000 ) ) ;
#1026 = ADVANCED_FACE ( 'NONE', ( #1168 ), #216, .T. ) ;
#1027 = CARTESIAN_POINT ( 'NONE',  ( -6.801975988436314680, 6.291423577008568024, 14.22112857222776228 ) ) ;
#1028 = CYLINDRICAL_SURFACE ( 'NONE', #541, 1.000000000000000888 ) ;
#1029 = ORIENTED_EDGE ( 'NONE', *, *, #600, .T. ) ;
#1030 = ORIENTED_EDGE ( 'NONE', *, *, #169, .T. ) ;
#1031 = CARTESIAN_POINT ( 'NONE',  ( -6.194039507029394542, 3.799999999999999378, 24.46402437013462716 ) ) ;
#1032 = ADVANCED_FACE ( 'NONE', ( #644 ), #979, .F. ) ;
#1033 = AXIS2_PLACEMENT_3D ( 'NONE', #1295, #1112, #329 ) ;
#1034 = CARTESIAN_POINT ( 'NONE',  ( -5.427350427350434714, 0.000000000000000000, -24.81338081235080395 ) ) ;
#1035 = VECTOR ( 'NONE', #374, 1000.000000000000000 ) ;
#1036 = DIRECTION ( 'NONE',  ( 0.000000000000000000, 0.000000000000000000, 1.000000000000000000 ) ) ;
#1037 = CARTESIAN_POINT ( 'NONE',  ( -4.664183127928909656, 9.199999999999999289, -23.30149819570912939 ) ) ;
#1038 = CIRCLE ( 'NONE', #222, 2.000000000000001776 ) ;
#1039 = AXIS2_PLACEMENT_3D ( 'NONE', #443, #1195, #23 ) ;
#1040 = ORIENTED_EDGE ( 'NONE', *, *, #397, .F. ) ;
#1041 = ORIENTED_EDGE ( 'NONE', *, *, #117, .F. ) ;
#1042 = DIRECTION ( 'NONE',  ( -0.000000000000000000, 1.000000000000000000, -0.000000000000000000 ) ) ;
#1043 = DIRECTION ( 'NONE',  ( -0.000000000000000000, 1.000000000000000000, -0.000000000000000000 ) ) ;
#1044 = CARTESIAN_POINT ( 'NONE',  ( -6.999999999999997335, 6.120696798143615780, 14.83239697419132774 ) ) ;
#1045 = CARTESIAN_POINT ( 'NONE',  ( 0.000000000000000000, 9.199999999999999289, 0.000000000000000000 ) ) ;
#1046 = VERTEX_POINT ( 'NONE', #1389 ) ;
#1047 = CARTESIAN_POINT ( 'NONE',  ( -6.999999999999996447, 6.140471284285648146, -14.75079182672844880 ) ) ;
#1048 = EDGE_CURVE ( 'NONE', #748, #597, #193, .T. ) ;
#1049 = CYLINDRICAL_SURFACE ( 'NONE', #1374, 1.999999999999998224 ) ;
#1050 = DIRECTION ( 'NONE',  ( 0.000000000000000000, 0.000000000000000000, -1.000000000000000000 ) ) ;
#1051 = CYLINDRICAL_SURFACE ( 'NONE', #829, 1.000000000000000888 ) ;
#1052 = ORIENTED_EDGE ( 'NONE', *, *, #714, .F. ) ;
#1053 = ORIENTED_EDGE ( 'NONE', *, *, #1234, .F. ) ;
#1054 = DIRECTION ( 'NONE',  ( 0.000000000000000000, -1.000000000000000000, 0.000000000000000000 ) ) ;
#1055 = VERTEX_POINT ( 'NONE', #1071 ) ;
#1056 = LINE ( 'NONE', #93, #1344 ) ;
#1057 = CIRCLE ( 'NONE', #1033, 1.000000000000000888 ) ;
#1058 = DIRECTION ( 'NONE',  ( -0.000000000000000000, -1.000000000000000000, -0.000000000000000000 ) ) ;
#1059 = LOCAL_TIME ( 11, 59, 13.00000000000000000, #642 ) ;
#1060 = EDGE_LOOP ( 'NONE', ( #1390, #1267, #1314, #13 ) ) ;
#1061 = FACE_OUTER_BOUND ( 'NONE', #867, .T. ) ;
#1062 = FACE_OUTER_BOUND ( 'NONE', #440, .T. ) ;
#1063 = ADVANCED_FACE ( 'NONE', ( #1061 ), #1275, .T. ) ;
#1064 = CARTESIAN_POINT ( 'NONE',  ( -6.701400814705107400, 6.829423118477726540, 12.01352361995608042 ) ) ;
#1065 = ORIENTED_EDGE ( 'NONE', *, *, #371, .T. ) ;
#1066 = DIRECTION ( 'NONE',  ( 0.000000000000000000, 0.000000000000000000, 1.000000000000000000 ) ) ;
#1067 = CARTESIAN_POINT ( 'NONE',  ( 2.656295322589485863E-15, 9.199999999999999289, -21.50000000000000000 ) ) ;
#1068 = EDGE_CURVE ( 'NONE', #788, #1046, #947, .T. ) ;
#1069 = CARTESIAN_POINT ( 'NONE',  ( -6.999999999999996447, 6.579294743067580775, 12.91485090723837104 ) ) ;
#1070 = EDGE_LOOP ( 'NONE', ( #1350, #828, #637, #1306, #1351, #72, #368, #731 ) ) ;
#1071 = CARTESIAN_POINT ( 'NONE',  ( 2.656295322589485863E-15, 0.000000000000000000, -18.75000000000000355 ) ) ;
#1072 = CARTESIAN_POINT ( 'NONE',  ( 4.632295708862169903, 3.799999999999999378, -23.38197674418605132 ) ) ;
#1073 = ORIENTED_EDGE ( 'NONE', *, *, #367, .F. ) ;
#1074 = CYLINDRICAL_SURFACE ( 'NONE', #1236, 1.999999999999998224 ) ;
#1075 = PERSON_AND_ORGANIZATION ( #1122, #1123 ) ;
#1076 = ORIENTED_EDGE ( 'NONE', *, *, #1370, .F. ) ;
#1077 = DIRECTION ( 'NONE',  ( 0.000000000000000000, 0.000000000000000000, 1.000000000000000000 ) ) ;
#1078 = AXIS2_PLACEMENT_3D ( 'NONE', #971, #1398, #434 ) ;
#1079 = ADVANCED_FACE ( 'NONE', ( #739 ), #439, .T. ) ;
#1080 = CIRCLE ( 'NONE', #1191, 15.00000000000000000 ) ;
#1081 = LOCAL_TIME ( 11, 59, 13.00000000000000000, #316 ) ;
#1082 = VECTOR ( 'NONE', #625, 1000.000000000000000 ) ;
#1083 = ORIENTED_EDGE ( 'NONE', *, *, #735, .F. ) ;
#1084 = CARTESIAN_POINT ( 'NONE',  ( 2.993073192355007521E-15, 9.199999999999999289, -24.24999999999999645 ) ) ;
#1085 = B_SPLINE_CURVE_WITH_KNOTS ( 'NONE', 3,
 ( #701, #812, #372, #1017, #1224, #1027, #1238, #1125, #932, #1044 ),
 .UNSPECIFIED., .F., .F.,
 ( 4, 2, 2, 2, 4 ),
 ( 0.0003829939670658364650, 0.0007839870400727888241, 0.001184980113079741292, 0.001585973186086693434, 0.001986966259093646010 ),
 .UNSPECIFIED. ) ;
#1086 = ORIENTED_EDGE ( 'NONE', *, *, #320, .T. ) ;
#1087 = DIRECTION ( 'NONE',  ( 0.000000000000000000, 0.000000000000000000, -1.000000000000000000 ) ) ;
#1088 = ORIENTED_EDGE ( 'NONE', *, *, #585, .T. ) ;
#1089 = EDGE_CURVE ( 'NONE', #343, #1188, #97, .T. ) ;
#1090 = VERTEX_POINT ( 'NONE', #537 ) ;
#1091 = EDGE_CURVE ( 'NONE', #234, #119, #263, .T. ) ;
#1092 = CARTESIAN_POINT ( 'NONE',  ( -5.597019753514696383, 9.199999999999999289, 23.66179783485095456 ) ) ;
#1093 = EDGE_LOOP ( 'NONE', ( #1166, #1365, #238, #192 ) ) ;
#1094 = FACE_OUTER_BOUND ( 'NONE', #576, .T. ) ;
#1095 = ORIENTED_EDGE ( 'NONE', *, *, #1207, .T. ) ;
#1096 = ORIENTED_EDGE ( 'NONE', *, *, #616, .T. ) ;
#1097 = CARTESIAN_POINT ( 'NONE',  ( 5.558754850634592515, 9.199999999999999289, -23.75837209302325448 ) ) ;
#1098 = ORIENTED_EDGE ( 'NONE', *, *, #774, .F. ) ;
#1099 = CARTESIAN_POINT ( 'NONE',  ( 0.000000000000000000, 6.496152422706640728, 0.000000000000000000 ) ) ;
#1100 = VERTEX_POINT ( 'NONE', #651 ) ;
#1101 = CIRCLE ( 'NONE', #240, 1.000000000000000888 ) ;
#1102 = CARTESIAN_POINT ( 'NONE',  ( -6.987073350495959012, 6.604432369002099179, -12.81493110903712385 ) ) ;
#1103 = AXIS2_PLACEMENT_3D ( 'NONE', #929, #517, #80 ) ;
#1104 = VECTOR ( 'NONE', #285, 1000.000000000000000 ) ;
#1105 = AXIS2_PLACEMENT_3D ( 'NONE', #88, #976, #1402 ) ;
#1106 = PLANE ( 'NONE',  #1039 ) ;
#1107 = ADVANCED_FACE ( 'NONE', ( #1094 ), #1317, .T. ) ;
#1108 = VERTEX_POINT ( 'NONE', #1225 ) ;
#1109 = DIRECTION ( 'NONE',  ( 0.000000000000000000, 0.000000000000000000, -1.000000000000000000 ) ) ;
#1110 = VERTEX_POINT ( 'NONE', #895 ) ;
#1111 = LINE ( 'NONE', #122, #425 ) ;
#1112 = DIRECTION ( 'NONE',  ( 0.000000000000000000, 1.000000000000000000, 0.000000000000000000 ) ) ;
#1113 = VERTEX_POINT ( 'NONE', #668 ) ;
#1114 = CARTESIAN_POINT ( 'NONE',  ( 0.000000000000000000, 6.496152422706640728, 0.000000000000000000 ) ) ;
#1115 = CARTESIAN_POINT ( 'NONE',  ( -12.00000000000000000, 9.199999999999999289, 0.000000000000000000 ) ) ;
#1116 = DIRECTION ( 'NONE',  ( -0.000000000000000000, 1.000000000000000000, -0.000000000000000000 ) ) ;
#1117 = CARTESIAN_POINT ( 'NONE',  ( 4.632295708862169903, 9.199999999999999289, -23.38197674418605132 ) ) ;
#1118 = CARTESIAN_POINT ( 'NONE',  ( 5.558754850634592515, 9.199999999999999289, -24.75837209302325803 ) ) ;
#1119 = LINE ( 'NONE', #461, #1035 ) ;
#1120 = ADVANCED_FACE ( 'NONE', ( #11 ), #1311, .F. ) ;
#1121 = CIRCLE ( 'NONE', #82, 15.00000000000000000 ) ;
#1122 = PERSON ( 'UNSPECIFIED', 'UNSPECIFIED', 'UNSPECIFIED', ('UNSPECIFIED'), ('UNSPECIFIED'), ('UNSPECIFIED') ) ;
#1123 = ORGANIZATION ( 'UNSPECIFIED', 'UNSPECIFIED', '' ) ;
#1124 = DIRECTION ( 'NONE',  ( -0.000000000000000000, -1.000000000000000000, -0.000000000000000000 ) ) ;
#1125 = CARTESIAN_POINT ( 'NONE',  ( -6.973883953335698216, 6.186951193100251878, 14.57104139580890667 ) ) ;
#1126 = DIRECTION ( 'NONE',  ( 0.000000000000000000, 0.000000000000000000, 1.000000000000000000 ) ) ;
#1127 = CARTESIAN_POINT ( 'NONE',  ( 5.558754850634592515, 3.799999999999999378, -23.75837209302325448 ) ) ;
#1128 = EDGE_CURVE ( 'NONE', #1108, #358, #1254, .T. ) ;
#1129 = CYLINDRICAL_SURFACE ( 'NONE', #289, 15.00000000000000000 ) ;
#1130 = EDGE_CURVE ( 'NONE', #661, #1090, #453, .T. ) ;
#1131 = ORIENTED_EDGE ( 'NONE', *, *, #22, .T. ) ;
#1132 = LINE ( 'NONE', #1117, #785 ) ;
#1133 = FACE_OUTER_BOUND ( 'NONE', #326, .T. ) ;
#1134 = ORIENTED_EDGE ( 'NONE', *, *, #187, .T. ) ;
#1135 = ORIENTED_EDGE ( 'NONE', *, *, #36, .F. ) ;
#1136 = LINE ( 'NONE', #598, #495 ) ;
#1137 = CARTESIAN_POINT ( 'NONE',  ( 0.000000000000000000, 6.496152422706640728, 0.000000000000000000 ) ) ;
#1138 = DIRECTION ( 'NONE',  ( -1.040834085586083310E-14, 0.000000000000000000, -1.000000000000000000 ) ) ;
#1139 = DIRECTION ( 'NONE',  ( 0.000000000000000000, 0.000000000000000000, -1.000000000000000000 ) ) ;
#1140 = ORIENTED_EDGE ( 'NONE', *, *, #1005, .T. ) ;
#1141 = LINE ( 'NONE', #934, #176 ) ;
#1142 = AXIS2_PLACEMENT_3D ( 'NONE', #704, #48, #488 ) ;
#1143 = DIRECTION ( 'NONE',  ( -0.000000000000000000, 1.000000000000000000, -0.000000000000000000 ) ) ;
#1144 = AXIS2_PLACEMENT_3D ( 'NONE', #690, #459, #25 ) ;
#1145 = EDGE_CURVE ( 'NONE', #568, #29, #1323, .T. ) ;
#1146 = ORIENTED_EDGE ( 'NONE', *, *, #570, .F. ) ;
#1147 = CARTESIAN_POINT ( 'NONE',  ( -6.999999999999995559, 0.000000000000000000, 22.85957129956727840 ) ) ;
#1148 = CIRCLE ( 'NONE', #560, 15.00000000000000000 ) ;
#1149 = VERTEX_POINT ( 'NONE', #1219 ) ;
#1150 = CYLINDRICAL_SURFACE ( 'NONE', #603, 2.749999999999999112 ) ;
#1151 = CARTESIAN_POINT ( 'NONE',  ( -5.999999999999997335, -1.925929944387235853E-31, -14.83239697419132774 ) ) ;
#1152 = CARTESIAN_POINT ( 'NONE',  ( -4.600522275434071773, 7.293586350335929502, 11.11013187742319452 ) ) ;
#1153 = ORIENTED_EDGE ( 'NONE', *, *, #117, .T. ) ;
#1154 = CYLINDRICAL_SURFACE ( 'NONE', #1190, 12.00000000000000000 ) ;
#1155 = CC_DESIGN_DATE_AND_TIME_ASSIGNMENT ( #1403, #968, ( #1220 ) ) ;
#1156 = DIRECTION ( 'NONE',  ( -0.000000000000000000, 1.000000000000000000, -0.000000000000000000 ) ) ;
#1157 = CARTESIAN_POINT ( 'NONE',  ( 0.000000000000000000, 9.199999999999999289, 24.24999999999999645 ) ) ;
#1158 = ORIENTED_EDGE ( 'NONE', *, *, #353, .T. ) ;
#1159 = DIRECTION ( 'NONE',  ( 0.000000000000000000, 0.000000000000000000, -1.000000000000000000 ) ) ;
#1160 = ORIENTED_EDGE ( 'NONE', *, *, #226, .T. ) ;
#1161 = EDGE_CURVE ( 'NONE', #1291, #343, #852, .T. ) ;
#1162 = CARTESIAN_POINT ( 'NONE',  ( -5.624999999999998224, 0.000000000000000000, -13.90537216330436898 ) ) ;
#1163 = AXIS2_PLACEMENT_3D ( 'NONE', #1277, #293, #954 ) ;
#1164 = FACE_OUTER_BOUND ( 'NONE', #880, .T. ) ;
#1165 = AXIS2_PLACEMENT_3D ( 'NONE', #340, #41, #1303 ) ;
#1166 = ORIENTED_EDGE ( 'NONE', *, *, #585, .F. ) ;
#1167 = CIRCLE ( 'NONE', #1215, 4.999999999999997335 ) ;
#1168 = FACE_OUTER_BOUND ( 'NONE', #81, .T. ) ;
#1169 = ADVANCED_FACE ( 'NONE', ( #20 ), #889, .T. ) ;
#1170 = CARTESIAN_POINT ( 'NONE',  ( 5.558754850634589850, 3.799999999999999378, 23.75837209302325448 ) ) ;
#1171 = CARTESIAN_POINT ( 'NONE',  ( -5.575548437042785466, 7.174091583544069728, 11.15451015332210183 ) ) ;
#1172 = CALENDAR_DATE ( 2026, 8, 7 ) ;
#1173 = EDGE_CURVE ( 'NONE', #719, #658, #1256, .T. ) ;
#1174 = VERTEX_POINT ( 'NONE', #1118 ) ;
#1175 = CARTESIAN_POINT ( 'NONE',  ( 0.000000000000000000, 9.199999999999999289, 0.000000000000000000 ) ) ;
#1176 = CARTESIAN_POINT ( 'NONE',  ( -4.517804152181935429, 7.296472440976232932, -11.13191814919255940 ) ) ;
#1177 = ORIENTED_EDGE ( 'NONE', *, *, #50, .F. ) ;
#1178 = DIRECTION ( 'NONE',  ( -0.000000000000000000, -1.000000000000000000, -0.000000000000000000 ) ) ;
#1179 = APPLICATION_PROTOCOL_DEFINITION ( 'international standard', 'config_control_design', 1994, #639 ) ;
#1180 = ADVANCED_FACE ( 'NONE', ( #366 ), #1346, .F. ) ;
#1181 = VERTEX_POINT ( 'NONE', #573 ) ;
#1182 = CARTESIAN_POINT ( 'NONE',  ( 0.000000000000000000, 7.299999999999999822, 0.000000000000000000 ) ) ;
#1183 = VERTEX_POINT ( 'NONE', #359 ) ;
#1184 = CYLINDRICAL_SURFACE ( 'NONE', #32, 1.999999999999998224 ) ;
#1185 =( NAMED_UNIT ( * ) SI_UNIT ( $, .STERADIAN. ) SOLID_ANGLE_UNIT ( ) );
#1186 = VECTOR ( 'NONE', #982, 1000.000000000000000 ) ;
#1187 = EDGE_CURVE ( 'NONE', #413, #568, #266, .T. ) ;
#1188 = VERTEX_POINT ( 'NONE', #120 ) ;
#1189 = DIRECTION ( 'NONE',  ( 2.659837067546217075E-16, 0.000000000000000000, 1.000000000000000000 ) ) ;
#1190 = AXIS2_PLACEMENT_3D ( 'NONE', #67, #1261, #622 ) ;
#1191 = AXIS2_PLACEMENT_3D ( 'NONE', #1114, #1204, #136 ) ;
#1192 = VECTOR ( 'NONE', #529, 1000.000000000000000 ) ;
#1193 = VECTOR ( 'NONE', #363, 1000.000000000000000 ) ;
#1194 = EDGE_LOOP ( 'NONE', ( #885, #463, #301, #710, #814, #297, #1401 ) ) ;
#1195 = DIRECTION ( 'NONE',  ( 0.000000000000000000, 1.000000000000000000, 0.000000000000000000 ) ) ;
#1196 = VERTEX_POINT ( 'NONE', #685 ) ;
#1197 = CARTESIAN_POINT ( 'NONE',  ( -4.999999999999996447, 0.000000000000000000, -22.85957129956727485 ) ) ;
#1198 = EDGE_LOOP ( 'NONE', ( #230, #751, #201, #1177 ) ) ;
#1199 = ORIENTED_EDGE ( 'NONE', *, *, #460, .T. ) ;
#1200 = DIRECTION ( 'NONE',  ( 0.000000000000000000, 0.000000000000000000, 1.000000000000000000 ) ) ;
#1201 = ORIENTED_EDGE ( 'NONE', *, *, #3, .F. ) ;
#1202 = PRODUCT_DEFINITION_SHAPE ( 'NONE', 'NONE',  #1220 ) ;
#1203 = ORIENTED_EDGE ( 'NONE', *, *, #683, .F. ) ;
#1204 = DIRECTION ( 'NONE',  ( -0.000000000000000000, -1.000000000000000000, -0.000000000000000000 ) ) ;
#1205 = ORIENTED_EDGE ( 'NONE', *, *, #274, .F. ) ;
#1206 = DIRECTION ( 'NONE',  ( -0.000000000000000000, 1.000000000000000000, -0.000000000000000000 ) ) ;
#1207 = EDGE_CURVE ( 'NONE', #410, #890, #1080, .T. ) ;
#1208 = FACE_BOUND ( 'NONE', #941, .T. ) ;
#1209 = VERTEX_POINT ( 'NONE', #146 ) ;
#1210 = DIRECTION ( 'NONE',  ( -1.000000000000000000, 0.000000000000000000, -2.659837067546217075E-16 ) ) ;
#1211 = AXIS2_PLACEMENT_3D ( 'NONE', #423, #745, #1189 ) ;
#1212 = CARTESIAN_POINT ( 'NONE',  ( -6.936305057125164097, 6.671027308791172672, -12.55929513077980708 ) ) ;
#1213 = VECTOR ( 'NONE', #1226, 1000.000000000000000 ) ;
#1214 = SECURITY_CLASSIFICATION ( '', '', #1290 ) ;
#1215 = AXIS2_PLACEMENT_3D ( 'NONE', #125, #1300, #462 ) ;
#1216 = ADVANCED_FACE ( 'NONE', ( #794 ), #925, .F. ) ;
#1217 = FACE_OUTER_BOUND ( 'NONE', #770, .T. ) ;
#1218 = VERTEX_POINT ( 'NONE', #567 ) ;
#1219 = CARTESIAN_POINT ( 'NONE',  ( -4.664183127928910544, 3.799999999999999378, -23.30149819570912939 ) ) ;
#1220 = PRODUCT_DEFINITION ( 'UNKNOWN', '', #382, #587 ) ;
#1221 = DIRECTION ( 'NONE',  ( -0.000000000000000000, -1.000000000000000000, -0.000000000000000000 ) ) ;
#1222 = DIRECTION ( 'NONE',  ( -2.602085213965208275E-15, 0.000000000000000000, -1.000000000000000000 ) ) ;
#1223 = EDGE_CURVE ( 'NONE', #413, #793, #581, .T. ) ;
#1224 = CARTESIAN_POINT ( 'NONE',  ( -6.619546276361798043, 6.357009896148751338, 14.03679848455367107 ) ) ;
#1225 = CARTESIAN_POINT ( 'NONE',  ( -4.664183127928910544, 9.199999999999999289, -23.30149819570912939 ) ) ;
#1226 = DIRECTION ( 'NONE',  ( -0.000000000000000000, -1.000000000000000000, -0.000000000000000000 ) ) ;
#1227 = CARTESIAN_POINT ( 'NONE',  ( 0.000000000000000000, 0.000000000000000000, 0.000000000000000000 ) ) ;
#1228 = DIRECTION ( 'NONE',  ( -0.000000000000000000, 1.000000000000000000, -0.000000000000000000 ) ) ;
#1229 = CARTESIAN_POINT ( 'NONE',  ( 0.000000000000000000, -3.851859888774471706E-31, 0.000000000000000000 ) ) ;
#1230 = EDGE_CURVE ( 'NONE', #793, #1291, #360, .T. ) ;
#1231 = CARTESIAN_POINT ( 'NONE',  ( -5.999999999999997335, 0.000000000000000000, -14.83239697419132774 ) ) ;
#1232 = AXIS2_PLACEMENT_3D ( 'NONE', #85, #521, #196 ) ;
#1233 = AXIS2_PLACEMENT_3D ( 'NONE', #418, #984, #1268 ) ;
#1234 = EDGE_CURVE ( 'NONE', #597, #6, #676, .T. ) ;
#1235 = CC_DESIGN_APPROVAL ( #232, ( #382 ) ) ;
#1236 = AXIS2_PLACEMENT_3D ( 'NONE', #106, #534, #205 ) ;
#1237 = CARTESIAN_POINT ( 'NONE',  ( -5.427350427350420503, -0.8000000000000003775, 24.81338081235080750 ) ) ;
#1238 = CARTESIAN_POINT ( 'NONE',  ( -6.875235104614675130, 6.256213537583009021, 14.33167728757364401 ) ) ;
#1239 = CARTESIAN_POINT ( 'NONE',  ( -6.999999999999998224, -0.8000000000000003775, 13.07669683062202104 ) ) ;
#1240 = ORIENTED_EDGE ( 'NONE', *, *, #672, .T. ) ;
#1241 = ORIENTED_EDGE ( 'NONE', *, *, #231, .F. ) ;
#1242 = CARTESIAN_POINT ( 'NONE',  ( -5.427350427350434714, 3.799999999999999378, -24.81338081235080395 ) ) ;
#1243 = CARTESIAN_POINT ( 'NONE',  ( -5.872249303885504368, 6.488970814868844528, 13.83239697419132419 ) ) ;
#1244 = DIRECTION ( 'NONE',  ( -0.000000000000000000, -1.000000000000000000, -0.000000000000000000 ) ) ;
#1245 = CARTESIAN_POINT ( 'NONE',  ( -4.285714285714282923, 9.199999999999999289, 11.20859728339030426 ) ) ;
#1246 = DIRECTION ( 'NONE',  ( 0.000000000000000000, 0.000000000000000000, -1.000000000000000000 ) ) ;
#1247 = CARTESIAN_POINT ( 'NONE',  ( -5.999999999999997335, 6.475349042161764324, 13.83239697419132419 ) ) ;
#1248 = DIRECTION ( 'NONE',  ( -0.000000000000000000, -1.000000000000000000, -0.000000000000000000 ) ) ;
#1249 = CARTESIAN_POINT ( 'NONE',  ( 0.000000000000000000, 9.199999999999999289, 21.50000000000000000 ) ) ;
#1250 = ORIENTED_EDGE ( 'NONE', *, *, #570, .T. ) ;
#1251 = ORIENTED_EDGE ( 'NONE', *, *, #371, .F. ) ;
#1252 = FACE_OUTER_BOUND ( 'NONE', #1194, .T. ) ;
#1253 = AXIS2_PLACEMENT_3D ( 'NONE', #260, #1116, #1355 ) ;
#1254 = CIRCLE ( 'NONE', #1165, 1.000000000000000888 ) ;
#1255 = DIRECTION ( 'NONE',  ( 0.000000000000000000, -1.000000000000000000, 0.000000000000000000 ) ) ;
#1256 = CIRCLE ( 'NONE', #1144, 25.39999999999999858 ) ;
#1257 = DIRECTION ( 'NONE',  ( -0.000000000000000000, -1.000000000000000000, -0.000000000000000000 ) ) ;
#1258 = FACE_OUTER_BOUND ( 'NONE', #1354, .T. ) ;
#1259 = AXIS2_PLACEMENT_3D ( 'NONE', #923, #716, #580 ) ;
#1260 = VERTEX_POINT ( 'NONE', #1147 ) ;
#1261 = DIRECTION ( 'NONE',  ( -0.000000000000000000, -1.000000000000000000, -0.000000000000000000 ) ) ;
#1262 = EDGE_CURVE ( 'NONE', #1149, #1108, #270, .T. ) ;
#1263 = CARTESIAN_POINT ( 'NONE',  ( -4.999999999999998224, 7.259027985893465207, -11.07669683062202104 ) ) ;
#1264 = DIRECTION ( 'NONE',  ( 0.000000000000000000, 0.000000000000000000, -1.000000000000000000 ) ) ;
#1265 = APPROVAL_DATE_TIME ( #432, #884 ) ;
#1266 = EDGE_CURVE ( 'NONE', #137, #228, #608, .T. ) ;
#1267 = ORIENTED_EDGE ( 'NONE', *, *, #1400, .F. ) ;
#1268 = DIRECTION ( 'NONE',  ( 0.000000000000000000, 0.000000000000000000, 1.000000000000000000 ) ) ;
#1269 = ORIENTED_EDGE ( 'NONE', *, *, #513, .T. ) ;
#1270 = ORIENTED_EDGE ( 'NONE', *, *, #558, .F. ) ;
#1271 = CARTESIAN_POINT ( 'NONE',  ( 0.000000000000000000, 3.799999999999999378, 21.50000000000000000 ) ) ;
#1272 = CARTESIAN_POINT ( 'NONE',  ( -6.980636109417210022, 6.619090898568176229, 12.75611961780229997 ) ) ;
#1273 = PERSON_AND_ORGANIZATION_ROLE ( 'classification_officer' ) ;
#1274 = ORIENTED_EDGE ( 'NONE', *, *, #1294, .T. ) ;
#1275 = CYLINDRICAL_SURFACE ( 'NONE', #874, 0.9999999999999991118 ) ;
#1276 = EDGE_CURVE ( 'NONE', #354, #542, #595, .T. ) ;
#1277 = CARTESIAN_POINT ( 'NONE',  ( 2.656295322589485863E-15, 9.199999999999999289, -21.50000000000000000 ) ) ;
#1278 = CC_DESIGN_PERSON_AND_ORGANIZATION_ASSIGNMENT ( #754, #95, ( #382 ) ) ;
#1279 = VECTOR ( 'NONE', #746, 1000.000000000000000 ) ;
#1280 = DIRECTION ( 'NONE',  ( 0.000000000000000000, 0.000000000000000000, -1.000000000000000000 ) ) ;
#1281 = DATE_AND_TIME ( #1172, #1081 ) ;
#1282 = CIRCLE ( 'NONE', #674, 12.00000000000000000 ) ;
#1283 = AXIS2_PLACEMENT_3D ( 'NONE', #562, #351, #464 ) ;
#1284 = ORIENTED_EDGE ( 'NONE', *, *, #331, .F. ) ;
#1285 = DIRECTION ( 'NONE',  ( 0.000000000000000000, 1.000000000000000000, 0.000000000000000000 ) ) ;
#1286 = VERTEX_POINT ( 'NONE', #185 ) ;
#1287 = DIRECTION ( 'NONE',  ( -0.000000000000000000, 1.000000000000000000, -0.000000000000000000 ) ) ;
#1288 = ORIENTED_EDGE ( 'NONE', *, *, #36, .T. ) ;
#1289 = CARTESIAN_POINT ( 'NONE',  ( 2.656295322589485863E-15, 3.799999999999999378, -21.50000000000000000 ) ) ;
#1290 = SECURITY_CLASSIFICATION_LEVEL ( 'unclassified' ) ;
#1291 = VERTEX_POINT ( 'NONE', #63 ) ;
#1292 = CARTESIAN_POINT ( 'NONE',  ( 0.000000000000000000, 0.000000000000000000, 0.000000000000000000 ) ) ;
#1293 = ORIENTED_EDGE ( 'NONE', *, *, #477, .F. ) ;
#1294 = EDGE_CURVE ( 'NONE', #597, #719, #197, .T. ) ;
#1295 = CARTESIAN_POINT ( 'NONE',  ( 5.558754850634592515, 9.199999999999999289, -23.75837209302325448 ) ) ;
#1296 = COORDINATED_UNIVERSAL_TIME_OFFSET ( 0, 0, .AHEAD. ) ;
#1297 = VERTEX_POINT ( 'NONE', #826 ) ;
#1298 = CARTESIAN_POINT ( 'NONE',  ( 2.656295322589485863E-15, 3.799999999999999378, -21.50000000000000000 ) ) ;
#1299 = ORIENTED_EDGE ( 'NONE', *, *, #325, .F. ) ;
#1300 = DIRECTION ( 'NONE',  ( -0.000000000000000000, 1.000000000000000000, -0.000000000000000000 ) ) ;
#1301 = AXIS2_PLACEMENT_3D ( 'NONE', #693, #1143, #282 ) ;
#1302 = ORIENTED_EDGE ( 'NONE', *, *, #775, .F. ) ;
#1303 = DIRECTION ( 'NONE',  ( 0.000000000000000000, 0.000000000000000000, -1.000000000000000000 ) ) ;
#1304 = CIRCLE ( 'NONE', #471, 0.9999999999999991118 ) ;
#1305 = CIRCLE ( 'NONE', #806, 4.999999999999997335 ) ;
#1306 = ORIENTED_EDGE ( 'NONE', *, *, #250, .T. ) ;
#1307 = EDGE_CURVE ( 'NONE', #223, #561, #559, .T. ) ;
#1308 = ORIENTED_EDGE ( 'NONE', *, *, #853, .T. ) ;
#1309 = DIRECTION ( 'NONE',  ( 0.000000000000000000, 0.000000000000000000, 1.000000000000000000 ) ) ;
#1310 = ORIENTED_EDGE ( 'NONE', *, *, #212, .F. ) ;
#1311 = CYLINDRICAL_SURFACE ( 'NONE', #579, 12.00000000000000000 ) ;
#1312 = EDGE_CURVE ( 'NONE', #779, #121, #619, .T. ) ;
#1313 = CYLINDRICAL_SURFACE ( 'NONE', #740, 1.000000000000000888 ) ;
#1314 = ORIENTED_EDGE ( 'NONE', *, *, #1319, .F. ) ;
#1315 = CARTESIAN_POINT ( 'NONE',  ( -6.999999999999997335, 6.496152422706640728, -14.83239697419132774 ) ) ;
#1316 = ORIENTED_EDGE ( 'NONE', *, *, #1223, .F. ) ;
#1317 = PLANE ( 'NONE',  #404 ) ;
#1318 = CARTESIAN_POINT ( 'NONE',  ( -6.898002643096114994, 6.705588705992780341, -12.43301728740144441 ) ) ;
#1319 = EDGE_CURVE ( 'NONE', #845, #322, #492, .T. ) ;
#1320 = ORIENTED_EDGE ( 'NONE', *, *, #528, .F. ) ;
#1321 = DIRECTION ( 'NONE',  ( -0.000000000000000000, 1.000000000000000000, -0.000000000000000000 ) ) ;
#1322 = VERTEX_POINT ( 'NONE', #1245 ) ;
#1323 = LINE ( 'NONE', #31, #380 ) ;
#1324 = VECTOR ( 'NONE', #713, 1000.000000000000000 ) ;
#1325 = VECTOR ( 'NONE', #1024, 1000.000000000000000 ) ;
#1326 = CARTESIAN_POINT ( 'NONE',  ( 2.750000000000001332, 3.799999999999999378, -21.50000000000000000 ) ) ;
#1327 = AXIS2_PLACEMENT_3D ( 'NONE', #235, #128, #1004 ) ;
#1328 = EDGE_CURVE ( 'NONE', #621, #223, #917, .T. ) ;
#1329 = CARTESIAN_POINT ( 'NONE',  ( 0.000000000000000000, 0.000000000000000000, -15.00000000000000000 ) ) ;
#1330 = ORIENTED_EDGE ( 'NONE', *, *, #869, .T. ) ;
#1331 = CARTESIAN_POINT ( 'NONE',  ( 0.000000000000000000, 0.000000000000000000, 0.000000000000000000 ) ) ;
#1332 = FACE_OUTER_BOUND ( 'NONE', #350, .T. ) ;
#1333 = CARTESIAN_POINT ( 'NONE',  ( 2.656295322589485863E-15, 3.799999999999999378, -21.50000000000000000 ) ) ;
#1334 = ADVANCED_FACE ( 'NONE', ( #591 ), #1051, .T. ) ;
#1335 = CARTESIAN_POINT ( 'NONE',  ( 2.656295322589485863E-15, 9.199999999999999289, -21.50000000000000000 ) ) ;
#1336 = DIRECTION ( 'NONE',  ( -0.000000000000000000, -1.000000000000000000, -0.000000000000000000 ) ) ;
#1337 = CARTESIAN_POINT ( 'NONE',  ( 4.632295708862169903, 9.199999999999999289, -23.38197674418605132 ) ) ;
#1338 = LINE ( 'NONE', #700, #1324 ) ;
#1339 = DIRECTION ( 'NONE',  ( 0.000000000000000000, 0.000000000000000000, -1.000000000000000000 ) ) ;
#1340 = CYLINDRICAL_SURFACE ( 'NONE', #291, 2.749999999999999112 ) ;
#1341 = VERTEX_POINT ( 'NONE', #486 ) ;
#1342 = FACE_OUTER_BOUND ( 'NONE', #454, .T. ) ;
#1343 = ORIENTED_EDGE ( 'NONE', *, *, #943, .F. ) ;
#1344 = VECTOR ( 'NONE', #640, 1000.000000000000000 ) ;
#1345 = AXIS2_PLACEMENT_3D ( 'NONE', #1298, #1405, #1066 ) ;
#1346 = CONICAL_SURFACE ( 'NONE', #131, 15.00000000000000000, 1.308996938995749648 ) ;
#1347 = DIRECTION ( 'NONE',  ( -0.000000000000000000, -1.000000000000000000, -0.000000000000000000 ) ) ;
#1348 = FACE_OUTER_BOUND ( 'NONE', #988, .T. ) ;
#1349 = LINE ( 'NONE', #1239, #973 ) ;
#1350 = ORIENTED_EDGE ( 'NONE', *, *, #1230, .F. ) ;
#1351 = ORIENTED_EDGE ( 'NONE', *, *, #972, .T. ) ;
#1352 = DIRECTION ( 'NONE',  ( -0.000000000000000000, 1.000000000000000000, -0.000000000000000000 ) ) ;
#1353 = ADVANCED_FACE ( 'NONE', ( #501 ), #1340, .F. ) ;
#1354 = EDGE_LOOP ( 'NONE', ( #1293, #837, #620, #91 ) ) ;
#1355 = DIRECTION ( 'NONE',  ( 0.000000000000000000, 0.000000000000000000, 1.000000000000000000 ) ) ;
#1356 = FACE_OUTER_BOUND ( 'NONE', #1399, .T. ) ;
#1357 = CARTESIAN_POINT ( 'NONE',  ( 0.000000000000000000, 9.199999999999999289, 21.50000000000000000 ) ) ;
#1358 = ORIENTED_EDGE ( 'NONE', *, *, #990, .F. ) ;
#1359 = DIRECTION ( 'NONE',  ( 0.000000000000000000, 0.000000000000000000, 1.000000000000000000 ) ) ;
#1360 = EDGE_CURVE ( 'NONE', #1218, #1196, #1349, .T. ) ;
#1361 = LINE ( 'NONE', #1162, #652 ) ;
#1362 = ADVANCED_FACE ( 'NONE', ( #1133 ), #708, .F. ) ;
#1363 = ORIENTED_EDGE ( 'NONE', *, *, #1312, .T. ) ;
#1364 = DIRECTION ( 'NONE',  ( -0.000000000000000000, -1.000000000000000000, -0.000000000000000000 ) ) ;
#1365 = ORIENTED_EDGE ( 'NONE', *, *, #226, .F. ) ;
#1366 = CARTESIAN_POINT ( 'NONE',  ( 1.469576158976823947E-15, 9.199999999999999289, 12.00000000000000000 ) ) ;
#1367 = CIRCLE ( 'NONE', #555, 25.39999999999999858 ) ;
#1368 = CIRCLE ( 'NONE', #653, 25.39999999999999858 ) ;
#1369 = CARTESIAN_POINT ( 'NONE',  ( 4.632295708862167238, 9.199999999999999289, 23.38197674418605132 ) ) ;
#1370 = EDGE_CURVE ( 'NONE', #228, #1260, #1038, .T. ) ;
#1371 = CIRCLE ( 'NONE', #60, 2.000000000000001776 ) ;
#1372 = DIRECTION ( 'NONE',  ( -0.000000000000000000, 1.000000000000000000, -0.000000000000000000 ) ) ;
#1373 = APPROVAL_STATUS ( 'not_yet_approved' ) ;
#1374 = AXIS2_PLACEMENT_3D ( 'NONE', #76, #1006, #681 ) ;
#1375 = ORIENTED_EDGE ( 'NONE', *, *, #1307, .F. ) ;
#1376 = ORIENTED_EDGE ( 'NONE', *, *, #468, .T. ) ;
#1377 = CARTESIAN_POINT ( 'NONE',  ( -5.624999999999997335, 6.496152422706640728, 13.90537216330436721 ) ) ;
#1378 = FACE_OUTER_BOUND ( 'NONE', #401, .T. ) ;
#1379 = ADVANCED_FACE ( 'NONE', ( #1258 ), #1028, .T. ) ;
#1380 = CARTESIAN_POINT ( 'NONE',  ( -5.415496804620708815, 7.202981439398822516, 11.11359889358380570 ) ) ;
#1381 = CALENDAR_DATE ( 2026, 8, 7 ) ;
#1382 = ORIENTED_EDGE ( 'NONE', *, *, #1161, .T. ) ;
#1383 = CARTESIAN_POINT ( 'NONE',  ( -4.999999999999996447, -0.8000000000000003775, 22.85957129956727485 ) ) ;
#1384 = EDGE_CURVE ( 'NONE', #872, #596, #108, .T. ) ;
#1385 = CARTESIAN_POINT ( 'NONE',  ( 0.000000000000000000, 0.000000000000000000, 0.000000000000000000 ) ) ;
#1386 = CYLINDRICAL_SURFACE ( 'NONE', #314, 25.39999999999999858 ) ;
#1387 = APPROVAL_ROLE ( '' ) ;
#1388 = EDGE_LOOP ( 'NONE', ( #524, #667, #173, #870 ) ) ;
#1389 = CARTESIAN_POINT ( 'NONE',  ( -4.285714285714282923, 7.299999999999998934, 11.20859728339030426 ) ) ;
#1390 = ORIENTED_EDGE ( 'NONE', *, *, #726, .F. ) ;
#1391 = DIRECTION ( 'NONE',  ( -0.000000000000000000, 1.000000000000000000, -0.000000000000000000 ) ) ;
#1392 = CIRCLE ( 'NONE', #1233, 2.749999999999995559 ) ;
#1393 = DIRECTION ( 'NONE',  ( -0.000000000000000000, 1.000000000000000000, -0.000000000000000000 ) ) ;
#1394 =( LENGTH_UNIT ( ) NAMED_UNIT ( * ) SI_UNIT ( .MILLI., .METRE. ) );
#1395 = VECTOR ( 'NONE', #989, 1000.000000000000000 ) ;
#1396 = VERTEX_POINT ( 'NONE', #612 ) ;
#1397 = CIRCLE ( 'NONE', #361, 12.00000000000000000 ) ;
#1398 = DIRECTION ( 'NONE',  ( -0.000000000000000000, 1.000000000000000000, -0.000000000000000000 ) ) ;
#1399 = EDGE_LOOP ( 'NONE', ( #1406, #503, #1096, #236, #1299, #1, #1160 ) ) ;
#1400 = EDGE_CURVE ( 'NONE', #322, #1341, #59, .T. ) ;
#1401 = ORIENTED_EDGE ( 'NONE', *, *, #1173, .F. ) ;
#1402 = DIRECTION ( 'NONE',  ( 0.000000000000000000, 0.000000000000000000, -1.000000000000000000 ) ) ;
#1403 = DATE_AND_TIME ( #956, #1059 ) ;
#1404 = ORIENTED_EDGE ( 'NONE', *, *, #505, .F. ) ;
#1405 = DIRECTION ( 'NONE',  ( -0.000000000000000000, 1.000000000000000000, -0.000000000000000000 ) ) ;
#1406 = ORIENTED_EDGE ( 'NONE', *, *, #532, .F. ) ;
ENDSEC;
END-ISO-10303-21;
