ISO-10303-21;
HEADER;
FILE_DESCRIPTION (( 'STEP AP203' ),
    '1' );
FILE_NAME ('OLY014_01921-.step',
    '2025-11-17T11:33:42',
    ( '' ),
    ( '' ),
    'SwSTEP 2.0',
    'SolidWorks 2022',
    '' );
FILE_SCHEMA (( 'CONFIG_CONTROL_DESIGN' ));
ENDSEC;

DATA;
#1 = DIRECTION ( 'NONE',  ( 1.000000000000000000, -2.940209281316622495E-16, 0.000000000000000000 ) ) ;
#2 = CARTESIAN_POINT ( 'NONE',  ( 0.000000000000000000, 0.000000000000000000, -1.199999999999999734 ) ) ;
#3 = EDGE_CURVE ( 'NONE', #2929, #2876, #2424, .T. ) ;
#4 = DIRECTION ( 'NONE',  ( -0.000000000000000000, 0.000000000000000000, 1.000000000000000000 ) ) ;
#5 = CYLINDRICAL_SURFACE ( 'NONE', #1094, 0.3500000000000000333 ) ;
#6 = AXIS2_PLACEMENT_3D ( 'NONE', #635, #423, #920 ) ;
#7 = DIRECTION ( 'NONE',  ( -0.9659258262890698665, 0.000000000000000000, 0.2588190451025150218 ) ) ;
#8 = AXIS2_PLACEMENT_3D ( 'NONE', #511, #1777, #1234 ) ;
#9 = EDGE_CURVE ( 'NONE', #581, #930, #2144, .T. ) ;
#10 = ORIENTED_EDGE ( 'NONE', *, *, #1930, .T. ) ;
#11 = CIRCLE ( 'NONE', #1508, 3.450000000000000178 ) ;
#12 = DIRECTION ( 'NONE',  ( 1.000000000000000000, 0.000000000000000000, 0.000000000000000000 ) ) ;
#13 = ORIENTED_EDGE ( 'NONE', *, *, #1389, .T. ) ;
#14 = CARTESIAN_POINT ( 'NONE',  ( 1.850000000000000311, 2.672077843177476986, 1.300000000000000044 ) ) ;
#15 = VERTEX_POINT ( 'NONE', #1649 ) ;
#16 = DIRECTION ( 'NONE',  ( -0.000000000000000000, -0.000000000000000000, -1.000000000000000000 ) ) ;
#17 = VERTEX_POINT ( 'NONE', #375 ) ;
#18 = CARTESIAN_POINT ( 'NONE',  ( 1.467736486486485470, -1.605108907905100857, 4.623208822354686554 ) ) ;
#19 = CARTESIAN_POINT ( 'NONE',  ( 0.000000000000000000, -2.000000000000000000, -2.000000000000000000 ) ) ;
#20 = AXIS2_PLACEMENT_3D ( 'NONE', #1009, #977, #3031 ) ;
#21 = CARTESIAN_POINT ( 'NONE',  ( -1.408686796762322890, 3.149301749376757886, 1.300000000000000044 ) ) ;
#22 = CIRCLE ( 'NONE', #2681, 3.450000000000000178 ) ;
#23 = LINE ( 'NONE', #1299, #2047 ) ;
#24 = EDGE_LOOP ( 'NONE', ( #520, #1892, #487, #249 ) ) ;
#25 = CARTESIAN_POINT ( 'NONE',  ( 0.1120008660183865745, 2.914562415081550117, -0.6663825158516987202 ) ) ;
#26 = ORIENTED_EDGE ( 'NONE', *, *, #1834, .F. ) ;
#27 = DIRECTION ( 'NONE',  ( -0.000000000000000000, -0.000000000000000000, -1.000000000000000000 ) ) ;
#28 = VERTEX_POINT ( 'NONE', #3168 ) ;
#29 = CARTESIAN_POINT ( 'NONE',  ( -0.8999999999999985789, -3.437307692307693952, 4.775333355422418435 ) ) ;
#30 = ORIENTED_EDGE ( 'NONE', *, *, #3183, .T. ) ;
#31 = CARTESIAN_POINT ( 'NONE',  ( -0.6344884488436142167, 3.391153846153846629, 1.300000000000000044 ) ) ;
#32 = ORIENTED_EDGE ( 'NONE', *, *, #2075, .T. ) ;
#33 = DIRECTION ( 'NONE',  ( -1.000000000000000000, 0.000000000000000000, 0.000000000000000000 ) ) ;
#34 = ADVANCED_FACE ( 'NONE', ( #2158 ), #919, .F. ) ;
#35 = CARTESIAN_POINT ( 'NONE',  ( -2.646909194048744141, 1.649999999999999689, -0.8636932588426891044 ) ) ;
#36 = EDGE_CURVE ( 'NONE', #2401, #378, #873, .T. ) ;
#37 = CARTESIAN_POINT ( 'NONE',  ( -0.6499999999999995781, 3.250000000000000000, 0.5000000000000000000 ) ) ;
#38 = APPROVAL_STATUS ( 'not_yet_approved' ) ;
#39 = EDGE_LOOP ( 'NONE', ( #2296, #197, #147, #899 ) ) ;
#40 = CARTESIAN_POINT ( 'NONE',  ( -0.1124463015125776594, 2.914664991310716324, -0.6664990486672408565 ) ) ;
#41 = VECTOR ( 'NONE', #1161, 1000.000000000000000 ) ;
#42 = DIRECTION ( 'NONE',  ( -1.000000000000000000, 0.000000000000000000, 0.000000000000000000 ) ) ;
#43 = CIRCLE ( 'NONE', #260, 0.6499999999999993561 ) ;
#44 = ORIENTED_EDGE ( 'NONE', *, *, #1328, .F. ) ;
#45 = DIRECTION ( 'NONE',  ( -0.000000000000000000, -0.000000000000000000, 1.000000000000000000 ) ) ;
#46 = EDGE_CURVE ( 'NONE', #1921, #269, #1137, .T. ) ;
#47 = ORIENTED_EDGE ( 'NONE', *, *, #211, .T. ) ;
#48 = LINE ( 'NONE', #1307, #908 ) ;
#49 = ORIENTED_EDGE ( 'NONE', *, *, #1568, .T. ) ;
#50 = CARTESIAN_POINT ( 'NONE',  ( 1.467736486486485470, -1.605108907905100857, 4.623208822354686554 ) ) ;
#51 = EDGE_LOOP ( 'NONE', ( #2781, #2093, #2791, #1549 ) ) ;
#52 = CARTESIAN_POINT ( 'NONE',  ( 1.850000000000000311, -2.672077843177476986, 1.300000000000000044 ) ) ;
#53 = CARTESIAN_POINT ( 'NONE',  ( 0.9000000000000003553, -1.980056817366612432, 6.000000000000000000 ) ) ;
#54 = ADVANCED_FACE ( 'NONE', ( #618 ), #1440, .F. ) ;
#55 = EDGE_CURVE ( 'NONE', #28, #2450, #2171, .T. ) ;
#56 = DIRECTION ( 'NONE',  ( -0.000000000000000000, 0.000000000000000000, 1.000000000000000000 ) ) ;
#57 = EDGE_CURVE ( 'NONE', #1964, #3205, #1902, .T. ) ;
#58 = COORDINATED_UNIVERSAL_TIME_OFFSET ( 0, 0, .AHEAD. ) ;
#59 = ORIENTED_EDGE ( 'NONE', *, *, #2659, .F. ) ;
#60 = DIRECTION ( 'NONE',  ( -0.000000000000000000, 0.000000000000000000, 1.000000000000000000 ) ) ;
#61 = CARTESIAN_POINT ( 'NONE',  ( -1.562237770734732800, 2.871308612408246752, -2.000000000000000000 ) ) ;
#62 = AXIS2_PLACEMENT_3D ( 'NONE', #220, #3007, #1032 ) ;
#63 = ORIENTED_EDGE ( 'NONE', *, *, #2615, .F. ) ;
#64 = DIRECTION ( 'NONE',  ( -4.565061778886335030E-16, 1.000000000000000000, -0.000000000000000000 ) ) ;
#65 = VECTOR ( 'NONE', #2518, 1000.000000000000000 ) ;
#66 = ORIENTED_EDGE ( 'NONE', *, *, #2459, .F. ) ;
#67 = CARTESIAN_POINT ( 'NONE',  ( -0.2387228233149885637, -2.990303320177029267, -0.7497101123789653432 ) ) ;
#68 = ADVANCED_FACE ( 'NONE', ( #1182 ), #2670, .T. ) ;
#69 = CIRCLE ( 'NONE', #226, 3.450000000000000178 ) ;
#70 = VERTEX_POINT ( 'NONE', #2937 ) ;
#71 = DIRECTION ( 'NONE',  ( -0.000000000000000000, -1.000000000000000000, -0.000000000000000000 ) ) ;
#72 = VERTEX_POINT ( 'NONE', #109 ) ;
#73 = CARTESIAN_POINT ( 'NONE',  ( 1.665951878931745789, 3.021109785672111858, -1.199999999999999734 ) ) ;
#74 = AXIS2_PLACEMENT_3D ( 'NONE', #2527, #1268, #3041 ) ;
#75 = CARTESIAN_POINT ( 'NONE',  ( 1.254121907152582205, 1.500000000000000000, 4.680446676378717363 ) ) ;
#76 = CARTESIAN_POINT ( 'NONE',  ( 0.1201059653517516923, -2.174936956949605982, 6.899847645859229495 ) ) ;
#77 = DATE_AND_TIME ( #2608, #2921 ) ;
#78 = ORIENTED_EDGE ( 'NONE', *, *, #1152, .F. ) ;
#79 = CARTESIAN_POINT ( 'NONE',  ( 0.3500000000000009215, -3.250000000000000000, -1.018791825736230061 ) ) ;
#80 = AXIS2_PLACEMENT_3D ( 'NONE', #514, #3064, #2821 ) ;
#81 = LINE ( 'NONE', #2079, #341 ) ;
#82 = APPLICATION_CONTEXT ( 'configuration controlled 3d designs of mechanical parts and assemblies' ) ;
#83 = CARTESIAN_POINT ( 'NONE',  ( 0.000000000000000000, 0.000000000000000000, 0.5000000000000000000 ) ) ;
#84 = ORIENTED_EDGE ( 'NONE', *, *, #2697, .F. ) ;
#85 = CARTESIAN_POINT ( 'NONE',  ( 0.5000000000029972691, -2.116748686074259478, 5.999999999998802735 ) ) ;
#86 = ORIENTED_EDGE ( 'NONE', *, *, #1348, .F. ) ;
#87 = CARTESIAN_POINT ( 'NONE',  ( 0.000000000000000000, 0.000000000000000000, -2.000000000000000000 ) ) ;
#88 = ORIENTED_EDGE ( 'NONE', *, *, #236, .F. ) ;
#89 = CARTESIAN_POINT ( 'NONE',  ( -1.850000000000000311, 1.649999999999999023, -2.000000000000000000 ) ) ;
#90 = LINE ( 'NONE', #1844, #2455 ) ;
#91 = DIRECTION ( 'NONE',  ( 1.000000000000000000, 0.000000000000000000, 0.000000000000000000 ) ) ;
#92 = ORIENTED_EDGE ( 'NONE', *, *, #3014, .F. ) ;
#93 = DIRECTION ( 'NONE',  ( 0.000000000000000000, 0.000000000000000000, 1.000000000000000000 ) ) ;
#94 = LINE ( 'NONE', #2096, #934 ) ;
#95 = VECTOR ( 'NONE', #452, 1000.000000000000000 ) ;
#96 = ADVANCED_FACE ( 'NONE', ( #1413 ), #2192, .F. ) ;
#97 = EDGE_CURVE ( 'NONE', #1325, #653, #2907, .T. ) ;
#98 = EDGE_CURVE ( 'NONE', #119, #675, #137, .T. ) ;
#99 = EDGE_LOOP ( 'NONE', ( #3108, #278, #426, #3278, #2345, #966, #2298, #1869, #2467 ) ) ;
#100 = DIRECTION ( 'NONE',  ( 1.000000000000000000, 0.000000000000000000, 0.000000000000000000 ) ) ;
#101 = ORIENTED_EDGE ( 'NONE', *, *, #943, .F. ) ;
#102 = DIRECTION ( 'NONE',  ( -0.000000000000000000, -1.000000000000000000, 0.000000000000000000 ) ) ;
#103 = AXIS2_PLACEMENT_3D ( 'NONE', #3231, #1956, #2971 ) ;
#104 = ORIENTED_EDGE ( 'NONE', *, *, #2174, .T. ) ;
#105 = DIRECTION ( 'NONE',  ( -0.000000000000000000, 0.000000000000000000, 1.000000000000000000 ) ) ;
#106 = DIRECTION ( 'NONE',  ( 0.000000000000000000, 0.000000000000000000, 1.000000000000000000 ) ) ;
#107 = B_SPLINE_CURVE_WITH_KNOTS ( 'NONE', 3,
 ( #2262, #2007, #254, #3026 ),
 .UNSPECIFIED., .F., .F.,
 ( 4, 4 ),
 ( 3.382533391468186464E-07, 0.0002931990290214026951 ),
 .UNSPECIFIED. ) ;
#108 = CARTESIAN_POINT ( 'NONE',  ( 1.467736486486485692, 1.605108907905100857, 4.623208822354685665 ) ) ;
#109 = CARTESIAN_POINT ( 'NONE',  ( -1.467736486486485692, 1.605108907905100413, 4.623208822354685665 ) ) ;
#110 = DIRECTION ( 'NONE',  ( 1.000000000000000000, 0.000000000000000000, 0.000000000000000000 ) ) ;
#111 = ADVANCED_FACE ( 'NONE', ( #634 ), #2208, .F. ) ;
#112 = CARTESIAN_POINT ( 'NONE',  ( -1.652647848824539079, -1.641009564853913361, -0.07828823125573201869 ) ) ;
#113 = VERTEX_POINT ( 'NONE', #3180 ) ;
#114 = FACE_OUTER_BOUND ( 'NONE', #2730, .T. ) ;
#115 = AXIS2_PLACEMENT_3D ( 'NONE', #2061, #2877, #601 ) ;
#116 = ORIENTED_EDGE ( 'NONE', *, *, #1709, .T. ) ;
#117 = AXIS2_PLACEMENT_3D ( 'NONE', #1996, #768, #2737 ) ;
#118 = DIRECTION ( 'NONE',  ( -0.000000000000000000, 0.000000000000000000, 1.000000000000000000 ) ) ;
#119 = VERTEX_POINT ( 'NONE', #681 ) ;
#120 = CARTESIAN_POINT ( 'NONE',  ( 0.9000000000000006883, 1.980056817366612432, 6.000000000000000000 ) ) ;
#121 = VECTOR ( 'NONE', #2601, 1000.000000000000000 ) ;
#122 = DIRECTION ( 'NONE',  ( -0.000000000000000000, -0.000000000000000000, 1.000000000000000000 ) ) ;
#123 = CARTESIAN_POINT ( 'NONE',  ( 0.6499999999999995781, 3.250000000000000000, 1.300000000000000044 ) ) ;
#124 = LINE ( 'NONE', #3181, #164 ) ;
#125 = DIRECTION ( 'NONE',  ( -0.000000000000000000, -0.000000000000000000, -1.000000000000000000 ) ) ;
#126 = AXIS2_PLACEMENT_3D ( 'NONE', #3017, #739, #2496 ) ;
#127 = VERTEX_POINT ( 'NONE', #2924 ) ;
#128 = DIRECTION ( 'NONE',  ( -1.000000000000000000, 0.000000000000000000, 0.000000000000000000 ) ) ;
#129 = ORIENTED_EDGE ( 'NONE', *, *, #2911, .T. ) ;
#130 = CARTESIAN_POINT ( 'NONE',  ( -4.851345314172424848E-16, -1.649999999999999023, 0.5000000000000000000 ) ) ;
#131 = ORIENTED_EDGE ( 'NONE', *, *, #1783, .F. ) ;
#132 = PLANE ( 'NONE',  #2016 ) ;
#133 = CIRCLE ( 'NONE', #1890, 0.3500000000000000333 ) ;
#134 = EDGE_CURVE ( 'NONE', #2899, #530, #390, .T. ) ;
#135 = DIRECTION ( 'NONE',  ( -0.000000000000000000, -0.000000000000000000, -1.000000000000000000 ) ) ;
#136 = EDGE_CURVE ( 'NONE', #536, #522, #2613, .T. ) ;
#137 = LINE ( 'NONE', #1680, #1605 ) ;
#138 = CARTESIAN_POINT ( 'NONE',  ( -2.647030064522326587, -1.650000000000000577, -0.8637994094466016071 ) ) ;
#139 = DIRECTION ( 'NONE',  ( -0.000000000000000000, 0.000000000000000000, 1.000000000000000000 ) ) ;
#140 = DIRECTION ( 'NONE',  ( 0.000000000000000000, 0.000000000000000000, 1.000000000000000000 ) ) ;
#141 = EDGE_LOOP ( 'NONE', ( #1787, #1938, #690, #804 ) ) ;
#142 = DIRECTION ( 'NONE',  ( 1.000000000000000000, 0.000000000000000000, 0.000000000000000000 ) ) ;
#143 = EDGE_LOOP ( 'NONE', ( #1086, #702, #685, #1774 ) ) ;
#144 = ADVANCED_FACE ( 'NONE', ( #219, #3021 ), #1731, .T. ) ;
#145 = AXIS2_PLACEMENT_3D ( 'NONE', #2369, #863, #3236 ) ;
#146 = DIRECTION ( 'NONE',  ( 0.000000000000000000, 1.000000000000000000, -0.000000000000000000 ) ) ;
#147 = ORIENTED_EDGE ( 'NONE', *, *, #2909, .T. ) ;
#148 = CARTESIAN_POINT ( 'NONE',  ( -0.3249999999999997335, -2.000000000000000000, -0.5000000000000000000 ) ) ;
#149 = AXIS2_PLACEMENT_3D ( 'NONE', #1809, #1066, #2070 ) ;
#150 = DIRECTION ( 'NONE',  ( 0.000000000000000000, 0.000000000000000000, -1.000000000000000000 ) ) ;
#151 = ORIENTED_EDGE ( 'NONE', *, *, #293, .T. ) ;
#152 = CARTESIAN_POINT ( 'NONE',  ( 2.206909925793449023, -2.572721683568174100, -1.139588519289087998 ) ) ;
#153 = CARTESIAN_POINT ( 'NONE',  ( -0.4454136642663933943, -2.130936763940658452, 5.738327706664617445 ) ) ;
#154 = ADVANCED_FACE ( 'NONE', ( #1247 ), #2784, .F. ) ;
#155 = EDGE_CURVE ( 'NONE', #3124, #267, #2733, .T. ) ;
#156 = EDGE_CURVE ( 'NONE', #2485, #1741, #2748, .T. ) ;
#157 = CARTESIAN_POINT ( 'NONE',  ( -1.467736486486485914, -1.605108907905100413, 4.623208822354684777 ) ) ;
#158 = CARTESIAN_POINT ( 'NONE',  ( -1.849999999999999867, -1.650000000000000355, -2.000000000000000000 ) ) ;
#159 = B_SPLINE_CURVE_WITH_KNOTS ( 'NONE', 3,
 ( #173, #2407, #647, #2939 ),
 .UNSPECIFIED., .F., .F.,
 ( 4, 4 ),
 ( 0.001708977732553675685, 0.001965947203379452175 ),
 .UNSPECIFIED. ) ;
#160 = ORIENTED_EDGE ( 'NONE', *, *, #1090, .T. ) ;
#161 = CYLINDRICAL_SURFACE ( 'NONE', #1353, 3.450000000000000178 ) ;
#162 = ORIENTED_EDGE ( 'NONE', *, *, #549, .T. ) ;
#163 = DIRECTION ( 'NONE',  ( 1.000000000000000000, 0.000000000000000000, 0.000000000000000000 ) ) ;
#164 = VECTOR ( 'NONE', #698, 1000.000000000000000 ) ;
#165 = VERTEX_POINT ( 'NONE', #2256 ) ;
#166 = FACE_OUTER_BOUND ( 'NONE', #832, .T. ) ;
#167 = EDGE_CURVE ( 'NONE', #862, #1410, #970, .T. ) ;
#168 = CIRCLE ( 'NONE', #2406, 0.6499999999999993561 ) ;
#169 = CARTESIAN_POINT ( 'NONE',  ( 4.799999999999999822, -1.650000000000000355, -2.000000000000000000 ) ) ;
#170 = ORIENTED_EDGE ( 'NONE', *, *, #1590, .T. ) ;
#171 = DIRECTION ( 'NONE',  ( -1.000000000000000000, 0.000000000000000000, 0.000000000000000000 ) ) ;
#172 = VECTOR ( 'NONE', #470, 1000.000000000000000 ) ;
#173 = CARTESIAN_POINT ( 'NONE',  ( -0.3499999999999999778, -3.250000000000000444, -1.018791825736230061 ) ) ;
#174 = AXIS2_PLACEMENT_3D ( 'NONE', #579, #1069, #2123 ) ;
#175 = DIRECTION ( 'NONE',  ( 1.000000000000000000, 0.000000000000000000, 0.000000000000000000 ) ) ;
#176 = CARTESIAN_POINT ( 'NONE',  ( 0.000000000000000000, 0.000000000000000000, -2.000000000000000000 ) ) ;
#177 = AXIS2_PLACEMENT_3D ( 'NONE', #2476, #190, #2177 ) ;
#178 = ORIENTED_EDGE ( 'NONE', *, *, #865, .F. ) ;
#179 = DIRECTION ( 'NONE',  ( -0.000000000000000000, 0.000000000000000000, 1.000000000000000000 ) ) ;
#180 = VERTEX_POINT ( 'NONE', #3279 ) ;
#181 = VECTOR ( 'NONE', #3080, 1000.000000000000000 ) ;
#182 = LINE ( 'NONE', #1226, #2415 ) ;
#183 = ORIENTED_EDGE ( 'NONE', *, *, #2365, .F. ) ;
#184 = CARTESIAN_POINT ( 'NONE',  ( 2.377121316667876183, -1.649999999999999911, -0.2501455524838661626 ) ) ;
#185 = DIRECTION ( 'NONE',  ( -0.8221777979007626191, -0.5692307692307687628, 0.000000000000000000 ) ) ;
#186 = CIRCLE ( 'NONE', #2261, 3.450000000000000178 ) ;
#187 = EDGE_LOOP ( 'NONE', ( #2355, #725, #2069, #1225 ) ) ;
#188 = FACE_OUTER_BOUND ( 'NONE', #39, .T. ) ;
#189 = DIRECTION ( 'NONE',  ( -0.000000000000000000, -0.000000000000000000, -1.000000000000000000 ) ) ;
#190 = DIRECTION ( 'NONE',  ( 0.000000000000000000, 0.000000000000000000, 1.000000000000000000 ) ) ;
#191 = CYLINDRICAL_SURFACE ( 'NONE', #350, 0.3500000000000000333 ) ;
#192 = CARTESIAN_POINT ( 'NONE',  ( 0.3500000000000009215, -3.250000000000000000, -2.000000000000000000 ) ) ;
#193 = ORIENTED_EDGE ( 'NONE', *, *, #3012, .F. ) ;
#194 = DIRECTION ( 'NONE',  ( 0.000000000000000000, -0.000000000000000000, -1.000000000000000000 ) ) ;
#195 = ADVANCED_FACE ( 'NONE', ( #188 ), #3006, .F. ) ;
#196 = ADVANCED_FACE ( 'NONE', ( #1972 ), #1761, .T. ) ;
#197 = ORIENTED_EDGE ( 'NONE', *, *, #1109, .T. ) ;
#198 = ADVANCED_FACE ( 'NONE', ( #730 ), #1521, .F. ) ;
#199 = PLANE ( 'NONE',  #448 ) ;
#200 = ORIENTED_EDGE ( 'NONE', *, *, #2219, .T. ) ;
#201 = DIRECTION ( 'NONE',  ( -1.000000000000000000, 0.000000000000000000, 0.000000000000000000 ) ) ;
#202 = VECTOR ( 'NONE', #895, 1000.000000000000000 ) ;
#203 = EDGE_LOOP ( 'NONE', ( #2653, #1676 ) ) ;
#204 = DIRECTION ( 'NONE',  ( -0.000000000000000000, 0.000000000000000000, 1.000000000000000000 ) ) ;
#205 = ORIENTED_EDGE ( 'NONE', *, *, #505, .T. ) ;
#206 = CARTESIAN_POINT ( 'NONE',  ( 0.7851605379376266347, 2.028923954004115071, 6.455195358307356912 ) ) ;
#207 = DIRECTION ( 'NONE',  ( 0.000000000000000000, 0.000000000000000000, 1.000000000000000000 ) ) ;
#208 = CARTESIAN_POINT ( 'NONE',  ( 2.241476337462279922, 2.622648247210571881, -1.199999999999999734 ) ) ;
#209 = PLANE ( 'NONE',  #1254 ) ;
#210 = CARTESIAN_POINT ( 'NONE',  ( -1.850000000000000311, 2.672077843177476986, -2.000000000000000000 ) ) ;
#211 = EDGE_CURVE ( 'NONE', #552, #1025, #1586, .T. ) ;
#212 = ORIENTED_EDGE ( 'NONE', *, *, #97, .F. ) ;
#213 = FACE_OUTER_BOUND ( 'NONE', #2013, .T. ) ;
#214 = ORIENTED_EDGE ( 'NONE', *, *, #381, .T. ) ;
#215 = FACE_OUTER_BOUND ( 'NONE', #1143, .T. ) ;
#216 = LINE ( 'NONE', #3277, #2567 ) ;
#217 = B_SPLINE_CURVE_WITH_KNOTS ( 'NONE', 3,
 ( #3198, #1701, #2442, #1716 ),
 .UNSPECIFIED., .F., .F.,
 ( 4, 4 ),
 ( 3.171090083032679840E-07, 0.0003727142431904590996 ),
 .UNSPECIFIED. ) ;
#218 = ORIENTED_EDGE ( 'NONE', *, *, #1929, .T. ) ;
#219 = FACE_BOUND ( 'NONE', #2776, .T. ) ;
#220 = CARTESIAN_POINT ( 'NONE',  ( -1.850000000000000311, 2.672077843177476986, -0.2501455524838661626 ) ) ;
#221 = CIRCLE ( 'NONE', #275, 1.650000000000000133 ) ;
#222 = CARTESIAN_POINT ( 'NONE',  ( 1.851401585273282580, 2.318438726597218835, -0.7166335566568867721 ) ) ;
#223 = AXIS2_PLACEMENT_3D ( 'NONE', #1459, #2449, #434 ) ;
#224 = DIRECTION ( 'NONE',  ( 0.5692307692307687628, 0.8221777979007626191, 0.000000000000000000 ) ) ;
#225 = LINE ( 'NONE', #1253, #3218 ) ;
#226 = AXIS2_PLACEMENT_3D ( 'NONE', #2, #3265, #2505 ) ;
#227 = ORIENTED_EDGE ( 'NONE', *, *, #3132, .F. ) ;
#228 = DIRECTION ( 'NONE',  ( 0.000000000000000000, 1.000000000000000000, -0.000000000000000000 ) ) ;
#229 = VERTEX_POINT ( 'NONE', #762 ) ;
#230 = CARTESIAN_POINT ( 'NONE',  ( 0.3500000000000009215, 3.250000000000000000, 1.187263407503507562 ) ) ;
#231 = VECTOR ( 'NONE', #861, 1000.000000000000000 ) ;
#232 = FACE_OUTER_BOUND ( 'NONE', #3156, .T. ) ;
#233 = VERTEX_POINT ( 'NONE', #1477 ) ;
#234 = CARTESIAN_POINT ( 'NONE',  ( 0.7186466726323359477, 2.054646774784988139, 6.554149670293977437 ) ) ;
#235 = CARTESIAN_POINT ( 'NONE',  ( -1.562237770734732800, 2.871308612408246752, 1.187263407503507562 ) ) ;
#236 = EDGE_CURVE ( 'NONE', #2929, #1981, #747, .T. ) ;
#237 = EDGE_CURVE ( 'NONE', #1941, #2664, #2755, .T. ) ;
#238 = DIRECTION ( 'NONE',  ( -1.000000000000000000, 0.000000000000000000, 0.000000000000000000 ) ) ;
#239 = EDGE_CURVE ( 'NONE', #2000, #2918, #2181, .T. ) ;
#240 = DIRECTION ( 'NONE',  ( -0.000000000000000000, -0.000000000000000000, 1.000000000000000000 ) ) ;
#241 = ORIENTED_EDGE ( 'NONE', *, *, #36, .T. ) ;
#242 = DIRECTION ( 'NONE',  ( -4.565061778886335030E-16, 1.000000000000000000, 0.000000000000000000 ) ) ;
#243 = ORIENTED_EDGE ( 'NONE', *, *, #1886, .T. ) ;
#244 = FACE_OUTER_BOUND ( 'NONE', #1485, .T. ) ;
#245 =( BOUNDED_CURVE ( )  B_SPLINE_CURVE ( 3, ( #1768, #2762, #482, #1502 ),
 .UNSPECIFIED., .F., .T. ) 
 B_SPLINE_CURVE_WITH_KNOTS ( ( 4, 4 ),
 ( 0.8300736994568593818, 1.144179643412200464 ),
 .UNSPECIFIED. ) 
 CURVE ( )  GEOMETRIC_REPRESENTATION_ITEM ( )  RATIONAL_B_SPLINE_CURVE ( ( 1.000000000000000000, 0.9917950072644952098, 0.9917950072644952098, 1.000000000000000000 ) ) 
 REPRESENTATION_ITEM ( '' )  );
#246 = EDGE_CURVE ( 'NONE', #975, #1948, #2308, .T. ) ;
#247 = ORIENTED_EDGE ( 'NONE', *, *, #2884, .T. ) ;
#248 = DIRECTION ( 'NONE',  ( -0.000000000000000000, -0.000000000000000000, 1.000000000000000000 ) ) ;
#249 = ORIENTED_EDGE ( 'NONE', *, *, #2575, .T. ) ;
#250 = CARTESIAN_POINT ( 'NONE',  ( -0.7185891097911594194, 2.054654235991494549, 6.554146530259220782 ) ) ;
#251 = CARTESIAN_POINT ( 'NONE',  ( 1.380272765741162173E-15, -3.437307692307693507, 6.000000000000000000 ) ) ;
#252 = AXIS2_PLACEMENT_3D ( 'NONE', #573, #1572, #2083 ) ;
#253 = CYLINDRICAL_SURFACE ( 'NONE', #2198, 0.3499999999999999778 ) ;
#254 = CARTESIAN_POINT ( 'NONE',  ( -1.499999999989532373, -2.746052331473439079, -0.8788164169770836809 ) ) ;
#255 = CARTESIAN_POINT ( 'NONE',  ( -1.849999999999999867, -1.650000000000000355, -2.000000000000000000 ) ) ;
#256 = CARTESIAN_POINT ( 'NONE',  ( -1.499999999990608623, 2.605418787384965018, -0.7561840159969860364 ) ) ;
#257 = EDGE_CURVE ( 'NONE', #283, #688, #2287, .T. ) ;
#258 = EDGE_CURVE ( 'NONE', #2811, #975, #1543, .T. ) ;
#259 = APPROVAL ( #1633, 'UNSPECIFIED' ) ;
#260 = AXIS2_PLACEMENT_3D ( 'NONE', #1677, #2654, #2684 ) ;
#261 = ORIENTED_EDGE ( 'NONE', *, *, #236, .T. ) ;
#262 = CARTESIAN_POINT ( 'NONE',  ( 0.000000000000000000, 3.250000000000000000, 0.5000000000000000000 ) ) ;
#263 = AXIS2_PLACEMENT_3D ( 'NONE', #1922, #2393, #3210 ) ;
#264 = ORIENTED_EDGE ( 'NONE', *, *, #2028, .T. ) ;
#265 = CARTESIAN_POINT ( 'NONE',  ( 0.000000000000000000, 0.000000000000000000, 0.5000000000000000000 ) ) ;
#266 = EDGE_CURVE ( 'NONE', #1741, #1132, #2768, .T. ) ;
#267 = VERTEX_POINT ( 'NONE', #2589 ) ;
#268 = DIRECTION ( 'NONE',  ( -1.000000000000000000, 0.000000000000000000, 0.000000000000000000 ) ) ;
#269 = VERTEX_POINT ( 'NONE', #3110 ) ;
#270 = CARTESIAN_POINT ( 'NONE',  ( -1.499999999999936495, 2.672077843177559142, -0.8143106892089514437 ) ) ;
#271 = CARTESIAN_POINT ( 'NONE',  ( 0.6344884488436142167, 3.391153846153846629, 0.5000000000000000000 ) ) ;
#272 = DIRECTION ( 'NONE',  ( -0.000000000000000000, 0.000000000000000000, 1.000000000000000000 ) ) ;
#273 = CARTESIAN_POINT ( 'NONE',  ( 1.850000000000000311, 0.000000000000000000, 0.5000000000000000000 ) ) ;
#274 = VERTEX_POINT ( 'NONE', #1311 ) ;
#275 = AXIS2_PLACEMENT_3D ( 'NONE', #3196, #409, #2440 ) ;
#276 = CARTESIAN_POINT ( 'NONE',  ( -2.241476337462279922, 2.622648247210571881, -2.000000000000000000 ) ) ;
#277 = CIRCLE ( 'NONE', #1561, 0.3500000000000000333 ) ;
#278 = ORIENTED_EDGE ( 'NONE', *, *, #2673, .T. ) ;
#279 = AXIS2_PLACEMENT_3D ( 'NONE', #1977, #2771, #1482 ) ;
#280 = DIRECTION ( 'NONE',  ( 0.9659258262890700886, 0.000000000000000000, 0.2588190451025141336 ) ) ;
#281 = ORIENTED_EDGE ( 'NONE', *, *, #1005, .T. ) ;
#282 = CARTESIAN_POINT ( 'NONE',  ( 0.2394975119304028899, -2.991079558385603132, -0.7505480884529923680 ) ) ;
#283 = VERTEX_POINT ( 'NONE', #1596 ) ;
#284 = CARTESIAN_POINT ( 'NONE',  ( 0.9000000000000024647, -1.980056817366611543, 4.775333355422418435 ) ) ;
#285 = VERTEX_POINT ( 'NONE', #815 ) ;
#286 = CARTESIAN_POINT ( 'NONE',  ( 1.562237770734733022, 2.871308612408246752, -1.018791825736230061 ) ) ;
#287 = CARTESIAN_POINT ( 'NONE',  ( -2.797034420842418712, -2.019677808122552598, 1.300000000000000044 ) ) ;
#288 = VECTOR ( 'NONE', #1917, 1000.000000000000000 ) ;
#289 = CARTESIAN_POINT ( 'NONE',  ( 0.9000000000000004663, -1.980056817366611988, 6.120356979563529087 ) ) ;
#290 = CALENDAR_DATE ( 2025, 17, 11 ) ;
#291 = ORIENTED_EDGE ( 'NONE', *, *, #2844, .T. ) ;
#292 = CARTESIAN_POINT ( 'NONE',  ( -0.2956743210644751652, 3.057709726793814031, -0.8218699395925410656 ) ) ;
#293 = EDGE_CURVE ( 'NONE', #3205, #705, #852, .T. ) ;
#294 = LINE ( 'NONE', #859, #2253 ) ;
#295 = AXIS2_PLACEMENT_3D ( 'NONE', #416, #146, #2682 ) ;
#296 = ORIENTED_EDGE ( 'NONE', *, *, #564, .T. ) ;
#297 = DIRECTION ( 'NONE',  ( 1.000000000000000000, 0.000000000000000000, 0.000000000000000000 ) ) ;
#298 = EDGE_LOOP ( 'NONE', ( #2088, #1300, #2481 ) ) ;
#299 = CYLINDRICAL_SURFACE ( 'NONE', #2386, 0.6499999999999995781 ) ;
#300 = ADVANCED_FACE ( 'NONE', ( #2552 ), #2341, .F. ) ;
#301 = EDGE_CURVE ( 'NONE', #3081, #2170, #782, .T. ) ;
#302 = EDGE_CURVE ( 'NONE', #806, #979, #692, .T. ) ;
#303 = ORIENTED_EDGE ( 'NONE', *, *, #360, .T. ) ;
#304 = DIRECTION ( 'NONE',  ( 1.000000000000000000, 0.000000000000000000, 0.000000000000000000 ) ) ;
#305 = EDGE_LOOP ( 'NONE', ( #3255, #1785, #1551, #612 ) ) ;
#306 = DIRECTION ( 'NONE',  ( -1.000000000000000000, 0.000000000000000000, 0.000000000000000000 ) ) ;
#307 = CARTESIAN_POINT ( 'NONE',  ( -2.241476337462280810, -2.622648247210571437, -1.199999999999999734 ) ) ;
#308 = DIRECTION ( 'NONE',  ( 1.000000000000000000, 0.000000000000000000, 0.000000000000000000 ) ) ;
#309 = PERSON_AND_ORGANIZATION_ROLE ( 'creator' ) ;
#310 = ORIENTED_EDGE ( 'NONE', *, *, #134, .F. ) ;
#311 = CARTESIAN_POINT ( 'NONE',  ( 1.557432432432432234, -1.623854740550274567, 5.972877042869646935 ) ) ;
#312 = VECTOR ( 'NONE', #2237, 1000.000000000000000 ) ;
#313 = DIRECTION ( 'NONE',  ( -0.000000000000000000, -0.000000000000000000, -1.000000000000000000 ) ) ;
#314 = ADVANCED_FACE ( 'NONE', ( #2304, #1843 ), #2835, .T. ) ;
#315 = AXIS2_PLACEMENT_3D ( 'NONE', #1178, #105, #2121 ) ;
#316 = VERTEX_POINT ( 'NONE', #1823 ) ;
#317 = DIRECTION ( 'NONE',  ( -0.000000000000000000, -0.000000000000000000, -1.000000000000000000 ) ) ;
#318 = ORIENTED_EDGE ( 'NONE', *, *, #2009, .F. ) ;
#319 = DIRECTION ( 'NONE',  ( 0.000000000000000000, 0.000000000000000000, 1.000000000000000000 ) ) ;
#320 = VERTEX_POINT ( 'NONE', #2105 ) ;
#321 = LINE ( 'NONE', #1343, #437 ) ;
#322 = ORIENTED_EDGE ( 'NONE', *, *, #1186, .F. ) ;
#323 = DIRECTION ( 'NONE',  ( 0.5692307692307702061, -0.8221777979007616199, -0.000000000000000000 ) ) ;
#324 = DIRECTION ( 'NONE',  ( 1.000000000000000000, 0.000000000000000000, 0.000000000000000000 ) ) ;
#325 = ADVANCED_FACE ( 'NONE', ( #1540 ), #796, .F. ) ;
#326 = DIRECTION ( 'NONE',  ( 1.000000000000000000, 0.000000000000000000, 0.000000000000000000 ) ) ;
#327 = ORIENTED_EDGE ( 'NONE', *, *, #921, .T. ) ;
#328 = DIRECTION ( 'NONE',  ( 1.000000000000000000, 0.000000000000000000, 0.000000000000000000 ) ) ;
#329 = CARTESIAN_POINT ( 'NONE',  ( -0.3500000000000009215, 3.250000000000000000, -1.018791825736230061 ) ) ;
#330 = AXIS2_PLACEMENT_3D ( 'NONE', #1223, #1433, #7 ) ;
#331 = ORIENTED_EDGE ( 'NONE', *, *, #1152, .T. ) ;
#332 = DIRECTION ( 'NONE',  ( -0.000000000000000000, 0.000000000000000000, 1.000000000000000000 ) ) ;
#333 = AXIS2_PLACEMENT_3D ( 'NONE', #1954, #1412, #150 ) ;
#334 = VERTEX_POINT ( 'NONE', #18 ) ;
#335 = CARTESIAN_POINT ( 'NONE',  ( 0.000000000000000000, 0.000000000000000000, 0.000000000000000000 ) ) ;
#336 = CIRCLE ( 'NONE', #2040, 0.6499999999999995781 ) ;
#337 = ORIENTED_EDGE ( 'NONE', *, *, #1685, .T. ) ;
#338 = FACE_OUTER_BOUND ( 'NONE', #2761, .T. ) ;
#339 = ORIENTED_EDGE ( 'NONE', *, *, #865, .T. ) ;
#340 = CARTESIAN_POINT ( 'NONE',  ( -1.562237770734732800, 2.871308612408246752, -2.000000000000000000 ) ) ;
#341 = VECTOR ( 'NONE', #1884, 1000.000000000000000 ) ;
#342 = CARTESIAN_POINT ( 'NONE',  ( -3.029851481508623934, 1.649999999999999911, -1.199999999999999734 ) ) ;
#343 = CARTESIAN_POINT ( 'NONE',  ( 0.7185891097911591974, -2.054654235991494549, 6.554146530259220782 ) ) ;
#344 = B_SPLINE_CURVE_WITH_KNOTS ( 'NONE', 3,
 ( #2553, #853, #2057, #1824 ),
 .UNSPECIFIED., .F., .F.,
 ( 4, 4 ),
 ( 2.835770322501966274E-07, 0.0002572532448343870697 ),
 .UNSPECIFIED. ) ;
#345 = ORIENTED_EDGE ( 'NONE', *, *, #3272, .F. ) ;
#346 = DIRECTION ( 'NONE',  ( 1.000000000000000000, 0.000000000000000000, 0.000000000000000000 ) ) ;
#347 = EDGE_CURVE ( 'NONE', #2765, #1767, #2039, .T. ) ;
#348 = ADVANCED_FACE ( 'NONE', ( #3092 ), #3307, .T. ) ;
#349 = EDGE_CURVE ( 'NONE', #2497, #15, #1490, .T. ) ;
#350 = AXIS2_PLACEMENT_3D ( 'NONE', #2196, #3217, #2722 ) ;
#351 = DIRECTION ( 'NONE',  ( 1.000000000000000000, 0.000000000000000000, 0.000000000000000000 ) ) ;
#352 = VECTOR ( 'NONE', #533, 1000.000000000000000 ) ;
#353 = EDGE_LOOP ( 'NONE', ( #261, #1216, #743, #3271 ) ) ;
#354 = CARTESIAN_POINT ( 'NONE',  ( 0.000000000000000000, 0.000000000000000000, 1.300000000000000044 ) ) ;
#355 = EDGE_LOOP ( 'NONE', ( #2870, #2131, #1455, #1854 ) ) ;
#356 = CARTESIAN_POINT ( 'NONE',  ( 0.000000000000000000, 0.000000000000000000, -2.000000000000000000 ) ) ;
#357 = ORIENTED_EDGE ( 'NONE', *, *, #2023, .F. ) ;
#358 = PLANE ( 'NONE',  #2813 ) ;
#359 = CARTESIAN_POINT ( 'NONE',  ( -1.850000000000000311, 1.649999999999999023, -0.2289110512481072057 ) ) ;
#360 = EDGE_CURVE ( 'NONE', #3122, #1039, #1724, .T. ) ;
#361 = LINE ( 'NONE', #1878, #1457 ) ;
#362 = APPLICATION_PROTOCOL_DEFINITION ( 'international standard', 'config_control_design', 1994, #817 ) ;
#363 = DIRECTION ( 'NONE',  ( -4.565061778886335030E-16, 1.000000000000000000, 0.000000000000000000 ) ) ;
#364 = DIRECTION ( 'NONE',  ( 1.000000000000000000, 0.000000000000000000, 0.000000000000000000 ) ) ;
#365 = CARTESIAN_POINT ( 'NONE',  ( 0.000000000000000000, 0.000000000000000000, -2.000000000000000000 ) ) ;
#366 = APPROVAL ( #3167, 'UNSPECIFIED' ) ;
#367 = AXIS2_PLACEMENT_3D ( 'NONE', #2928, #1868, #100 ) ;
#368 = VERTEX_POINT ( 'NONE', #2571 ) ;
#369 = DIRECTION ( 'NONE',  ( -0.000000000000000000, -0.000000000000000000, -1.000000000000000000 ) ) ;
#370 = ORIENTED_EDGE ( 'NONE', *, *, #564, .F. ) ;
#371 = DIRECTION ( 'NONE',  ( -0.000000000000000000, 0.000000000000000000, 1.000000000000000000 ) ) ;
#372 = VERTEX_POINT ( 'NONE', #2667 ) ;
#373 = LINE ( 'NONE', #1396, #2127 ) ;
#374 = CARTESIAN_POINT ( 'NONE',  ( 2.797034420842418712, -2.019677808122552598, -0.2501455524838661626 ) ) ;
#375 = CARTESIAN_POINT ( 'NONE',  ( 0.9000000000000005773, 1.980056817366612432, 4.775333355422418435 ) ) ;
#376 = CARTESIAN_POINT ( 'NONE',  ( 1.505900184162562550, -2.594448077433411992, -0.7497090490694556797 ) ) ;
#377 = CARTESIAN_POINT ( 'NONE',  ( 0.000000000000000000, 0.000000000000000000, -1.199999999999999734 ) ) ;
#378 = VERTEX_POINT ( 'NONE', #3160 ) ;
#379 = PLANE ( 'NONE',  #2172 ) ;
#380 = VECTOR ( 'NONE', #3135, 999.9999999999998863 ) ;
#381 = EDGE_CURVE ( 'NONE', #1352, #576, #2139, .T. ) ;
#382 = ORIENTED_EDGE ( 'NONE', *, *, #749, .F. ) ;
#383 = CIRCLE ( 'NONE', #604, 0.5000000000000004441 ) ;
#384 = FACE_OUTER_BOUND ( 'NONE', #187, .T. ) ;
#385 = ORIENTED_EDGE ( 'NONE', *, *, #1480, .T. ) ;
#386 = DIRECTION ( 'NONE',  ( -1.000000000000000000, 7.350523203291558209E-16, 0.000000000000000000 ) ) ;
#387 = AXIS2_PLACEMENT_3D ( 'NONE', #87, #591, #2302 ) ;
#388 = CARTESIAN_POINT ( 'NONE',  ( -4.109355105712236454E-16, -2.000000000000000000, -0.3047202988160427339 ) ) ;
#389 = CIRCLE ( 'NONE', #2942, 1.650000000000000355 ) ;
#390 = LINE ( 'NONE', #422, #700 ) ;
#391 = CARTESIAN_POINT ( 'NONE',  ( 0.5000000000029972691, -2.116748686074259478, 5.999999999998802735 ) ) ;
#392 = CARTESIAN_POINT ( 'NONE',  ( 0.3500000000000009215, 3.432200460346102933, -1.199999999999999734 ) ) ;
#393 = CARTESIAN_POINT ( 'NONE',  ( 1.200000000000001066, -2.672077843177476986, 0.5000000000000000000 ) ) ;
#394 = EDGE_CURVE ( 'NONE', #680, #233, #2418, .T. ) ;
#395 = VECTOR ( 'NONE', #2332, 1000.000000000000000 ) ;
#396 = ORIENTED_EDGE ( 'NONE', *, *, #1044, .F. ) ;
#397 = DIRECTION ( 'NONE',  ( -0.000000000000000000, -0.000000000000000000, -1.000000000000000000 ) ) ;
#398 = VERTEX_POINT ( 'NONE', #613 ) ;
#399 = CARTESIAN_POINT ( 'NONE',  ( 1.850000000000000311, 0.000000000000000000, 0.5000000000000000000 ) ) ;
#400 = EDGE_LOOP ( 'NONE', ( #1743, #129, #2301, #843 ) ) ;
#401 = DIRECTION ( 'NONE',  ( 0.000000000000000000, 0.000000000000000000, 1.000000000000000000 ) ) ;
#402 = ADVANCED_FACE ( 'NONE', ( #2696 ), #132, .F. ) ;
#403 = EDGE_CURVE ( 'NONE', #1948, #688, #483, .T. ) ;
#404 = EDGE_CURVE ( 'NONE', #2528, #723, #1165, .T. ) ;
#405 = DIRECTION ( 'NONE',  ( 0.000000000000000000, 0.000000000000000000, 1.000000000000000000 ) ) ;
#406 = VERTEX_POINT ( 'NONE', #148 ) ;
#407 = DIRECTION ( 'NONE',  ( -0.000000000000000000, -0.000000000000000000, 1.000000000000000000 ) ) ;
#408 = B_SPLINE_CURVE_WITH_KNOTS ( 'NONE', 3,
 ( #3208, #1711, #2714, #3166 ),
 .UNSPECIFIED., .F., .F.,
 ( 4, 4 ),
 ( 3.430289775014995843E-07, 0.0002573126967796376691 ),
 .UNSPECIFIED. ) ;
#409 = DIRECTION ( 'NONE',  ( -0.000000000000000000, 0.000000000000000000, 1.000000000000000000 ) ) ;
#410 = DIRECTION ( 'NONE',  ( 1.000000000000000000, 0.000000000000000000, 0.000000000000000000 ) ) ;
#411 = CARTESIAN_POINT ( 'NONE',  ( -2.172338831993122721, 2.522788357212356836, -1.079185305053641075 ) ) ;
#412 = EDGE_CURVE ( 'NONE', #316, #285, #967, .T. ) ;
#413 = ORIENTED_EDGE ( 'NONE', *, *, #1568, .F. ) ;
#414 = FACE_OUTER_BOUND ( 'NONE', #2397, .T. ) ;
#415 = ORIENTED_EDGE ( 'NONE', *, *, #2865, .F. ) ;
#416 = CARTESIAN_POINT ( 'NONE',  ( 1.380272765741162173E-15, 1.500000000000000000, 6.000000000000000000 ) ) ;
#417 = EDGE_LOOP ( 'NONE', ( #2516, #1571, #2712, #918 ) ) ;
#418 = DIRECTION ( 'NONE',  ( -0.000000000000000000, 0.000000000000000000, 1.000000000000000000 ) ) ;
#419 = VECTOR ( 'NONE', #678, 1000.000000000000000 ) ;
#420 = DIRECTION ( 'NONE',  ( -0.000000000000000000, 0.000000000000000000, 1.000000000000000000 ) ) ;
#421 = ORIENTED_EDGE ( 'NONE', *, *, #2945, .F. ) ;
#422 = CARTESIAN_POINT ( 'NONE',  ( -2.797034420842418712, 2.019677808122553486, -0.2501455524838661626 ) ) ;
#423 = DIRECTION ( 'NONE',  ( 0.000000000000000000, 0.000000000000000000, 1.000000000000000000 ) ) ;
#424 = CARTESIAN_POINT ( 'NONE',  ( 1.562237770734732800, -2.871308612408246752, 1.187263407503507562 ) ) ;
#425 = CARTESIAN_POINT ( 'NONE',  ( 0.000000000000000000, 0.000000000000000000, 1.300000000000000044 ) ) ;
#426 = ORIENTED_EDGE ( 'NONE', *, *, #752, .T. ) ;
#427 = DIRECTION ( 'NONE',  ( -1.000000000000000000, 0.000000000000000000, 0.000000000000000000 ) ) ;
#428 = EDGE_LOOP ( 'NONE', ( #2834, #1581, #3290, #738 ) ) ;
#429 = DIRECTION ( 'NONE',  ( 2.940209281316622988E-16, 1.000000000000000000, -0.000000000000000000 ) ) ;
#430 = EDGE_LOOP ( 'NONE', ( #1501, #914, #1289, #1077 ) ) ;
#431 = DIRECTION ( 'NONE',  ( -0.000000000000000000, -0.000000000000000000, -1.000000000000000000 ) ) ;
#432 = AXIS2_PLACEMENT_3D ( 'NONE', #3112, #2342, #2357 ) ;
#433 = VERTEX_POINT ( 'NONE', #2155 ) ;
#434 = DIRECTION ( 'NONE',  ( 1.000000000000000000, 0.000000000000000000, 0.000000000000000000 ) ) ;
#435 = ORIENTED_EDGE ( 'NONE', *, *, #2023, .T. ) ;
#436 = CARTESIAN_POINT ( 'NONE',  ( -1.850000000000000311, 1.649999999999999023, -2.000000000000000000 ) ) ;
#437 = VECTOR ( 'NONE', #71, 1000.000000000000000 ) ;
#438 = CARTESIAN_POINT ( 'NONE',  ( -0.3500000000000009215, 3.250000000000000000, 1.187263407503507562 ) ) ;
#439 = VECTOR ( 'NONE', #1975, 1000.000000000000000 ) ;
#440 = CARTESIAN_POINT ( 'NONE',  ( -1.850000000000000311, -2.672077843177476986, 1.300000000000000044 ) ) ;
#441 = PLANE ( 'NONE',  #2949 ) ;
#442 = CARTESIAN_POINT ( 'NONE',  ( 0.2616053763627830264, 2.161228251027472069, 5.554400000715173036 ) ) ;
#443 = EDGE_CURVE ( 'NONE', #2612, #2899, #1018, .T. ) ;
#444 = ADVANCED_FACE ( 'NONE', ( #3145 ), #358, .F. ) ;
#445 = EDGE_CURVE ( 'NONE', #1903, #1867, #2869, .T. ) ;
#446 = VERTEX_POINT ( 'NONE', #884 ) ;
#447 = CARTESIAN_POINT ( 'NONE',  ( -1.108172715006625397, 1.885435571217153328, 4.719553644550200211 ) ) ;
#448 = AXIS2_PLACEMENT_3D ( 'NONE', #2711, #429, #2466 ) ;
#449 = ORIENTED_EDGE ( 'NONE', *, *, #1111, .F. ) ;
#450 = FACE_OUTER_BOUND ( 'NONE', #1721, .T. ) ;
#451 = ORIENTED_EDGE ( 'NONE', *, *, #2626, .T. ) ;
#452 = DIRECTION ( 'NONE',  ( 0.8571673007021116675, 1.049727191138617833E-16, -0.5150380749100552658 ) ) ;
#453 = ORIENTED_EDGE ( 'NONE', *, *, #485, .F. ) ;
#454 = DIRECTION ( 'NONE',  ( -0.000000000000000000, 0.000000000000000000, 1.000000000000000000 ) ) ;
#455 = VECTOR ( 'NONE', #2220, 1000.000000000000000 ) ;
#456 = ORIENTED_EDGE ( 'NONE', *, *, #3056, .T. ) ;
#457 = CARTESIAN_POINT ( 'NONE',  ( -1.562237770734732578, -2.871308612408246752, 1.187263407503507562 ) ) ;
#458 = EDGE_CURVE ( 'NONE', #3175, #1316, #1434, .T. ) ;
#459 = CARTESIAN_POINT ( 'NONE',  ( -3.029851481508623046, -1.650000000000000799, -2.000000000000000000 ) ) ;
#460 = CARTESIAN_POINT ( 'NONE',  ( 2.137762229265269820, 2.472847073946711660, -1.018791825736230061 ) ) ;
#461 = CARTESIAN_POINT ( 'NONE',  ( -2.425672657086214396E-16, 1.650000000000000355, 1.300000000000000044 ) ) ;
#462 = DIRECTION ( 'NONE',  ( 1.000000000000000000, 0.000000000000000000, 0.000000000000000000 ) ) ;
#463 = B_SPLINE_CURVE_WITH_KNOTS ( 'NONE', 3,
 ( #85, #910, #2398, #1670, #1419, #1144, #2162, #1375, #3140, #639 ),
 .UNSPECIFIED., .F., .F.,
 ( 4, 2, 2, 2, 4 ),
 ( 0.0007844466376970824807, 0.001176514064102427825, 0.001568581490507772952, 0.001960648916913118080, 0.002352716343318463858 ),
 .UNSPECIFIED. ) ;
#464 = B_SPLINE_CURVE_WITH_KNOTS ( 'NONE', 3,
 ( #2874, #289, #838, #1616, #343, #2607, #3094, #2574, #76, #1599, #2343, #598, #1105, #2391, #1381, #2107, #541, #563 ),
 .UNSPECIFIED., .F., .F.,
 ( 4, 2, 2, 2, 2, 2, 2, 2, 4 ),
 ( 0.000000000000000000, 0.0003555845752400143569, 0.0007111691504800287137, 0.001066753725720043016, 0.001422338300960057427, 0.001777922876200071839, 0.002133507451440086033, 0.002489092026680100444, 0.002844676601920114855 ),
 .UNSPECIFIED. ) ;
#465 = ORIENTED_EDGE ( 'NONE', *, *, #3164, .F. ) ;
#466 = CARTESIAN_POINT ( 'NONE',  ( -0.8999999999999985789, -3.437307692307693952, 6.000000000000000000 ) ) ;
#467 = VERTEX_POINT ( 'NONE', #3178 ) ;
#468 = PLANE ( 'NONE',  #3137 ) ;
#469 = AXIS2_PLACEMENT_3D ( 'NONE', #1043, #1788, #2033 ) ;
#470 = DIRECTION ( 'NONE',  ( -1.000000000000000000, -1.470104640658311494E-16, 0.000000000000000000 ) ) ;
#471 = VERTEX_POINT ( 'NONE', #1893 ) ;
#472 = CARTESIAN_POINT ( 'NONE',  ( -0.1201059653517525944, 2.174936956949605094, 6.899847645859229495 ) ) ;
#473 = CARTESIAN_POINT ( 'NONE',  ( -2.137762229265268044, 2.472847073946707663, 1.187263407503507562 ) ) ;
#474 = LOCAL_TIME ( 11, 33, 42.00000000000000000, #1828 ) ;
#475 = AXIS2_PLACEMENT_3D ( 'NONE', #2205, #1726, #201 ) ;
#476 = DIRECTION ( 'NONE',  ( -0.000000000000000000, -0.000000000000000000, 1.000000000000000000 ) ) ;
#477 = CARTESIAN_POINT ( 'NONE',  ( 2.137762229265268044, 2.472847073946707663, 1.187263407503507562 ) ) ;
#478 = DIRECTION ( 'NONE',  ( -0.9659258262890698665, 0.000000000000000000, -0.2588190451025151329 ) ) ;
#479 = ORIENTED_EDGE ( 'NONE', *, *, #1886, .F. ) ;
#480 = FACE_BOUND ( 'NONE', #1030, .T. ) ;
#481 = ORIENTED_EDGE ( 'NONE', *, *, #905, .F. ) ;
#482 = CARTESIAN_POINT ( 'NONE',  ( 1.108172715006625397, 1.885435571217152884, 4.719553644550201099 ) ) ;
#483 =( BOUNDED_CURVE ( )  B_SPLINE_CURVE ( 3, ( #2919, #1365, #661, #900 ),
 .UNSPECIFIED., .F., .T. ) 
 B_SPLINE_CURVE_WITH_KNOTS ( ( 4, 4 ),
 ( 4.946188009714716394, 6.283185307179586232 ),
 .UNSPECIFIED. ) 
 CURVE ( )  GEOMETRIC_REPRESENTATION_ITEM ( )  RATIONAL_B_SPLINE_CURVE ( ( 1.000000000000000000, 0.8565020668271495774, 0.8565020668271495774, 1.000000000000000000 ) ) 
 REPRESENTATION_ITEM ( '' )  );
#484 = EDGE_CURVE ( 'NONE', #1792, #2383, #2904, .T. ) ;
#485 = EDGE_CURVE ( 'NONE', #1132, #2598, #2932, .T. ) ;
#486 = CARTESIAN_POINT ( 'NONE',  ( 1.562237770734732800, -2.871308612408246752, 1.187263407503507562 ) ) ;
#487 = ORIENTED_EDGE ( 'NONE', *, *, #1159, .T. ) ;
#488 = CARTESIAN_POINT ( 'NONE',  ( -0.5546414290037614547, 2.104839001781587893, 6.718207192209498579 ) ) ;
#489 = DIRECTION ( 'NONE',  ( -0.000000000000000000, 0.000000000000000000, 1.000000000000000000 ) ) ;
#490 = AXIS2_PLACEMENT_3D ( 'NONE', #2005, #1001, #1017 ) ;
#491 = CARTESIAN_POINT ( 'NONE',  ( 1.557432432432432012, -1.623854740550274123, 0.000000000000000000 ) ) ;
#492 = VECTOR ( 'NONE', #2054, 1000.000000000000000 ) ;
#493 = DIRECTION ( 'NONE',  ( -0.000000000000000000, -0.000000000000000000, -1.000000000000000000 ) ) ;
#494 = FACE_OUTER_BOUND ( 'NONE', #1148, .T. ) ;
#495 = AXIS2_PLACEMENT_3D ( 'NONE', #1349, #56, #1845 ) ;
#496 = VECTOR ( 'NONE', #735, 1000.000000000000000 ) ;
#497 = EDGE_CURVE ( 'NONE', #2166, #2150, #1659, .T. ) ;
#498 = ADVANCED_BREP_SHAPE_REPRESENTATION ( 'OLY014_01921-', ( #1663, #2179 ), #1653 ) ;
#499 = ORIENTED_EDGE ( 'NONE', *, *, #3221, .T. ) ;
#500 = B_SPLINE_CURVE_WITH_KNOTS ( 'NONE', 3,
 ( #842, #824, #1832, #1640, #568, #2647, #1584, #1849, #2611, #1386, #2594, #2396 ),
 .UNSPECIFIED., .F., .F.,
 ( 4, 2, 2, 2, 2, 4 ),
 ( 0.0002931990290214026951, 0.0005561547882835342609, 0.0006876326679146004504, 0.0008191105475456668568, 0.001082066306807799453, 0.001345022066069931832 ),
 .UNSPECIFIED. ) ;
#501 = CYLINDRICAL_SURFACE ( 'NONE', #2897, 3.450000000000000178 ) ;
#502 = ORIENTED_EDGE ( 'NONE', *, *, #2604, .T. ) ;
#503 = DIRECTION ( 'NONE',  ( 0.000000000000000000, 0.000000000000000000, 1.000000000000000000 ) ) ;
#504 = VERTEX_POINT ( 'NONE', #2373 ) ;
#505 = EDGE_CURVE ( 'NONE', #3095, #316, #43, .T. ) ;
#506 = DIRECTION ( 'NONE',  ( 1.000000000000000000, 0.000000000000000000, 0.000000000000000000 ) ) ;
#507 = EDGE_CURVE ( 'NONE', #1492, #795, #373, .T. ) ;
#508 = EDGE_LOOP ( 'NONE', ( #1227, #1933, #3186, #2108, #2640, #672, #1079, #1405, #3105, #999 ) ) ;
#509 = CARTESIAN_POINT ( 'NONE',  ( -0.4554666065295416844, 2.129591062997461037, 6.785029892380511463 ) ) ;
#510 = EDGE_CURVE ( 'NONE', #2150, #1539, #2548, .T. ) ;
#511 = CARTESIAN_POINT ( 'NONE',  ( 0.000000000000000000, 0.000000000000000000, 0.5000000000000000000 ) ) ;
#512 = B_SPLINE_CURVE_WITH_KNOTS ( 'NONE', 3,
 ( #2854, #2627, #1369, #2358 ),
 .UNSPECIFIED., .F., .F.,
 ( 4, 4 ),
 ( 0.002283518641337969283, 0.003811867856756724626 ),
 .UNSPECIFIED. ) ;
#513 = CARTESIAN_POINT ( 'NONE',  ( 1.501590919108808819, 2.724369852865831998, -0.8607678817868629206 ) ) ;
#514 = CARTESIAN_POINT ( 'NONE',  ( 0.000000000000000000, 3.250000000000000000, 1.300000000000000044 ) ) ;
#515 = DIRECTION ( 'NONE',  ( 0.000000000000000000, 0.000000000000000000, 1.000000000000000000 ) ) ;
#516 = CARTESIAN_POINT ( 'NONE',  ( -1.298983814184730301, 1.759418969427747781, 4.668425964618533541 ) ) ;
#517 = ORIENTED_EDGE ( 'NONE', *, *, #2865, .T. ) ;
#518 = EDGE_CURVE ( 'NONE', #881, #1563, #3028, .T. ) ;
#519 = LINE ( 'NONE', #1607, #893 ) ;
#520 = ORIENTED_EDGE ( 'NONE', *, *, #1694, .T. ) ;
#521 = DIRECTION ( 'NONE',  ( -1.470104640658311494E-16, 1.000000000000000000, 0.000000000000000000 ) ) ;
#522 = VERTEX_POINT ( 'NONE', #120 ) ;
#523 = CARTESIAN_POINT ( 'NONE',  ( 2.241476337462280810, 2.622648247210572325, -2.000000000000000000 ) ) ;
#524 = VERTEX_POINT ( 'NONE', #2222 ) ;
#525 = DIRECTION ( 'NONE',  ( 1.000000000000000000, 0.000000000000000000, 0.000000000000000000 ) ) ;
#526 = CARTESIAN_POINT ( 'NONE',  ( 1.850000000000000311, -2.672077843177476986, -2.000000000000000000 ) ) ;
#527 = AXIS2_PLACEMENT_3D ( 'NONE', #2649, #2151, #2679 ) ;
#528 = DIRECTION ( 'NONE',  ( -0.000000000000000000, 0.000000000000000000, 1.000000000000000000 ) ) ;
#529 = CARTESIAN_POINT ( 'NONE',  ( 1.408686796762323334, 3.149301749376757886, 1.300000000000000044 ) ) ;
#530 = VERTEX_POINT ( 'NONE', #2448 ) ;
#531 = DIRECTION ( 'NONE',  ( -0.000000000000000000, -0.000000000000000000, -1.000000000000000000 ) ) ;
#532 = EDGE_LOOP ( 'NONE', ( #1610, #3075, #1374, #2053, #247, #1813, #2340, #2048, #1520, #2986, #86, #451, #851, #30, #2125, #1211, #1588 ) ) ;
#533 = DIRECTION ( 'NONE',  ( -4.565061778886335030E-16, 1.000000000000000000, -0.000000000000000000 ) ) ;
#534 = ORIENTED_EDGE ( 'NONE', *, *, #3199, .F. ) ;
#535 = DIRECTION ( 'NONE',  ( -0.000000000000000000, 0.000000000000000000, 1.000000000000000000 ) ) ;
#536 = VERTEX_POINT ( 'NONE', #1953 ) ;
#537 = CARTESIAN_POINT ( 'NONE',  ( -0.8999999999999985789, -3.437307692307693952, 6.000000000000000000 ) ) ;
#538 = ORIENTED_EDGE ( 'NONE', *, *, #394, .F. ) ;
#539 = CARTESIAN_POINT ( 'NONE',  ( -0.1999999999999998723, 0.000000000000000000, -2.000000000000000000 ) ) ;
#540 = CARTESIAN_POINT ( 'NONE',  ( -2.137762229265269820, -2.472847073946711216, -1.018791825736229617 ) ) ;
#541 = CARTESIAN_POINT ( 'NONE',  ( -0.8999999999999989120, -1.980056817366613098, 6.120391030441827418 ) ) ;
#542 = DIRECTION ( 'NONE',  ( 1.000000000000000000, 0.000000000000000000, 0.000000000000000000 ) ) ;
#543 = VERTEX_POINT ( 'NONE', #726 ) ;
#544 = CIRCLE ( 'NONE', #1191, 0.6499999999999995781 ) ;
#545 = DIRECTION ( 'NONE',  ( 0.000000000000000000, 0.000000000000000000, 1.000000000000000000 ) ) ;
#546 = VECTOR ( 'NONE', #1494, 1000.000000000000000 ) ;
#547 = LINE ( 'NONE', #2634, #1565 ) ;
#548 = ADVANCED_FACE ( 'NONE', ( #2965 ), #1489, .F. ) ;
#549 = EDGE_CURVE ( 'NONE', #406, #2793, #1196, .T. ) ;
#550 = ADVANCED_FACE ( 'NONE', ( #166 ), #1986, .T. ) ;
#551 = VECTOR ( 'NONE', #16, 1000.000000000000000 ) ;
#552 = VERTEX_POINT ( 'NONE', #980 ) ;
#553 = VECTOR ( 'NONE', #922, 1000.000000000000000 ) ;
#554 = CARTESIAN_POINT ( 'NONE',  ( -2.797034420842418712, 2.019677808122553486, 0.5000000000000000000 ) ) ;
#555 = EDGE_LOOP ( 'NONE', ( #2279, #1998, #757, #677 ) ) ;
#556 = CYLINDRICAL_SURFACE ( 'NONE', #252, 3.450000000000000178 ) ;
#557 = ORIENTED_EDGE ( 'NONE', *, *, #921, .F. ) ;
#558 = CARTESIAN_POINT ( 'NONE',  ( 0.3500000000000009215, 3.432200460346102933, -2.000000000000000000 ) ) ;
#559 = ORIENTED_EDGE ( 'NONE', *, *, #802, .F. ) ;
#560 = DIRECTION ( 'NONE',  ( -0.000000000000000000, -0.000000000000000000, -1.000000000000000000 ) ) ;
#561 = FACE_OUTER_BOUND ( 'NONE', #1287, .T. ) ;
#562 = CIRCLE ( 'NONE', #569, 0.6499999999999995781 ) ;
#563 = CARTESIAN_POINT ( 'NONE',  ( -0.8999999999999992450, -1.980056817366613098, 6.000000000000000000 ) ) ;
#564 = EDGE_CURVE ( 'NONE', #2783, #1408, #2001, .T. ) ;
#565 = APPROVAL_ROLE ( '' ) ;
#566 = ORIENTED_EDGE ( 'NONE', *, *, #986, .F. ) ;
#567 = LINE ( 'NONE', #1333, #1087 ) ;
#568 = CARTESIAN_POINT ( 'NONE',  ( -1.625308167857529629, -2.400058972509825583, -0.6482638487894957224 ) ) ;
#569 = AXIS2_PLACEMENT_3D ( 'NONE', #1421, #659, #1394 ) ;
#570 = ORIENTED_EDGE ( 'NONE', *, *, #1783, .T. ) ;
#571 = LINE ( 'NONE', #1286, #2738 ) ;
#572 = ORIENTED_EDGE ( 'NONE', *, *, #1122, .T. ) ;
#573 = CARTESIAN_POINT ( 'NONE',  ( 0.000000000000000000, 0.000000000000000000, -2.000000000000000000 ) ) ;
#574 = EDGE_LOOP ( 'NONE', ( #2017, #1359, #1515, #59 ) ) ;
#575 = DIRECTION ( 'NONE',  ( -1.000000000000000000, 0.000000000000000000, 0.000000000000000000 ) ) ;
#576 = VERTEX_POINT ( 'NONE', #3228 ) ;
#577 = CARTESIAN_POINT ( 'NONE',  ( 2.646909194048743252, -1.650000000000000355, -0.8636932588426893265 ) ) ;
#578 = DIRECTION ( 'NONE',  ( 1.000000000000000000, 0.000000000000000000, 0.000000000000000000 ) ) ;
#579 = CARTESIAN_POINT ( 'NONE',  ( 0.9000000000000031308, -3.437307692307693063, -1.072357793034812397E-31 ) ) ;
#580 = APPROVAL_ROLE ( '' ) ;
#581 = VERTEX_POINT ( 'NONE', #3256 ) ;
#582 = CARTESIAN_POINT ( 'NONE',  ( -0.3499999999999998113, 3.209699063786812356, -0.9787225739528565560 ) ) ;
#583 = DIRECTION ( 'NONE',  ( -0.000000000000000000, -0.000000000000000000, -1.000000000000000000 ) ) ;
#584 = AXIS2_PLACEMENT_3D ( 'NONE', #835, #2603, #525 ) ;
#585 = ORIENTED_EDGE ( 'NONE', *, *, #1186, .T. ) ;
#586 = DIRECTION ( 'NONE',  ( -1.000000000000000000, -1.470104640658311494E-16, 0.000000000000000000 ) ) ;
#587 = ORIENTED_EDGE ( 'NONE', *, *, #1912, .T. ) ;
#588 = CARTESIAN_POINT ( 'NONE',  ( -2.241476337462279922, 2.622648247210571881, -1.199999999999999734 ) ) ;
#589 = ORIENTED_EDGE ( 'NONE', *, *, #97, .T. ) ;
#590 = AXIS2_PLACEMENT_3D ( 'NONE', #888, #1896, #363 ) ;
#591 = DIRECTION ( 'NONE',  ( 0.000000000000000000, 0.000000000000000000, 1.000000000000000000 ) ) ;
#592 = ORIENTED_EDGE ( 'NONE', *, *, #1702, .F. ) ;
#593 = DIRECTION ( 'NONE',  ( 0.000000000000000000, 0.000000000000000000, -1.000000000000000000 ) ) ;
#594 = EDGE_CURVE ( 'NONE', #2811, #2686, #1710, .T. ) ;
#595 = ADVANCED_FACE ( 'NONE', ( #1967 ), #758, .T. ) ;
#596 = DIRECTION ( 'NONE',  ( -0.000000000000000000, 0.000000000000000000, 1.000000000000000000 ) ) ;
#597 = ADVANCED_FACE ( 'NONE', ( #215 ), #468, .F. ) ;
#598 = CARTESIAN_POINT ( 'NONE',  ( -0.4559289507446589451, -2.129578744228427745, 6.785021342999320915 ) ) ;
#599 = CALENDAR_DATE ( 2025, 17, 11 ) ;
#600 = ORIENTED_EDGE ( 'NONE', *, *, #1913, .T. ) ;
#601 = DIRECTION ( 'NONE',  ( 0.000000000000000000, 0.000000000000000000, 1.000000000000000000 ) ) ;
#602 = DIRECTION ( 'NONE',  ( -0.000000000000000000, -0.000000000000000000, -1.000000000000000000 ) ) ;
#603 = CIRCLE ( 'NONE', #1665, 0.6499999999999995781 ) ;
#604 = AXIS2_PLACEMENT_3D ( 'NONE', #1732, #2490, #2021 ) ;
#605 = EDGE_CURVE ( 'NONE', #2303, #1612, #3001, .T. ) ;
#606 = AXIS2_PLACEMENT_3D ( 'NONE', #1648, #135, #2923 ) ;
#607 = ORIENTED_EDGE ( 'NONE', *, *, #2315, .T. ) ;
#608 = CARTESIAN_POINT ( 'NONE',  ( 0.000000000000000000, -3.250000000000000000, 1.300000000000000044 ) ) ;
#609 = VECTOR ( 'NONE', #1826, 1000.000000000000000 ) ;
#610 = ORIENTED_EDGE ( 'NONE', *, *, #1583, .F. ) ;
#611 = DIRECTION ( 'NONE',  ( 1.000000000000000000, 0.000000000000000000, 0.000000000000000000 ) ) ;
#612 = ORIENTED_EDGE ( 'NONE', *, *, #2604, .F. ) ;
#613 = CARTESIAN_POINT ( 'NONE',  ( 1.408686796762323334, 3.149301749376757886, 1.300000000000000044 ) ) ;
#614 = CARTESIAN_POINT ( 'NONE',  ( 0.000000000000000000, 3.250000000000000000, -2.000000000000000000 ) ) ;
#615 = EDGE_CURVE ( 'NONE', #3237, #2236, #1474, .T. ) ;
#616 = DIRECTION ( 'NONE',  ( -1.000000000000000000, 7.350523203291558209E-16, 0.000000000000000000 ) ) ;
#617 = PERSON_AND_ORGANIZATION_ROLE ( 'design_owner' ) ;
#618 = FACE_OUTER_BOUND ( 'NONE', #298, .T. ) ;
#619 = CARTESIAN_POINT ( 'NONE',  ( 0.05595137188756373059, 2.899910919890410721, -0.6499001688596884874 ) ) ;
#620 = UNCERTAINTY_MEASURE_WITH_UNIT (LENGTH_MEASURE( 1.000000000000000082E-05 ), #1252, 'distance_accuracy_value', 'NONE');
#621 = CIRCLE ( 'NONE', #1047, 0.3499999999999999778 ) ;
#622 = CARTESIAN_POINT ( 'NONE',  ( -1.557432432432432678, -1.623854740550273901, 5.972877042869646935 ) ) ;
#623 = AXIS2_PLACEMENT_3D ( 'NONE', #2792, #807, #1550 ) ;
#624 = ORIENTED_EDGE ( 'NONE', *, *, #1825, .T. ) ;
#625 = DIRECTION ( 'NONE',  ( -0.000000000000000000, 0.000000000000000000, 1.000000000000000000 ) ) ;
#626 = PERSON ( 'UNSPECIFIED', 'UNSPECIFIED', 'UNSPECIFIED', ('UNSPECIFIED'), ('UNSPECIFIED'), ('UNSPECIFIED') ) ;
#627 = ORIENTED_EDGE ( 'NONE', *, *, #2381, .T. ) ;
#628 = DIRECTION ( 'NONE',  ( -4.565061778886335030E-16, 1.000000000000000000, -0.000000000000000000 ) ) ;
#629 = ORIENTED_EDGE ( 'NONE', *, *, #1202, .F. ) ;
#630 = CARTESIAN_POINT ( 'NONE',  ( -2.137762229265268044, 2.472847073946707663, 1.187263407503507562 ) ) ;
#631 = LINE ( 'NONE', #374, #2092 ) ;
#632 = B_SPLINE_CURVE_WITH_KNOTS ( 'NONE', 3,
 ( #2126, #582, #1602, #1564, #292, #2593, #1372, #40, #2578, #619, #25, #2632, #2857, #1317, #2379, #2610 ),
 .UNSPECIFIED., .F., .F.,
 ( 4, 2, 2, 2, 2, 2, 2, 4 ),
 ( 2.780363229634473745E-07, 0.0001683632390791333494, 0.0003364484418353032497, 0.0005045336445914731230, 0.0006726188473476431588, 0.0008407040501038131946, 0.001008789252859982905, 0.001344959658372323411 ),
 .UNSPECIFIED. ) ;
#633 = DATE_TIME_ROLE ( 'creation_date' ) ;
#634 = FACE_OUTER_BOUND ( 'NONE', #819, .T. ) ;
#635 = CARTESIAN_POINT ( 'NONE',  ( -1.850000000000000311, -2.672077843177476986, -2.000000000000000000 ) ) ;
#636 = CARTESIAN_POINT ( 'NONE',  ( -0.8999999999999992450, -1.980056817366613098, 4.775333355422418435 ) ) ;
#637 = AXIS2_PLACEMENT_3D ( 'NONE', #2116, #369, #1406 ) ;
#638 = ORIENTED_EDGE ( 'NONE', *, *, #1739, .T. ) ;
#639 = CARTESIAN_POINT ( 'NONE',  ( -0.4999999999999995559, -2.116748686074943819, 6.000000000000000000 ) ) ;
#640 = ORIENTED_EDGE ( 'NONE', *, *, #136, .F. ) ;
#641 = CARTESIAN_POINT ( 'NONE',  ( 0.5000000000000017764, -3.437307692307693063, 6.000000000000000000 ) ) ;
#642 = EDGE_LOOP ( 'NONE', ( #2631, #879, #811, #759 ) ) ;
#643 = CARTESIAN_POINT ( 'NONE',  ( 1.380272765741162173E-15, -1.500000000000000000, 6.000000000000000000 ) ) ;
#644 = PLANE ( 'NONE',  #333 ) ;
#645 = DIRECTION ( 'NONE',  ( -0.000000000000000000, -0.000000000000000000, -1.000000000000000000 ) ) ;
#646 = EDGE_CURVE ( 'NONE', #2805, #3239, #3275, .T. ) ;
#647 = CARTESIAN_POINT ( 'NONE',  ( -0.3500000000000009215, -3.371475683090048747, -1.139588519289088220 ) ) ;
#648 = FACE_OUTER_BOUND ( 'NONE', #1746, .T. ) ;
#649 = FACE_OUTER_BOUND ( 'NONE', #574, .T. ) ;
#650 = EDGE_CURVE ( 'NONE', #2348, #976, #1229, .T. ) ;
#651 = EDGE_CURVE ( 'NONE', #2350, #17, #245, .T. ) ;
#652 = EDGE_CURVE ( 'NONE', #1232, #1712, #812, .T. ) ;
#653 = VERTEX_POINT ( 'NONE', #741 ) ;
#654 = FACE_OUTER_BOUND ( 'NONE', #2100, .T. ) ;
#655 = CIRCLE ( 'NONE', #2996, 1.149999999999999689 ) ;
#656 = CIRCLE ( 'NONE', #3042, 0.3249999999999997335 ) ;
#657 = EDGE_LOOP ( 'NONE', ( #2706, #3115, #993, #1258 ) ) ;
#658 = AXIS2_PLACEMENT_3D ( 'NONE', #3058, #2239, #3258 ) ;
#659 = DIRECTION ( 'NONE',  ( -0.000000000000000000, 0.000000000000000000, 1.000000000000000000 ) ) ;
#660 = EDGE_LOOP ( 'NONE', ( #774, #1116, #1533, #2248, #2964, #729, #3128, #1418, #1829, #2763, #2207, #791, #1819, #1624, #2368, #1595, #88 ) ) ;
#661 = CARTESIAN_POINT ( 'NONE',  ( -0.1999999999999995115, -0.7960159957117167728, 4.962897790124199737 ) ) ;
#662 = VECTOR ( 'NONE', #405, 1000.000000000000000 ) ;
#663 = CARTESIAN_POINT ( 'NONE',  ( 0.000000000000000000, 0.000000000000000000, 0.000000000000000000 ) ) ;
#664 = CIRCLE ( 'NONE', #2633, 0.3499999999999994227 ) ;
#665 = ORIENTED_EDGE ( 'NONE', *, *, #810, .F. ) ;
#666 = CARTESIAN_POINT ( 'NONE',  ( -2.452011428089749590, 2.426961053770182009, 1.300000000000000044 ) ) ;
#667 = DIRECTION ( 'NONE',  ( 1.000000000000000000, 0.000000000000000000, 0.000000000000000000 ) ) ;
#668 = EDGE_CURVE ( 'NONE', #1850, #274, #1700, .T. ) ;
#669 = CARTESIAN_POINT ( 'NONE',  ( 0.3499999999999998668, 3.250000000000000444, -1.018791825736230061 ) ) ;
#670 = FACE_OUTER_BOUND ( 'NONE', #2568, .T. ) ;
#671 = AXIS2_PLACEMENT_3D ( 'NONE', #176, #2212, #3234 ) ;
#672 = ORIENTED_EDGE ( 'NONE', *, *, #1248, .F. ) ;
#673 = CARTESIAN_POINT ( 'NONE',  ( 2.377121316667876183, -1.649999999999999911, 1.300000000000000044 ) ) ;
#674 = B_SPLINE_CURVE_WITH_KNOTS ( 'NONE', 3,
 ( #2306, #748, #2990, #718 ),
 .UNSPECIFIED., .F., .F.,
 ( 4, 4 ),
 ( 3.430289775012591328E-07, 0.0002573126967796375607 ),
 .UNSPECIFIED. ) ;
#675 = VERTEX_POINT ( 'NONE', #2282 ) ;
#676 = FACE_OUTER_BOUND ( 'NONE', #840, .T. ) ;
#677 = ORIENTED_EDGE ( 'NONE', *, *, #507, .T. ) ;
#678 = DIRECTION ( 'NONE',  ( -0.000000000000000000, -0.000000000000000000, 1.000000000000000000 ) ) ;
#679 = CARTESIAN_POINT ( 'NONE',  ( -0.6344884488436142167, -3.391153846153846629, 1.300000000000000044 ) ) ;
#680 = VERTEX_POINT ( 'NONE', #830 ) ;
#681 = CARTESIAN_POINT ( 'NONE',  ( 2.377121316667877515, 1.650000000000000577, 0.5000000000000000000 ) ) ;
#682 = CARTESIAN_POINT ( 'NONE',  ( 0.1328986043622831792, -2.174981231794155700, 5.500081641710038660 ) ) ;
#683 = CARTESIAN_POINT ( 'NONE',  ( -1.850000000000000089, 0.000000000000000000, -2.000000000000000000 ) ) ;
#684 = CARTESIAN_POINT ( 'NONE',  ( -0.8999999999999985789, -3.437307692307693952, 4.775333355422418435 ) ) ;
#685 = ORIENTED_EDGE ( 'NONE', *, *, #3262, .F. ) ;
#686 = CARTESIAN_POINT ( 'NONE',  ( 0.000000000000000000, 0.000000000000000000, 1.300000000000000044 ) ) ;
#687 = AXIS2_PLACEMENT_3D ( 'NONE', #2015, #418, #1804 ) ;
#688 = VERTEX_POINT ( 'NONE', #1818 ) ;
#689 = CYLINDRICAL_SURFACE ( 'NONE', #722, 0.3499999999999998668 ) ;
#690 = ORIENTED_EDGE ( 'NONE', *, *, #2316, .F. ) ;
#691 = CARTESIAN_POINT ( 'NONE',  ( 0.3500000000000009215, -3.250000000000000000, 1.187263407503507562 ) ) ;
#692 = CIRCLE ( 'NONE', #584, 3.450000000000000178 ) ;
#693 = EDGE_CURVE ( 'NONE', #2036, #2443, #1384, .T. ) ;
#694 = ADVANCED_FACE ( 'NONE', ( #244 ), #2812, .F. ) ;
#695 = ORIENTED_EDGE ( 'NONE', *, *, #2559, .F. ) ;
#696 = DIRECTION ( 'NONE',  ( -0.000000000000000000, -0.000000000000000000, 1.000000000000000000 ) ) ;
#697 = EDGE_CURVE ( 'NONE', #2185, #1903, #48, .T. ) ;
#698 = DIRECTION ( 'NONE',  ( -0.8571673007021116675, 0.000000000000000000, -0.5150380749100552658 ) ) ;
#699 = LINE ( 'NONE', #424, #553 ) ;
#700 = VECTOR ( 'NONE', #1634, 1000.000000000000000 ) ;
#701 = CARTESIAN_POINT ( 'NONE',  ( 2.452011428089749145, -2.426961053770182009, 1.300000000000000044 ) ) ;
#702 = ORIENTED_EDGE ( 'NONE', *, *, #2756, .F. ) ;
#703 = CARTESIAN_POINT ( 'NONE',  ( 0.6499999999999995781, 3.250000000000000000, 0.5000000000000000000 ) ) ;
#704 =( BOUNDED_CURVE ( )  B_SPLINE_CURVE ( 3, ( #3066, #447, #516, #2233 ),
 .UNSPECIFIED., .F., .T. ) 
 B_SPLINE_CURVE_WITH_KNOTS ( ( 4, 4 ),
 ( 5.139005663767385101, 5.453111607722726184 ),
 .UNSPECIFIED. ) 
 CURVE ( )  GEOMETRIC_REPRESENTATION_ITEM ( )  RATIONAL_B_SPLINE_CURVE ( ( 1.000000000000000000, 0.9917950072644952098, 0.9917950072644952098, 1.000000000000000000 ) ) 
 REPRESENTATION_ITEM ( '' )  );
#705 = VERTEX_POINT ( 'NONE', #2780 ) ;
#706 = EDGE_CURVE ( 'NONE', #2443, #1696, #1959, .T. ) ;
#707 = LINE ( 'NONE', #466, #455 ) ;
#708 = CIRCLE ( 'NONE', #3264, 3.450000000000000178 ) ;
#709 = EDGE_LOOP ( 'NONE', ( #1643, #589, #1800, #435 ) ) ;
#710 = CARTESIAN_POINT ( 'NONE',  ( 1.557432432432432012, 1.623854740550274345, 0.000000000000000000 ) ) ;
#711 = AXIS2_PLACEMENT_3D ( 'NONE', #251, #2257, #1366 ) ;
#712 = CYLINDRICAL_SURFACE ( 'NONE', #2300, 0.6499999999999995781 ) ;
#713 = ORIENTED_EDGE ( 'NONE', *, *, #98, .F. ) ;
#714 = CARTESIAN_POINT ( 'NONE',  ( -0.2393443296311963120, 2.164560513622935112, 6.875463336449841201 ) ) ;
#715 = CIRCLE ( 'NONE', #2461, 2.250000000000000444 ) ;
#716 = CARTESIAN_POINT ( 'NONE',  ( -1.500000000000000222, -2.672077843177476986, -2.000000000000000000 ) ) ;
#717 = CC_DESIGN_DATE_AND_TIME_ASSIGNMENT ( #3148, #1580, ( #2337 ) ) ;
#718 = CARTESIAN_POINT ( 'NONE',  ( 1.665951878931745345, -3.021109785672111414, -1.199999999999999734 ) ) ;
#719 = CARTESIAN_POINT ( 'NONE',  ( 0.3500000000000009215, -3.432200460346102933, -2.000000000000000000 ) ) ;
#720 = CARTESIAN_POINT ( 'NONE',  ( 1.850000000000000311, -2.672077843177476986, 1.300000000000000044 ) ) ;
#721 = ORIENTED_EDGE ( 'NONE', *, *, #404, .T. ) ;
#722 = AXIS2_PLACEMENT_3D ( 'NONE', #961, #2963, #2999 ) ;
#723 = VERTEX_POINT ( 'NONE', #3106 ) ;
#724 = DIRECTION ( 'NONE',  ( 0.000000000000000000, 0.000000000000000000, 1.000000000000000000 ) ) ;
#725 = ORIENTED_EDGE ( 'NONE', *, *, #1874, .T. ) ;
#726 = CARTESIAN_POINT ( 'NONE',  ( 1.850000000000000089, -1.649999999999999689, 1.300000000000000044 ) ) ;
#727 = LINE ( 'NONE', #1261, #2624 ) ;
#728 = VECTOR ( 'NONE', #1707, 1000.000000000000000 ) ;
#729 = ORIENTED_EDGE ( 'NONE', *, *, #2739, .F. ) ;
#730 = FACE_OUTER_BOUND ( 'NONE', #3235, .T. ) ;
#731 = DIRECTION ( 'NONE',  ( 0.5692307692307688738, -0.8221777979007626191, 0.000000000000000000 ) ) ;
#732 = PRODUCT_DEFINITION_SHAPE ( 'NONE', 'NONE',  #2382 ) ;
#733 = CARTESIAN_POINT ( 'NONE',  ( 1.751143524827660558, 2.332534051401740971, -0.6663825959635378826 ) ) ;
#734 = CARTESIAN_POINT ( 'NONE',  ( 0.9000000000000031308, -3.437307692307693063, 4.775333355422418435 ) ) ;
#735 = DIRECTION ( 'NONE',  ( -0.000000000000000000, -0.000000000000000000, 1.000000000000000000 ) ) ;
#736 = ADVANCED_FACE ( 'NONE', ( #1273 ), #1552, .F. ) ;
#737 = EDGE_CURVE ( 'NONE', #1803, #1189, #2752, .T. ) ;
#738 = ORIENTED_EDGE ( 'NONE', *, *, #2112, .F. ) ;
#739 = DIRECTION ( 'NONE',  ( -0.000000000000000000, 0.000000000000000000, 1.000000000000000000 ) ) ;
#740 = ORIENTED_EDGE ( 'NONE', *, *, #2288, .T. ) ;
#741 = CARTESIAN_POINT ( 'NONE',  ( -0.8999999999999994671, 1.500000000000000000, 6.000000000000000000 ) ) ;
#742 = CARTESIAN_POINT ( 'NONE',  ( -1.562237770734732800, 2.871308612408246752, 1.187263407503507562 ) ) ;
#743 = ORIENTED_EDGE ( 'NONE', *, *, #2500, .F. ) ;
#744 = CARTESIAN_POINT ( 'NONE',  ( 0.1178117152178994043, 2.175062438040734403, 6.900150892033603434 ) ) ;
#745 = DIRECTION ( 'NONE',  ( -1.000000000000000000, 0.000000000000000000, 0.000000000000000000 ) ) ;
#746 = CC_DESIGN_SECURITY_CLASSIFICATION ( #2337, ( #1806 ) ) ;
#747 = CIRCLE ( 'NONE', #3029, 0.6499999999999998002 ) ;
#748 = CARTESIAN_POINT ( 'NONE',  ( 1.596814373462587922, -2.921249895673896368, -1.079185305053641297 ) ) ;
#749 = EDGE_CURVE ( 'NONE', #1025, #1081, #1269, .T. ) ;
#750 = CARTESIAN_POINT ( 'NONE',  ( -0.1317683889976318801, 2.175011665632404334, 5.499949254495478002 ) ) ;
#751 = VECTOR ( 'NONE', #1697, 1000.000000000000000 ) ;
#752 = EDGE_CURVE ( 'NONE', #1887, #995, #809, .T. ) ;
#753 = EDGE_CURVE ( 'NONE', #2497, #3122, #2299, .T. ) ;
#754 = ORIENTED_EDGE ( 'NONE', *, *, #1639, .T. ) ;
#755 = EDGE_CURVE ( 'NONE', #398, #1921, #2916, .T. ) ;
#756 = DIRECTION ( 'NONE',  ( 1.000000000000000000, 0.000000000000000000, 0.000000000000000000 ) ) ;
#757 = ORIENTED_EDGE ( 'NONE', *, *, #1833, .T. ) ;
#758 = CYLINDRICAL_SURFACE ( 'NONE', #959, 3.450000000000000178 ) ;
#759 = ORIENTED_EDGE ( 'NONE', *, *, #2375, .T. ) ;
#760 = CARTESIAN_POINT ( 'NONE',  ( -0.6499999999999995781, -3.250000000000000000, 1.300000000000000044 ) ) ;
#761 = ORIENTED_EDGE ( 'NONE', *, *, #1748, .T. ) ;
#762 = CARTESIAN_POINT ( 'NONE',  ( -1.562237770734733466, -2.871308612408246308, -2.000000000000000000 ) ) ;
#763 = ADVANCED_FACE ( 'NONE', ( #2066 ), #556, .T. ) ;
#764 = LINE ( 'NONE', #2242, #2246 ) ;
#765 = CARTESIAN_POINT ( 'NONE',  ( 1.497445589640141073, 2.682288212054788623, -0.8218701456795871607 ) ) ;
#766 = VECTOR ( 'NONE', #1363, 1000.000000000000000 ) ;
#767 = DIRECTION ( 'NONE',  ( 1.000000000000000000, 0.000000000000000000, 0.000000000000000000 ) ) ;
#768 = DIRECTION ( 'NONE',  ( 2.940209281316623481E-16, 1.000000000000000000, -0.000000000000000000 ) ) ;
#769 = CARTESIAN_POINT ( 'NONE',  ( -1.592999952748798576, 2.430822915495967518, -0.6560324172565380474 ) ) ;
#770 = ADVANCED_FACE ( 'NONE', ( #2584 ), #299, .F. ) ;
#771 = CIRCLE ( 'NONE', #2892, 3.450000000000000178 ) ;
#772 = CIRCLE ( 'NONE', #1357, 3.450000000000000178 ) ;
#773 = ADVANCED_FACE ( 'NONE', ( #2101 ), #379, .F. ) ;
#774 = ORIENTED_EDGE ( 'NONE', *, *, #2966, .T. ) ;
#775 = CARTESIAN_POINT ( 'NONE',  ( 0.3499999999999999778, -3.250000000000000000, -2.000000000000000000 ) ) ;
#776 = ORIENTED_EDGE ( 'NONE', *, *, #2710, .T. ) ;
#777 = CARTESIAN_POINT ( 'NONE',  ( -0.2024539922931123948, -2.960043195683613515, -0.7166331173029916179 ) ) ;
#778 = AXIS2_PLACEMENT_3D ( 'NONE', #273, #4, #767 ) ;
#779 = VERTEX_POINT ( 'NONE', #1901 ) ;
#780 = DIRECTION ( 'NONE',  ( -0.5692307692307688738, -0.8221777979007626191, -0.000000000000000000 ) ) ;
#781 = ORIENTED_EDGE ( 'NONE', *, *, #1264, .F. ) ;
#782 = LINE ( 'NONE', #2871, #2705 ) ;
#783 = CARTESIAN_POINT ( 'NONE',  ( 4.851345314172430765E-16, 1.650000000000001243, 1.300000000000000044 ) ) ;
#784 = VECTOR ( 'NONE', #586, 1000.000000000000000 ) ;
#785 = CARTESIAN_POINT ( 'NONE',  ( 1.522586099483812738, 2.802168118269305896, -0.9390947029194293139 ) ) ;
#786 = DIRECTION ( 'NONE',  ( -0.000000000000000000, 0.000000000000000000, 1.000000000000000000 ) ) ;
#787 = LINE ( 'NONE', #192, #1831 ) ;
#788 = CYLINDRICAL_SURFACE ( 'NONE', #2453, 0.3249999999999997891 ) ;
#789 = ORIENTED_EDGE ( 'NONE', *, *, #347, .F. ) ;
#790 = DIRECTION ( 'NONE',  ( -4.565061778886335030E-16, 1.000000000000000000, -0.000000000000000000 ) ) ;
#791 = ORIENTED_EDGE ( 'NONE', *, *, #1007, .T. ) ;
#792 = DIRECTION ( 'NONE',  ( 1.000000000000000000, 0.000000000000000000, 0.000000000000000000 ) ) ;
#793 = EDGE_LOOP ( 'NONE', ( #318, #1840, #327, #131 ) ) ;
#794 = LINE ( 'NONE', #537, #2247 ) ;
#795 = VERTEX_POINT ( 'NONE', #2431 ) ;
#796 = CYLINDRICAL_SURFACE ( 'NONE', #911, 0.6499999999999993561 ) ;
#797 = DIRECTION ( 'NONE',  ( 0.9659258262890697555, 0.000000000000000000, -0.2588190451025155214 ) ) ;
#798 = CIRCLE ( 'NONE', #527, 0.6499999999999998002 ) ;
#799 = EDGE_CURVE ( 'NONE', #1921, #433, #2968, .T. ) ;
#800 = EDGE_CURVE ( 'NONE', #2204, #1189, #798, .T. ) ;
#801 = LINE ( 'NONE', #2591, #1932 ) ;
#802 = EDGE_CURVE ( 'NONE', #2097, #2793, #2651, .T. ) ;
#803 = CARTESIAN_POINT ( 'NONE',  ( -1.562237770734732578, -2.871308612408246752, 1.187263407503507562 ) ) ;
#804 = ORIENTED_EDGE ( 'NONE', *, *, #301, .F. ) ;
#805 = LINE ( 'NONE', #2327, #1978 ) ;
#806 = VERTEX_POINT ( 'NONE', #588 ) ;
#807 = DIRECTION ( 'NONE',  ( -0.000000000000000000, 0.000000000000000000, 1.000000000000000000 ) ) ;
#808 = ORIENTED_EDGE ( 'NONE', *, *, #1737, .T. ) ;
#809 = LINE ( 'NONE', #29, #1802 ) ;
#810 = EDGE_CURVE ( 'NONE', #3095, #1772, #3083, .T. ) ;
#811 = ORIENTED_EDGE ( 'NONE', *, *, #3220, .T. ) ;
#812 = B_SPLINE_CURVE_WITH_KNOTS ( 'NONE', 3,
 ( #2515, #1259, #3287, #1011 ),
 .UNSPECIFIED., .F., .F.,
 ( 4, 4 ),
 ( 0.001713513266388385584, 0.001970482904738975107 ),
 .UNSPECIFIED. ) ;
#813 = CARTESIAN_POINT ( 'NONE',  ( 0.5000000000029972691, -2.116748686074259478, 5.999999999998802735 ) ) ;
#814 = ORIENTED_EDGE ( 'NONE', *, *, #2740, .T. ) ;
#815 = CARTESIAN_POINT ( 'NONE',  ( 1.408686796762323334, -3.149301749376757886, 1.300000000000000044 ) ) ;
#816 = CARTESIAN_POINT ( 'NONE',  ( 0.000000000000000000, 3.250000000000000000, 1.300000000000000044 ) ) ;
#817 = APPLICATION_CONTEXT ( 'configuration controlled 3d designs of mechanical parts and assemblies' ) ;
#818 = CARTESIAN_POINT ( 'NONE',  ( -0.9000000000000073497, -1.500000000000000000, 1.195160282462253821E-15 ) ) ;
#819 = EDGE_LOOP ( 'NONE', ( #3306, #2469, #1690, #479 ) ) ;
#820 = AXIS2_PLACEMENT_3D ( 'NONE', #2078, #3096, #821 ) ;
#821 = DIRECTION ( 'NONE',  ( 1.000000000000000000, 0.000000000000000000, 0.000000000000000000 ) ) ;
#822 = VECTOR ( 'NONE', #731, 999.9999999999997726 ) ;
#823 = CIRCLE ( 'NONE', #2995, 0.5000000000000004441 ) ;
#824 = CARTESIAN_POINT ( 'NONE',  ( -1.499999999988258503, -2.605657143140704957, -0.7563918621313868718 ) ) ;
#825 = CONICAL_SURFACE ( 'NONE', #2831, 0.3249999999999997335, 1.029744258676653201 ) ;
#826 = ORIENTED_EDGE ( 'NONE', *, *, #668, .F. ) ;
#827 = CIRCLE ( 'NONE', #2677, 3.450000000000000178 ) ;
#828 = LINE ( 'NONE', #1320, #352 ) ;
#829 = ORIENTED_EDGE ( 'NONE', *, *, #1876, .T. ) ;
#830 = CARTESIAN_POINT ( 'NONE',  ( 2.797034420842418712, 2.019677808122552598, 0.5000000000000000000 ) ) ;
#831 = B_SPLINE_CURVE_WITH_KNOTS ( 'NONE', 3,
 ( #1684, #2690, #411, #1431 ),
 .UNSPECIFIED., .F., .F.,
 ( 4, 4 ),
 ( 2.835770322509303168E-07, 0.0002572532448343876118 ),
 .UNSPECIFIED. ) ;
#832 = EDGE_LOOP ( 'NONE', ( #2795, #1050, #1059, #1641, #2732, #2163, #2724, #1966, #1023, #2901, #1096, #1010, #1014, #183, #1971, #1239, #3284 ) ) ;
#833 = DIRECTION ( 'NONE',  ( -0.000000000000000000, -0.000000000000000000, -1.000000000000000000 ) ) ;
#834 = ORIENTED_EDGE ( 'NONE', *, *, #2075, .F. ) ;
#835 = CARTESIAN_POINT ( 'NONE',  ( 0.000000000000000000, 0.000000000000000000, -1.199999999999999734 ) ) ;
#836 = DIRECTION ( 'NONE',  ( -0.000000000000000000, -0.000000000000000000, 1.000000000000000000 ) ) ;
#837 = AXIS2_PLACEMENT_3D ( 'NONE', #939, #1481, #2493 ) ;
#838 = CARTESIAN_POINT ( 'NONE',  ( 0.8758341209553719420, -1.991468212887505862, 6.238235713159570928 ) ) ;
#839 = B_SPLINE_CURVE_WITH_KNOTS ( 'NONE', 3,
 ( #1190, #1301, #1529, #2025, #2200, #3223, #2215, #3043, #769, #1782, #256, #1799 ),
 .UNSPECIFIED., .F., .F.,
 ( 4, 2, 2, 2, 2, 4 ),
 ( 4.888038159398208055E-07, 0.0002635880742885198186, 0.0005266873447611001690, 0.0006582369799973906152, 0.0007897866152336810615, 0.001052885885706263255 ),
 .UNSPECIFIED. ) ;
#840 = EDGE_LOOP ( 'NONE', ( #2388, #1262, #3144, #2370 ) ) ;
#841 = LINE ( 'NONE', #1848, #876 ) ;
#842 = CARTESIAN_POINT ( 'NONE',  ( -1.500000000000000222, -2.672077843177476986, -0.8143106892089118087 ) ) ;
#843 = ORIENTED_EDGE ( 'NONE', *, *, #2411, .F. ) ;
#844 = ADVANCED_FACE ( 'NONE', ( #1609 ), #880, .T. ) ;
#845 = EDGE_CURVE ( 'NONE', #471, #3230, #2132, .T. ) ;
#846 = CARTESIAN_POINT ( 'NONE',  ( 0.000000000000000000, 0.000000000000000000, -1.199999999999999734 ) ) ;
#847 = ORIENTED_EDGE ( 'NONE', *, *, #237, .F. ) ;
#848 = CARTESIAN_POINT ( 'NONE',  ( 0.3499999999999999778, -3.209699063786811912, -0.9787225739528562229 ) ) ;
#849 = ORIENTED_EDGE ( 'NONE', *, *, #2509, .F. ) ;
#850 = DIRECTION ( 'NONE',  ( -0.000000000000000000, -0.000000000000000000, -1.000000000000000000 ) ) ;
#851 = ORIENTED_EDGE ( 'NONE', *, *, #2974, .F. ) ;
#852 = LINE ( 'NONE', #2818, #1963 ) ;
#853 = CARTESIAN_POINT ( 'NONE',  ( -1.631385467262913780, -2.971183222029714077, -1.139588519289087998 ) ) ;
#854 = DIRECTION ( 'NONE',  ( -1.000000000000000000, -1.470104640658311494E-16, 0.000000000000000000 ) ) ;
#855 = APPROVAL_DATE_TIME ( #1085, #366 ) ;
#856 = ORIENTED_EDGE ( 'NONE', *, *, #1045, .F. ) ;
#857 = LINE ( 'NONE', #1354, #2508 ) ;
#858 = ADVANCED_FACE ( 'NONE', ( #114 ), #1853, .T. ) ;
#859 = CARTESIAN_POINT ( 'NONE',  ( -0.3500000000000009215, -3.432200460346102933, -2.000000000000000000 ) ) ;
#860 = AXIS2_PLACEMENT_3D ( 'NONE', #457, #1747, #2766 ) ;
#861 = DIRECTION ( 'NONE',  ( -1.000000000000000000, -1.470104640658311494E-16, 0.000000000000000000 ) ) ;
#862 = VERTEX_POINT ( 'NONE', #1360 ) ;
#863 = DIRECTION ( 'NONE',  ( -0.000000000000000000, -0.000000000000000000, 1.000000000000000000 ) ) ;
#864 = ADVANCED_FACE ( 'NONE', ( #654 ), #2413, .F. ) ;
#865 = EDGE_CURVE ( 'NONE', #334, #1950, #2183, .T. ) ;
#866 = VERTEX_POINT ( 'NONE', #1129 ) ;
#867 = AXIS2_PLACEMENT_3D ( 'NONE', #1263, #2241, #951 ) ;
#868 = ORIENTED_EDGE ( 'NONE', *, *, #2994, .T. ) ;
#869 = DIRECTION ( 'NONE',  ( -0.000000000000000000, -0.000000000000000000, -1.000000000000000000 ) ) ;
#870 = PLANE ( 'NONE',  #432 ) ;
#871 = EDGE_CURVE ( 'NONE', #2528, #1530, #463, .T. ) ;
#872 = CARTESIAN_POINT ( 'NONE',  ( 1.850000000000000311, -2.672077843177476986, -0.2501455524838661626 ) ) ;
#873 = LINE ( 'NONE', #2405, #1503 ) ;
#874 = LINE ( 'NONE', #1057, #380 ) ;
#875 = CARTESIAN_POINT ( 'NONE',  ( -2.797034420842418712, -2.019677808122552598, 0.5000000000000000000 ) ) ;
#876 = VECTOR ( 'NONE', #2361, 1000.000000000000000 ) ;
#877 = VECTOR ( 'NONE', #1858, 1000.000000000000000 ) ;
#878 = AXIS2_PLACEMENT_3D ( 'NONE', #2068, #3090, #304 ) ;
#879 = ORIENTED_EDGE ( 'NONE', *, *, #615, .T. ) ;
#880 = CYLINDRICAL_SURFACE ( 'NONE', #2064, 3.450000000000000178 ) ;
#881 = VERTEX_POINT ( 'NONE', #1655 ) ;
#882 = DIRECTION ( 'NONE',  ( 0.000000000000000000, 0.000000000000000000, 1.000000000000000000 ) ) ;
#883 = ORIENTED_EDGE ( 'NONE', *, *, #1283, .T. ) ;
#884 = CARTESIAN_POINT ( 'NONE',  ( -1.408686796762322890, 3.149301749376757886, 0.5000000000000000000 ) ) ;
#885 = FACE_OUTER_BOUND ( 'NONE', #99, .T. ) ;
#886 = DIRECTION ( 'NONE',  ( -0.000000000000000000, 0.000000000000000000, 1.000000000000000000 ) ) ;
#887 = APPROVAL_ROLE ( '' ) ;
#888 = CARTESIAN_POINT ( 'NONE',  ( -0.8999999999999985789, -3.437307692307693952, -1.072357793034812397E-31 ) ) ;
#889 = VECTOR ( 'NONE', #317, 1000.000000000000000 ) ;
#890 = DIRECTION ( 'NONE',  ( -0.000000000000000000, 0.000000000000000000, 1.000000000000000000 ) ) ;
#891 = DESIGN_CONTEXT ( 'detailed design', #817, 'design' ) ;
#892 = CARTESIAN_POINT ( 'NONE',  ( 0.000000000000000000, -3.250000000000000000, 1.300000000000000044 ) ) ;
#893 = VECTOR ( 'NONE', #64, 1000.000000000000000 ) ;
#894 = VERTEX_POINT ( 'NONE', #2663 ) ;
#895 = DIRECTION ( 'NONE',  ( 0.000000000000000000, 0.000000000000000000, 1.000000000000000000 ) ) ;
#896 = ORIENTED_EDGE ( 'NONE', *, *, #1639, .F. ) ;
#897 = ADVANCED_FACE ( 'NONE', ( #3202 ), #1915, .F. ) ;
#898 = DIRECTION ( 'NONE',  ( 1.000000000000000000, 0.000000000000000000, 0.000000000000000000 ) ) ;
#899 = ORIENTED_EDGE ( 'NONE', *, *, #2073, .T. ) ;
#900 = CARTESIAN_POINT ( 'NONE',  ( -0.1999999999999998723, 0.000000000000000000, 4.962897790124200625 ) ) ;
#901 = FACE_OUTER_BOUND ( 'NONE', #1458, .T. ) ;
#902 = CARTESIAN_POINT ( 'NONE',  ( 2.172338831993123165, -2.522788357212356836, -1.079185305053640631 ) ) ;
#903 = CARTESIAN_POINT ( 'NONE',  ( -2.452011428089749590, -2.426961053770182009, 0.5000000000000000000 ) ) ;
#904 = EDGE_CURVE ( 'NONE', #2954, #1985, #2333, .T. ) ;
#905 = EDGE_CURVE ( 'NONE', #1232, #113, #1753, .T. ) ;
#906 = ADVANCED_FACE ( 'NONE', ( #414 ), #161, .T. ) ;
#907 = LINE ( 'NONE', #1401, #2410 ) ;
#908 = VECTOR ( 'NONE', #503, 1000.000000000000000 ) ;
#909 = ORIENTED_EDGE ( 'NONE', *, *, #1637, .F. ) ;
#910 = CARTESIAN_POINT ( 'NONE',  ( 0.5000000000002617906, -2.116748686074882091, 6.130925220185881486 ) ) ;
#911 = AXIS2_PLACEMENT_3D ( 'NONE', #2622, #1613, #2056 ) ;
#912 = ORIENTED_EDGE ( 'NONE', *, *, #167, .F. ) ;
#913 = PLANE ( 'NONE',  #3013 ) ;
#914 = ORIENTED_EDGE ( 'NONE', *, *, #1256, .T. ) ;
#915 = DIRECTION ( 'NONE',  ( -0.000000000000000000, -0.000000000000000000, 1.000000000000000000 ) ) ;
#916 = ADVANCED_FACE ( 'NONE', ( #2806 ), #788, .F. ) ;
#917 = CARTESIAN_POINT ( 'NONE',  ( -0.1999999999999998723, 0.000000000000000000, 4.962897790124200625 ) ) ;
#918 = ORIENTED_EDGE ( 'NONE', *, *, #1524, .F. ) ;
#919 = PLANE ( 'NONE',  #2457 ) ;
#920 = DIRECTION ( 'NONE',  ( 1.000000000000000000, 0.000000000000000000, 0.000000000000000000 ) ) ;
#921 = EDGE_CURVE ( 'NONE', #1352, #2199, #708, .T. ) ;
#922 = DIRECTION ( 'NONE',  ( -0.000000000000000000, -0.000000000000000000, -1.000000000000000000 ) ) ;
#923 = DIRECTION ( 'NONE',  ( 0.000000000000000000, 1.000000000000000000, -0.000000000000000000 ) ) ;
#924 = ORIENTED_EDGE ( 'NONE', *, *, #2751, .T. ) ;
#925 = LINE ( 'NONE', #1022, #1028 ) ;
#926 = CIRCLE ( 'NONE', #2773, 3.450000000000000178 ) ;
#927 = ORIENTED_EDGE ( 'NONE', *, *, #1400, .F. ) ;
#928 = B_SPLINE_CURVE_WITH_KNOTS ( 'NONE', 3,
 ( #1183, #3232, #952, #2193, #2956, #937, #2657, #1944, #1897, #2908, #1651, #1698, #376, #2702, #1444, #2452 ),
 .UNSPECIFIED., .F., .F.,
 ( 4, 2, 2, 2, 2, 2, 2, 4 ),
 ( 4.888038159398208055E-07, 0.0001685743410036660893, 0.0003366598781913923851, 0.0005047454153791185996, 0.0006728309525668448683, 0.0008409164897545710286, 0.001009002026942297514, 0.001345173101317750919 ),
 .UNSPECIFIED. ) ;
#929 = FACE_OUTER_BOUND ( 'NONE', #417, .T. ) ;
#930 = VERTEX_POINT ( 'NONE', #703 ) ;
#931 = CARTESIAN_POINT ( 'NONE',  ( 0.000000000000000000, 0.000000000000000000, -1.199999999999999734 ) ) ;
#932 = AXIS2_PLACEMENT_3D ( 'NONE', #377, #1279, #238 ) ;
#933 = FACE_OUTER_BOUND ( 'NONE', #532, .T. ) ;
#934 = VECTOR ( 'NONE', #1126, 1000.000000000000000 ) ;
#935 = ORIENTED_EDGE ( 'NONE', *, *, #1328, .T. ) ;
#936 = CARTESIAN_POINT ( 'NONE',  ( 1.850000000000000311, 2.672077843177476986, -2.000000000000000000 ) ) ;
#937 = CARTESIAN_POINT ( 'NONE',  ( 1.899525219476971394, -2.322869988790489337, -0.7505489320479543647 ) ) ;
#938 = DIRECTION ( 'NONE',  ( -0.000000000000000000, -0.000000000000000000, 1.000000000000000000 ) ) ;
#939 = CARTESIAN_POINT ( 'NONE',  ( 0.000000000000000000, 0.000000000000000000, -1.199999999999999734 ) ) ;
#940 = VERTEX_POINT ( 'NONE', #1687 ) ;
#941 = DIRECTION ( 'NONE',  ( -0.000000000000000000, 0.000000000000000000, 1.000000000000000000 ) ) ;
#942 = EDGE_CURVE ( 'NONE', #1990, #1850, #925, .T. ) ;
#943 = EDGE_CURVE ( 'NONE', #406, #1612, #656, .T. ) ;
#944 = ORIENTED_EDGE ( 'NONE', *, *, #1833, .F. ) ;
#945 = EDGE_CURVE ( 'NONE', #2348, #1815, #2718, .T. ) ;
#946 = LINE ( 'NONE', #130, #288 ) ;
#947 = ORIENTED_EDGE ( 'NONE', *, *, #2756, .T. ) ;
#948 = DIRECTION ( 'NONE',  ( -1.000000000000000000, 0.000000000000000000, 0.000000000000000000 ) ) ;
#949 = CYLINDRICAL_SURFACE ( 'NONE', #606, 0.6499999999999993561 ) ;
#950 = ORIENTED_EDGE ( 'NONE', *, *, #1702, .T. ) ;
#951 = DIRECTION ( 'NONE',  ( -1.000000000000000000, 0.000000000000000000, 0.000000000000000000 ) ) ;
#952 = CARTESIAN_POINT ( 'NONE',  ( 2.087002430107126827, -2.411399415049328976, -0.9390965354874635240 ) ) ;
#953 = B_SPLINE_CURVE_WITH_KNOTS ( 'NONE', 3,
 ( #669, #1699, #2675, #392 ),
 .UNSPECIFIED., .F., .F.,
 ( 4, 4 ),
 ( 0.001708977732553675685, 0.001965947203379452175 ),
 .UNSPECIFIED. ) ;
#954 = DIRECTION ( 'NONE',  ( 1.000000000000000000, 0.000000000000000000, 0.000000000000000000 ) ) ;
#955 = LINE ( 'NONE', #2976, #2479 ) ;
#956 = ADVANCED_FACE ( 'NONE', ( #2541 ), #1719, .F. ) ;
#957 = VERTEX_POINT ( 'NONE', #1949 ) ;
#958 = DIRECTION ( 'NONE',  ( -0.000000000000000000, -0.000000000000000000, -1.000000000000000000 ) ) ;
#959 = AXIS2_PLACEMENT_3D ( 'NONE', #1439, #431, #948 ) ;
#960 = ORIENTED_EDGE ( 'NONE', *, *, #302, .T. ) ;
#961 = CARTESIAN_POINT ( 'NONE',  ( 0.000000000000000000, 3.250000000000000000, -2.000000000000000000 ) ) ;
#962 = ORIENTED_EDGE ( 'NONE', *, *, #753, .T. ) ;
#963 = DIRECTION ( 'NONE',  ( -0.000000000000000000, 0.000000000000000000, 1.000000000000000000 ) ) ;
#964 =( BOUNDED_CURVE ( )  B_SPLINE_CURVE ( 3, ( #2652, #2137, #2930, #3188 ),
 .UNSPECIFIED., .F., .T. ) 
 B_SPLINE_CURVE_WITH_KNOTS ( ( 4, 4 ),
 ( 0.8300736994568596039, 1.144179643412201353 ),
 .UNSPECIFIED. ) 
 CURVE ( )  GEOMETRIC_REPRESENTATION_ITEM ( )  RATIONAL_B_SPLINE_CURVE ( ( 1.000000000000000000, 0.9917950072644950987, 0.9917950072644950987, 1.000000000000000000 ) ) 
 REPRESENTATION_ITEM ( '' )  );
#965 = CC_DESIGN_PERSON_AND_ORGANIZATION_ASSIGNMENT ( #2855, #1351, ( #2337 ) ) ;
#966 = ORIENTED_EDGE ( 'NONE', *, *, #3011, .F. ) ;
#967 = CIRCLE ( 'NONE', #315, 0.6499999999999993561 ) ;
#968 = FACE_OUTER_BOUND ( 'NONE', #2313, .T. ) ;
#969 = EDGE_LOOP ( 'NONE', ( #2019, #1056, #1836, #935 ) ) ;
#970 = LINE ( 'NONE', #436, #3150 ) ;
#971 = CARTESIAN_POINT ( 'NONE',  ( -0.3500000000000009215, 3.250000000000000000, -2.000000000000000000 ) ) ;
#972 = DIRECTION ( 'NONE',  ( 0.000000000000000000, 0.000000000000000000, 1.000000000000000000 ) ) ;
#973 = FACE_OUTER_BOUND ( 'NONE', #2913, .T. ) ;
#974 = FACE_OUTER_BOUND ( 'NONE', #2618, .T. ) ;
#975 = VERTEX_POINT ( 'NONE', #2979 ) ;
#976 = VERTEX_POINT ( 'NONE', #673 ) ;
#977 = DIRECTION ( 'NONE',  ( -0.000000000000000000, -0.000000000000000000, -1.000000000000000000 ) ) ;
#978 = CIRCLE ( 'NONE', #2824, 3.450000000000000178 ) ;
#979 = VERTEX_POINT ( 'NONE', #1469 ) ;
#980 = CARTESIAN_POINT ( 'NONE',  ( 0.3500000000000009215, -3.432200460346102933, -1.199999999999999734 ) ) ;
#981 = CARTESIAN_POINT ( 'NONE',  ( -1.850000000000000311, 2.672077843177476986, 1.300000000000000044 ) ) ;
#982 = ORIENTED_EDGE ( 'NONE', *, *, #2522, .T. ) ;
#983 = DIRECTION ( 'NONE',  ( -0.000000000000000000, 1.000000000000000000, -0.000000000000000000 ) ) ;
#984 = AXIS2_PLACEMENT_3D ( 'NONE', #2685, #2437, #1180 ) ;
#985 = LINE ( 'NONE', #1992, #822 ) ;
#986 = EDGE_CURVE ( 'NONE', #1850, #806, #1037, .T. ) ;
#987 = VECTOR ( 'NONE', #938, 1000.000000000000000 ) ;
#988 = CARTESIAN_POINT ( 'NONE',  ( -0.5000000000000014433, 2.116748686074943375, 6.000000000000000000 ) ) ;
#989 = CARTESIAN_POINT ( 'NONE',  ( 0.000000000000000000, 0.000000000000000000, 1.300000000000000044 ) ) ;
#990 = PLANE ( 'NONE',  #1559 ) ;
#991 = B_SPLINE_CURVE_WITH_KNOTS ( 'NONE', 3,
 ( #1108, #2878, #112, #1139 ),
 .UNSPECIFIED., .F., .F.,
 ( 4, 4 ),
 ( 2.488717854763754532E-07, 0.0003726460059676313602 ),
 .UNSPECIFIED. ) ;
#992 = CIRCLE ( 'NONE', #1305, 3.450000000000000178 ) ;
#993 = ORIENTED_EDGE ( 'NONE', *, *, #2156, .T. ) ;
#994 = CARTESIAN_POINT ( 'NONE',  ( -1.849999999999999867, -1.650000000000000133, 1.300000000000000044 ) ) ;
#995 = VERTEX_POINT ( 'NONE', #2692 ) ;
#996 = DIRECTION ( 'NONE',  ( -0.000000000000000000, -0.000000000000000000, -1.000000000000000000 ) ) ;
#997 = EDGE_CURVE ( 'NONE', #1316, #1160, #2961, .T. ) ;
#998 = DIRECTION ( 'NONE',  ( -4.565061778886335030E-16, 1.000000000000000000, -0.000000000000000000 ) ) ;
#999 = ORIENTED_EDGE ( 'NONE', *, *, #403, .T. ) ;
#1000 = CARTESIAN_POINT ( 'NONE',  ( 1.380272765741162370E-15, -3.437307692307693507, 6.000000000000000000 ) ) ;
#1001 = DIRECTION ( 'NONE',  ( -0.000000000000000000, 0.000000000000000000, 1.000000000000000000 ) ) ;
#1002 = FACE_OUTER_BOUND ( 'NONE', #2817, .T. ) ;
#1003 = CARTESIAN_POINT ( 'NONE',  ( 0.3500000000000009215, 3.250000000000000000, -2.000000000000000000 ) ) ;
#1004 = DIRECTION ( 'NONE',  ( -0.000000000000000000, 0.000000000000000000, 1.000000000000000000 ) ) ;
#1005 = EDGE_CURVE ( 'NONE', #2822, #1275, #2353, .T. ) ;
#1006 = EDGE_CURVE ( 'NONE', #2549, #72, #704, .T. ) ;
#1007 = EDGE_CURVE ( 'NONE', #398, #2783, #3207, .T. ) ;
#1008 = ORIENTED_EDGE ( 'NONE', *, *, #2010, .F. ) ;
#1009 = CARTESIAN_POINT ( 'NONE',  ( 0.000000000000000000, 0.000000000000000000, 1.300000000000000044 ) ) ;
#1010 = ORIENTED_EDGE ( 'NONE', *, *, #706, .F. ) ;
#1011 = CARTESIAN_POINT ( 'NONE',  ( -0.3500000000000009215, 3.250000000000000000, -1.018791825736230061 ) ) ;
#1012 = ORIENTED_EDGE ( 'NONE', *, *, #646, .T. ) ;
#1013 = LINE ( 'NONE', #2285, #1983 ) ;
#1014 = ORIENTED_EDGE ( 'NONE', *, *, #693, .F. ) ;
#1015 = CARTESIAN_POINT ( 'NONE',  ( 0.3500000000000009215, -3.310742676744782731, -1.079185301351973880 ) ) ;
#1016 = EDGE_CURVE ( 'NONE', #1130, #2000, #839, .T. ) ;
#1017 = DIRECTION ( 'NONE',  ( 1.000000000000000000, 0.000000000000000000, 0.000000000000000000 ) ) ;
#1018 = CIRCLE ( 'NONE', #1864, 1.149999999999999467 ) ;
#1019 = CARTESIAN_POINT ( 'NONE',  ( 0.1307456062421889498, 2.175012033041426207, 6.500052343734175508 ) ) ;
#1020 =( NAMED_UNIT ( * ) SI_UNIT ( $, .STERADIAN. ) SOLID_ANGLE_UNIT ( ) );
#1021 = CARTESIAN_POINT ( 'NONE',  ( 1.467736486486485692, 1.605108907905100857, 4.099999999999999645 ) ) ;
#1022 = CARTESIAN_POINT ( 'NONE',  ( -2.137762229265268044, 2.472847073946707663, -2.000000000000000000 ) ) ;
#1023 = ORIENTED_EDGE ( 'NONE', *, *, #1347, .T. ) ;
#1024 = CARTESIAN_POINT ( 'NONE',  ( -0.3249999999999999001, -2.000000000000000000, -2.000000000000000000 ) ) ;
#1025 = VERTEX_POINT ( 'NONE', #79 ) ;
#1026 = CARTESIAN_POINT ( 'NONE',  ( 0.1124463015125778537, -2.914664991310716324, -0.6664990486672410785 ) ) ;
#1027 = ORIENTED_EDGE ( 'NONE', *, *, #1044, .T. ) ;
#1028 = VECTOR ( 'NONE', #1934, 1000.000000000000000 ) ;
#1029 = LINE ( 'NONE', #3019, #65 ) ;
#1030 = EDGE_LOOP ( 'NONE', ( #2960, #3020 ) ) ;
#1031 = DIRECTION ( 'NONE',  ( -0.000000000000000000, 0.000000000000000000, 1.000000000000000000 ) ) ;
#1032 = DIRECTION ( 'NONE',  ( 1.000000000000000000, 0.000000000000000000, 0.000000000000000000 ) ) ;
#1033 = AXIS2_PLACEMENT_3D ( 'NONE', #19, #2853, #2590 ) ;
#1034 = CARTESIAN_POINT ( 'NONE',  ( 1.696721142520180692, 2.352392748732653249, -0.6499002262246181827 ) ) ;
#1035 = CIRCLE ( 'NONE', #2147, 0.6499999999999995781 ) ;
#1036 = DIRECTION ( 'NONE',  ( -1.000000000000000000, 0.000000000000000000, 0.000000000000000000 ) ) ;
#1037 = LINE ( 'NONE', #276, #2883 ) ;
#1038 = AXIS2_PLACEMENT_3D ( 'NONE', #3229, #1198, #2905 ) ;
#1039 = VERTEX_POINT ( 'NONE', #1582 ) ;
#1040 = LINE ( 'NONE', #2544, #784 ) ;
#1041 = CIRCLE ( 'NONE', #1734, 1.650000000000000133 ) ;
#1042 = ORIENTED_EDGE ( 'NONE', *, *, #737, .T. ) ;
#1043 = CARTESIAN_POINT ( 'NONE',  ( 0.000000000000000000, -3.250000000000000000, 1.300000000000000044 ) ) ;
#1044 = EDGE_CURVE ( 'NONE', #1499, #524, #841, .T. ) ;
#1045 = EDGE_CURVE ( 'NONE', #1492, #1420, #2135, .T. ) ;
#1046 = EDGE_CURVE ( 'NONE', #1712, #2805, #632, .T. ) ;
#1047 = AXIS2_PLACEMENT_3D ( 'NONE', #1797, #2555, #2526 ) ;
#1048 = ORIENTED_EDGE ( 'NONE', *, *, #1930, .F. ) ;
#1049 = CARTESIAN_POINT ( 'NONE',  ( 1.467736486486485692, 1.605108907905100857, 4.623208822354685665 ) ) ;
#1050 = ORIENTED_EDGE ( 'NONE', *, *, #1636, .T. ) ;
#1051 = DIRECTION ( 'NONE',  ( -0.000000000000000000, -0.000000000000000000, -1.000000000000000000 ) ) ;
#1052 = LINE ( 'NONE', #1875, #877 ) ;
#1053 = CIRCLE ( 'NONE', #1997, 3.450000000000000178 ) ;
#1054 = CARTESIAN_POINT ( 'NONE',  ( 1.850000000000000311, 0.000000000000000000, 1.300000000000000044 ) ) ;
#1055 = CARTESIAN_POINT ( 'NONE',  ( 0.000000000000000000, 0.000000000000000000, 1.300000000000000044 ) ) ;
#1056 = ORIENTED_EDGE ( 'NONE', *, *, #2231, .T. ) ;
#1057 = CARTESIAN_POINT ( 'NONE',  ( 1.562237770734733022, 2.871308612408246752, -2.000000000000000000 ) ) ;
#1058 = EDGE_CURVE ( 'NONE', #3244, #2497, #874, .T. ) ;
#1059 = ORIENTED_EDGE ( 'NONE', *, *, #1150, .F. ) ;
#1060 = CYLINDRICAL_SURFACE ( 'NONE', #2729, 0.5000000000000003331 ) ;
#1061 = ORIENTED_EDGE ( 'NONE', *, *, #2363, .F. ) ;
#1062 = CARTESIAN_POINT ( 'NONE',  ( 0.000000000000000000, -3.250000000000000000, 1.300000000000000044 ) ) ;
#1063 = ORIENTED_EDGE ( 'NONE', *, *, #266, .T. ) ;
#1064 = CARTESIAN_POINT ( 'NONE',  ( 0.000000000000000000, 0.000000000000000000, 1.300000000000000044 ) ) ;
#1065 = ORIENTED_EDGE ( 'NONE', *, *, #2128, .T. ) ;
#1066 = DIRECTION ( 'NONE',  ( -0.000000000000000000, 0.000000000000000000, 1.000000000000000000 ) ) ;
#1067 = CARTESIAN_POINT ( 'NONE',  ( 1.557432432432432012, 1.623854740550274345, 0.000000000000000000 ) ) ;
#1068 = AXIS2_PLACEMENT_3D ( 'NONE', #2335, #521, #1341 ) ;
#1069 = DIRECTION ( 'NONE',  ( -1.000000000000000000, -4.565061778886335030E-16, -3.383837190100805437E-63 ) ) ;
#1070 = COORDINATED_UNIVERSAL_TIME_OFFSET ( 0, 0, .AHEAD. ) ;
#1071 = ORIENTED_EDGE ( 'NONE', *, *, #1045, .T. ) ;
#1072 = CARTESIAN_POINT ( 'NONE',  ( -2.137762229265269820, -2.472847073946711216, -1.018791825736229617 ) ) ;
#1073 = AXIS2_PLACEMENT_3D ( 'NONE', #1345, #1051, #306 ) ;
#1074 = CARTESIAN_POINT ( 'NONE',  ( 0.3500000000000009215, -3.250000000000000000, 1.187263407503507562 ) ) ;
#1075 = ORIENTED_EDGE ( 'NONE', *, *, #3002, .F. ) ;
#1076 = DIRECTION ( 'NONE',  ( -0.000000000000000000, -0.000000000000000000, -1.000000000000000000 ) ) ;
#1077 = ORIENTED_EDGE ( 'NONE', *, *, #1498, .F. ) ;
#1078 = CARTESIAN_POINT ( 'NONE',  ( -0.3500000000000000888, -3.169407476661971312, -0.9386626175112301462 ) ) ;
#1079 = ORIENTED_EDGE ( 'NONE', *, *, #594, .F. ) ;
#1080 = CARTESIAN_POINT ( 'NONE',  ( 3.029851481508623934, -1.650000000000000355, -2.000000000000000000 ) ) ;
#1081 = VERTEX_POINT ( 'NONE', #2109 ) ;
#1082 = DIRECTION ( 'NONE',  ( -1.000000000000000000, 0.000000000000000000, 0.000000000000000000 ) ) ;
#1083 = CARTESIAN_POINT ( 'NONE',  ( 2.137762229265268044, -2.472847073946707219, -2.000000000000000000 ) ) ;
#1084 = DIRECTION ( 'NONE',  ( -0.000000000000000000, -0.000000000000000000, -1.000000000000000000 ) ) ;
#1085 = DATE_AND_TIME ( #599, #3295 ) ;
#1086 = ORIENTED_EDGE ( 'NONE', *, *, #3053, .F. ) ;
#1087 = VECTOR ( 'NONE', #3116, 1000.000000000000000 ) ;
#1088 = DIRECTION ( 'NONE',  ( 1.000000000000000000, 0.000000000000000000, 0.000000000000000000 ) ) ;
#1089 = EDGE_CURVE ( 'NONE', #581, #2783, #2086, .T. ) ;
#1090 = EDGE_CURVE ( 'NONE', #316, #3087, #857, .T. ) ;
#1091 = CIRCLE ( 'NONE', #984, 1.149999999999999467 ) ;
#1092 = LINE ( 'NONE', #3118, #1935 ) ;
#1093 = ORIENTED_EDGE ( 'NONE', *, *, #905, .T. ) ;
#1094 = AXIS2_PLACEMENT_3D ( 'NONE', #210, #1280, #2008 ) ;
#1095 = DIRECTION ( 'NONE',  ( -0.000000000000000000, -0.000000000000000000, -1.000000000000000000 ) ) ;
#1096 = ORIENTED_EDGE ( 'NONE', *, *, #2010, .T. ) ;
#1097 = DIRECTION ( 'NONE',  ( -1.000000000000000000, 0.000000000000000000, 0.000000000000000000 ) ) ;
#1098 = ORIENTED_EDGE ( 'NONE', *, *, #697, .T. ) ;
#1099 = CARTESIAN_POINT ( 'NONE',  ( 2.452011428089749145, 2.426961053770182009, 0.5000000000000000000 ) ) ;
#1100 = ORIENTED_EDGE ( 'NONE', *, *, #986, .T. ) ;
#1101 = CARTESIAN_POINT ( 'NONE',  ( 1.596814373462588144, 2.921249895673896368, -1.079185305053641297 ) ) ;
#1102 = DIRECTION ( 'NONE',  ( 0.000000000000000000, 0.000000000000000000, -1.000000000000000000 ) ) ;
#1103 = ADVANCED_FACE ( 'NONE', ( #1863 ), #2823, .T. ) ;
#1104 = AXIS2_PLACEMENT_3D ( 'NONE', #1866, #2880, #3138 ) ;
#1105 = CARTESIAN_POINT ( 'NONE',  ( -0.5541135278821143206, -2.104990405545336341, 6.718674540658349237 ) ) ;
#1106 = ORIENTED_EDGE ( 'NONE', *, *, #2910, .F. ) ;
#1107 = CARTESIAN_POINT ( 'NONE',  ( -2.172338831993124053, -2.522788357212357724, -1.079185305053642407 ) ) ;
#1108 = CARTESIAN_POINT ( 'NONE',  ( -1.850000000000000089, -1.650000000000000355, -0.2289110512481077886 ) ) ;
#1109 = EDGE_CURVE ( 'NONE', #320, #1376, #1290, .T. ) ;
#1110 = EDGE_CURVE ( 'NONE', #2284, #180, #3155, .T. ) ;
#1111 = EDGE_CURVE ( 'NONE', #2664, #1985, #1125, .T. ) ;
#1112 = CYLINDRICAL_SURFACE ( 'NONE', #1104, 0.5000000000000003331 ) ;
#1113 = ORIENTED_EDGE ( 'NONE', *, *, #9, .F. ) ;
#1114 = DIRECTION ( 'NONE',  ( -0.000000000000000000, 0.000000000000000000, 1.000000000000000000 ) ) ;
#1115 = EDGE_CURVE ( 'NONE', #229, #2185, #805, .T. ) ;
#1116 = ORIENTED_EDGE ( 'NONE', *, *, #2459, .T. ) ;
#1117 = LINE ( 'NONE', #1611, #766 ) ;
#1118 = ORIENTED_EDGE ( 'NONE', *, *, #2759, .T. ) ;
#1119 = DIRECTION ( 'NONE',  ( -0.000000000000000000, -0.000000000000000000, 1.000000000000000000 ) ) ;
#1120 = LINE ( 'NONE', #1294, #2671 ) ;
#1121 = PLANE ( 'NONE',  #174 ) ;
#1122 = EDGE_CURVE ( 'NONE', #180, #2401, #1188, .T. ) ;
#1123 = MECHANICAL_CONTEXT ( 'NONE', #82, 'mechanical' ) ;
#1124 = ORIENTED_EDGE ( 'NONE', *, *, #2844, .F. ) ;
#1125 = LINE ( 'NONE', #311, #2619 ) ;
#1126 = DIRECTION ( 'NONE',  ( -0.000000000000000000, -0.000000000000000000, -1.000000000000000000 ) ) ;
#1127 = AXIS2_PLACEMENT_3D ( 'NONE', #1293, #593, #33 ) ;
#1128 = ORIENTED_EDGE ( 'NONE', *, *, #1672, .F. ) ;
#1129 = CARTESIAN_POINT ( 'NONE',  ( -0.6344884488436142167, 3.391153846153846629, 0.5000000000000000000 ) ) ;
#1130 = VERTEX_POINT ( 'NONE', #1830 ) ;
#1131 = DIRECTION ( 'NONE',  ( -0.000000000000000000, -0.000000000000000000, -1.000000000000000000 ) ) ;
#1132 = VERTEX_POINT ( 'NONE', #2840 ) ;
#1133 = DIRECTION ( 'NONE',  ( 1.000000000000000000, 0.000000000000000000, 0.000000000000000000 ) ) ;
#1134 = CARTESIAN_POINT ( 'NONE',  ( -1.557432432432432678, 1.623854740550273901, 0.000000000000000000 ) ) ;
#1135 = DIRECTION ( 'NONE',  ( -0.5692307692307703171, -0.8221777979007616199, 0.000000000000000000 ) ) ;
#1136 = CARTESIAN_POINT ( 'NONE',  ( 0.000000000000000000, 0.000000000000000000, 0.000000000000000000 ) ) ;
#1137 = LINE ( 'NONE', #1201, #2034 ) ;
#1138 = CARTESIAN_POINT ( 'NONE',  ( -0.5000000000000014433, 2.116748686074943375, 6.000000000000000000 ) ) ;
#1139 = CARTESIAN_POINT ( 'NONE',  ( -1.557432432432432678, -1.623854740550273901, 0.000000000000000000 ) ) ;
#1140 = AXIS2_PLACEMENT_3D ( 'NONE', #1218, #3246, #3263 ) ;
#1141 = CIRCLE ( 'NONE', #2991, 0.3499999999999998668 ) ;
#1142 = AXIS2_PLACEMENT_3D ( 'NONE', #1505, #2037, #3305 ) ;
#1143 = EDGE_LOOP ( 'NONE', ( #1656, #47, #624, #950 ) ) ;
#1144 = CARTESIAN_POINT ( 'NONE',  ( -0.1308574876434282497, -2.174994300369160083, 6.499975206605422606 ) ) ;
#1145 = AXIS2_PLACEMENT_3D ( 'NONE', #3152, #3099, #1355 ) ;
#1146 = ORIENTED_EDGE ( 'NONE', *, *, #445, .T. ) ;
#1147 = DIRECTION ( 'NONE',  ( 0.000000000000000000, 0.000000000000000000, -1.000000000000000000 ) ) ;
#1148 = EDGE_LOOP ( 'NONE', ( #2636, #534, #1027, #3288 ) ) ;
#1149 = DIRECTION ( 'NONE',  ( -0.000000000000000000, 0.000000000000000000, 1.000000000000000000 ) ) ;
#1150 = EDGE_CURVE ( 'NONE', #543, #976, #567, .T. ) ;
#1151 = EDGE_CURVE ( 'NONE', #930, #1408, #544, .T. ) ;
#1152 = EDGE_CURVE ( 'NONE', #1081, #1867, #159, .T. ) ;
#1153 = CARTESIAN_POINT ( 'NONE',  ( 0.9000000000000005773, 1.500000000000000000, 4.775333355422418435 ) ) ;
#1154 = CARTESIAN_POINT ( 'NONE',  ( 2.241476337462280366, -2.622648247210571437, -1.199999999999999734 ) ) ;
#1155 = AXIS2_PLACEMENT_3D ( 'NONE', #1937, #1131, #2950 ) ;
#1156 = CARTESIAN_POINT ( 'NONE',  ( -0.5000000000000003331, -2.116748686074950925, 5.868022117653937997 ) ) ;
#1157 = DIRECTION ( 'NONE',  ( -0.000000000000000000, 0.000000000000000000, 1.000000000000000000 ) ) ;
#1158 = CIRCLE ( 'NONE', #2426, 1.650000000000000133 ) ;
#1159 = EDGE_CURVE ( 'NONE', #1712, #1344, #2094, .T. ) ;
#1160 = VERTEX_POINT ( 'NONE', #2972 ) ;
#1161 = DIRECTION ( 'NONE',  ( 0.000000000000000000, 0.000000000000000000, -1.000000000000000000 ) ) ;
#1162 = EDGE_LOOP ( 'NONE', ( #2860, #1306, #2592, #1979 ) ) ;
#1163 = DIRECTION ( 'NONE',  ( 0.000000000000000000, 0.000000000000000000, 1.000000000000000000 ) ) ;
#1164 = ORIENTED_EDGE ( 'NONE', *, *, #1445, .F. ) ;
#1165 = LINE ( 'NONE', #1423, #3143 ) ;
#1166 = LINE ( 'NONE', #169, #2462 ) ;
#1167 = DIRECTION ( 'NONE',  ( -0.000000000000000000, 0.000000000000000000, 1.000000000000000000 ) ) ;
#1168 = CARTESIAN_POINT ( 'NONE',  ( -2.257897872824598640, -1.650000000000000577, -0.5333233714665229774 ) ) ;
#1169 = DIRECTION ( 'NONE',  ( -0.000000000000000000, 0.000000000000000000, 1.000000000000000000 ) ) ;
#1170 = CARTESIAN_POINT ( 'NONE',  ( -0.3500000000000009215, 0.000000000000000000, -2.000000000000000000 ) ) ;
#1171 = AXIS2_PLACEMENT_3D ( 'NONE', #1062, #535, #1288 ) ;
#1172 = ORIENTED_EDGE ( 'NONE', *, *, #652, .F. ) ;
#1173 = CARTESIAN_POINT ( 'NONE',  ( 1.467736486486485692, -1.605108907905100857, 4.099999999999999645 ) ) ;
#1174 =( BOUNDED_CURVE ( )  B_SPLINE_CURVE ( 3, ( #284, #1594, #1807, #2816 ),
 .UNSPECIFIED., .F., .T. ) 
 B_SPLINE_CURVE_WITH_KNOTS ( ( 4, 4 ),
 ( 5.139005663767385990, 5.453111607722726184 ),
 .UNSPECIFIED. ) 
 CURVE ( )  GEOMETRIC_REPRESENTATION_ITEM ( )  RATIONAL_B_SPLINE_CURVE ( ( 1.000000000000000000, 0.9917950072644954318, 0.9917950072644954318, 1.000000000000000000 ) ) 
 REPRESENTATION_ITEM ( '' )  );
#1175 = ORIENTED_EDGE ( 'NONE', *, *, #1672, .T. ) ;
#1176 = DIRECTION ( 'NONE',  ( 1.000000000000000000, 0.000000000000000000, 0.000000000000000000 ) ) ;
#1177 = EDGE_LOOP ( 'NONE', ( #2666, #1553, #193, #3153 ) ) ;
#1178 = CARTESIAN_POINT ( 'NONE',  ( 1.850000000000000311, -2.672077843177476986, 1.300000000000000044 ) ) ;
#1179 = AXIS2_PLACEMENT_3D ( 'NONE', #1000, #1217, #2004 ) ;
#1180 = DIRECTION ( 'NONE',  ( 1.000000000000000000, 3.394024192128537146E-15, 0.000000000000000000 ) ) ;
#1181 = ORIENTED_EDGE ( 'NONE', *, *, #1825, .F. ) ;
#1182 = FACE_OUTER_BOUND ( 'NONE', #1177, .T. ) ;
#1183 = CARTESIAN_POINT ( 'NONE',  ( 2.137762229265268044, -2.472847073946707219, -1.018791825736229617 ) ) ;
#1184 = LINE ( 'NONE', #2194, #987 ) ;
#1185 = DIRECTION ( 'NONE',  ( -4.565061778886335030E-16, 1.000000000000000000, -0.000000000000000000 ) ) ;
#1186 = EDGE_CURVE ( 'NONE', #1321, #1815, #1717, .T. ) ;
#1187 = EDGE_CURVE ( 'NONE', #2303, #406, #124, .T. ) ;
#1188 = CIRCLE ( 'NONE', #820, 1.650000000000000133 ) ;
#1189 = VERTEX_POINT ( 'NONE', #903 ) ;
#1190 = CARTESIAN_POINT ( 'NONE',  ( -2.137762229265268044, 2.472847073946707663, -1.018791825736230061 ) ) ;
#1191 = AXIS2_PLACEMENT_3D ( 'NONE', #2346, #60, #1088 ) ;
#1192 = EDGE_LOOP ( 'NONE', ( #962, #303, #1222, #3260 ) ) ;
#1193 = AXIS2_PLACEMENT_3D ( 'NONE', #2103, #850, #575 ) ;
#1194 = CARTESIAN_POINT ( 'NONE',  ( -1.665951878931745789, 3.021109785672111858, -2.000000000000000000 ) ) ;
#1195 = ORIENTED_EDGE ( 'NONE', *, *, #394, .T. ) ;
#1196 = LINE ( 'NONE', #1744, #1911 ) ;
#1197 = AXIS2_PLACEMENT_3D ( 'NONE', #872, #3079, #91 ) ;
#1198 = DIRECTION ( 'NONE',  ( -0.000000000000000000, 0.000000000000000000, 1.000000000000000000 ) ) ;
#1199 = CIRCLE ( 'NONE', #3055, 0.3249999999999997335 ) ;
#1200 = ORIENTED_EDGE ( 'NONE', *, *, #1248, .T. ) ;
#1201 = CARTESIAN_POINT ( 'NONE',  ( 1.200000000000001066, 2.672077843177476986, 1.300000000000000044 ) ) ;
#1202 = EDGE_CURVE ( 'NONE', #1530, #2528, #1951, .T. ) ;
#1203 = DIRECTION ( 'NONE',  ( -0.000000000000000000, 0.000000000000000000, 1.000000000000000000 ) ) ;
#1204 = CARTESIAN_POINT ( 'NONE',  ( 0.000000000000000000, -2.000000000000000000, -0.5000000000000000000 ) ) ;
#1205 = CARTESIAN_POINT ( 'NONE',  ( -1.850000000000000089, 0.000000000000000000, -2.000000000000000000 ) ) ;
#1207 = B_SPLINE_CURVE_WITH_KNOTS ( 'NONE', 3,
 ( #2425, #138, #1168, #2688 ),
 .UNSPECIFIED., .F., .F.,
 ( 4, 4 ),
 ( 0.002283518641337969717, 0.003811867856756723759 ),
 .UNSPECIFIED. ) ;
#1206 = CIRCLE ( 'NONE', #837, 3.450000000000000178 ) ;
#1208 = ADVANCED_FACE ( 'NONE', ( #2159 ), #1924, .F. ) ;
#1209 = VERTEX_POINT ( 'NONE', #1138 ) ;
#1210 = DIRECTION ( 'NONE',  ( 1.000000000000000000, 0.000000000000000000, 0.000000000000000000 ) ) ;
#1211 = ORIENTED_EDGE ( 'NONE', *, *, #2114, .T. ) ;
#1212 = CARTESIAN_POINT ( 'NONE',  ( 1.562237770734733688, -2.871308612408247196, -1.018791825736229839 ) ) ;
#1213 = ORIENTED_EDGE ( 'NONE', *, *, #1256, .F. ) ;
#1214 = DIRECTION ( 'NONE',  ( 1.000000000000000000, 0.000000000000000000, 0.000000000000000000 ) ) ;
#1215 = DIRECTION ( 'NONE',  ( -1.000000000000000000, 0.000000000000000000, 0.000000000000000000 ) ) ;
#1216 = ORIENTED_EDGE ( 'NONE', *, *, #2814, .T. ) ;
#1217 = DIRECTION ( 'NONE',  ( -4.565061778886335030E-16, 1.000000000000000000, -0.000000000000000000 ) ) ;
#1218 = CARTESIAN_POINT ( 'NONE',  ( 1.562237770734733022, 2.871308612408246752, 1.187263407503507562 ) ) ;
#1219 = LINE ( 'NONE', #3197, #1987 ) ;
#1220 = LINE ( 'NONE', #461, #231 ) ;
#1221 = FACE_OUTER_BOUND ( 'NONE', #2543, .T. ) ;
#1222 = ORIENTED_EDGE ( 'NONE', *, *, #2529, .T. ) ;
#1223 = CARTESIAN_POINT ( 'NONE',  ( 1.254121907152581539, -3.437307692307693063, 4.680446676378718251 ) ) ;
#1224 = AXIS2_PLACEMENT_3D ( 'NONE', #1642, #2900, #2914 ) ;
#1225 = ORIENTED_EDGE ( 'NONE', *, *, #2628, .T. ) ;
#1226 = CARTESIAN_POINT ( 'NONE',  ( 1.849999999999999867, 1.650000000000000133, -2.000000000000000000 ) ) ;
#1227 = ORIENTED_EDGE ( 'NONE', *, *, #257, .F. ) ;
#1228 = APPROVAL_PERSON_ORGANIZATION ( #2875, #259, #565 ) ;
#1229 = LINE ( 'NONE', #184, #312 ) ;
#1230 = ORIENTED_EDGE ( 'NONE', *, *, #2111, .F. ) ;
#1231 = DIRECTION ( 'NONE',  ( 1.000000000000000000, 0.000000000000000000, 0.000000000000000000 ) ) ;
#1232 = VERTEX_POINT ( 'NONE', #1682 ) ;
#1233 = CARTESIAN_POINT ( 'NONE',  ( 0.4559289507446578904, 2.129578744228428189, 6.785021342999322691 ) ) ;
#1234 = DIRECTION ( 'NONE',  ( 1.000000000000000000, 0.000000000000000000, 0.000000000000000000 ) ) ;
#1235 = CARTESIAN_POINT ( 'NONE',  ( 0.3249999999999999556, -2.000000000000000000, -2.000000000000000000 ) ) ;
#1236 = CARTESIAN_POINT ( 'NONE',  ( 2.137762229265268044, 2.472847073946707663, 1.187263407503507562 ) ) ;
#1237 = CARTESIAN_POINT ( 'NONE',  ( -0.2614897368691281865, 2.161230439113301482, 5.554483664061323545 ) ) ;
#1238 = ADVANCED_FACE ( 'NONE', ( #3169 ), #2925, .T. ) ;
#1239 = ORIENTED_EDGE ( 'NONE', *, *, #412, .F. ) ;
#1240 = CARTESIAN_POINT ( 'NONE',  ( 0.3499999999999998668, 3.250000000000000444, -1.018791825736230061 ) ) ;
#1241 = EDGE_LOOP ( 'NONE', ( #2982, #1706, #1756, #2856 ) ) ;
#1242 = DIRECTION ( 'NONE',  ( 1.000000000000000000, 0.000000000000000000, -0.000000000000000000 ) ) ;
#1243 = EDGE_CURVE ( 'NONE', #576, #1686, #1207, .T. ) ;
#1244 = CARTESIAN_POINT ( 'NONE',  ( -1.850000000000000311, 2.672077843177476986, 0.5000000000000000000 ) ) ;
#1245 = EDGE_CURVE ( 'NONE', #2832, #165, #603, .T. ) ;
#1246 = ORIENTED_EDGE ( 'NONE', *, *, #2276, .F. ) ;
#1247 = FACE_OUTER_BOUND ( 'NONE', #305, .T. ) ;
#1248 = EDGE_CURVE ( 'NONE', #2686, #1941, #221, .T. ) ;
#1249 = VECTOR ( 'NONE', #854, 1000.000000000000000 ) ;
#1250 = LINE ( 'NONE', #473, #546 ) ;
#1251 = CARTESIAN_POINT ( 'NONE',  ( 2.025752912498596459, 2.356903513124968708, -0.8574268948146283043 ) ) ;
#1252 =( LENGTH_UNIT ( ) NAMED_UNIT ( * ) SI_UNIT ( .MILLI., .METRE. ) );
#1253 = CARTESIAN_POINT ( 'NONE',  ( 0.6344884488436142167, -3.391153846153846629, 1.300000000000000044 ) ) ;
#1254 = AXIS2_PLACEMENT_3D ( 'NONE', #1236, #2506, #224 ) ;
#1255 = ORIENTED_EDGE ( 'NONE', *, *, #1637, .T. ) ;
#1256 = EDGE_CURVE ( 'NONE', #3205, #2839, #928, .T. ) ;
#1257 = CYLINDRICAL_SURFACE ( 'NONE', #20, 3.450000000000000178 ) ;
#1258 = ORIENTED_EDGE ( 'NONE', *, *, #3219, .F. ) ;
#1259 = CARTESIAN_POINT ( 'NONE',  ( -0.3500000000000009215, 3.371475678267073839, -1.139588514490996296 ) ) ;
#1260 = ORIENTED_EDGE ( 'NONE', *, *, #2673, .F. ) ;
#1261 = CARTESIAN_POINT ( 'NONE',  ( 2.137762229265268044, 2.472847073946707663, -2.000000000000000000 ) ) ;
#1262 = ORIENTED_EDGE ( 'NONE', *, *, #1929, .F. ) ;
#1263 = CARTESIAN_POINT ( 'NONE',  ( 0.000000000000000000, 0.000000000000000000, 6.899999999999999467 ) ) ;
#1264 = EDGE_CURVE ( 'NONE', #3030, #269, #2933, .T. ) ;
#1265 = DIRECTION ( 'NONE',  ( 1.000000000000000000, 0.000000000000000000, 0.000000000000000000 ) ) ;
#1266 = CARTESIAN_POINT ( 'NONE',  ( 1.505704966333671235, 2.595528553895992463, -0.7505480774665235222 ) ) ;
#1267 =( NAMED_UNIT ( * ) PLANE_ANGLE_UNIT ( ) SI_UNIT ( $, .RADIAN. ) );
#1268 = DIRECTION ( 'NONE',  ( -1.000000000000000000, -4.565061778886335030E-16, -3.383837190100805437E-63 ) ) ;
#1269 = B_SPLINE_CURVE_WITH_KNOTS ( 'NONE', 3,
 ( #3052, #848, #3125, #2829, #3303, #282, #3088, #1026, #2848, #2351, #1518, #777, #67, #2314, #1078, #1534 ),
 .UNSPECIFIED., .F., .F.,
 ( 4, 2, 2, 2, 2, 2, 2, 4 ),
 ( 2.780363229631239667E-07, 0.0001683632390791330242, 0.0003364484418353029245, 0.0005045336445914727977, 0.0006726188473476427251, 0.0008407040501038125441, 0.001008789252859982472, 0.001344959658372321676 ),
 .UNSPECIFIED. ) ;
#1270 = ORIENTED_EDGE ( 'NONE', *, *, #1046, .F. ) ;
#1271 = FACE_OUTER_BOUND ( 'NONE', #2060, .T. ) ;
#1272 = VERTEX_POINT ( 'NONE', #716 ) ;
#1273 = FACE_OUTER_BOUND ( 'NONE', #2595, .T. ) ;
#1274 = FACE_OUTER_BOUND ( 'NONE', #3227, .T. ) ;
#1275 = VERTEX_POINT ( 'NONE', #3023 ) ;
#1276 = DIRECTION ( 'NONE',  ( 1.000000000000000000, 0.000000000000000000, 0.000000000000000000 ) ) ;
#1277 = DIRECTION ( 'NONE',  ( 0.000000000000000000, 0.000000000000000000, 1.000000000000000000 ) ) ;
#1278 = VECTOR ( 'NONE', #323, 1000.000000000000114 ) ;
#1279 = DIRECTION ( 'NONE',  ( 0.000000000000000000, 0.000000000000000000, -1.000000000000000000 ) ) ;
#1280 = DIRECTION ( 'NONE',  ( 0.000000000000000000, 0.000000000000000000, 1.000000000000000000 ) ) ;
#1281 = DIRECTION ( 'NONE',  ( -0.000000000000000000, -0.000000000000000000, -1.000000000000000000 ) ) ;
#1282 = ADVANCED_FACE ( 'NONE', ( #3292 ), #1749, .F. ) ;
#1283 = EDGE_CURVE ( 'NONE', #2876, #2899, #978, .T. ) ;
#1284 = EDGE_CURVE ( 'NONE', #2825, #675, #3280, .T. ) ;
#1285 = EDGE_LOOP ( 'NONE', ( #2867, #1708, #1674, #1427, #2372, #116, #1378, #1669 ) ) ;
#1286 = CARTESIAN_POINT ( 'NONE',  ( -0.6499999999999995781, -3.250000000000000000, 1.300000000000000044 ) ) ;
#1287 = EDGE_LOOP ( 'NONE', ( #2927, #26, #3194, #2962, #856, #944, #2847, #1628, #1146, #78, #382, #1308, #2138, #834, #1213, #3173, #264, #2695, #2678 ) ) ;
#1288 = DIRECTION ( 'NONE',  ( 1.000000000000000000, 0.000000000000000000, 0.000000000000000000 ) ) ;
#1289 = ORIENTED_EDGE ( 'NONE', *, *, #1931, .T. ) ;
#1290 = CIRCLE ( 'NONE', #115, 0.5000000000000004441 ) ;
#1291 = DIRECTION ( 'NONE',  ( -1.000000000000000000, 0.000000000000000000, 0.000000000000000000 ) ) ;
#1292 = ORIENTED_EDGE ( 'NONE', *, *, #2318, .F. ) ;
#1293 = CARTESIAN_POINT ( 'NONE',  ( 0.000000000000000000, 0.000000000000000000, 6.899999999999999467 ) ) ;
#1294 = CARTESIAN_POINT ( 'NONE',  ( -0.8999999999999992450, -1.980056817366613098, 6.899999999999999467 ) ) ;
#1295 = CIRCLE ( 'NONE', #3157, 0.5000000000000004441 ) ;
#1296 = CARTESIAN_POINT ( 'NONE',  ( 0.4999999999999992784, 2.116748686074943819, 6.130780403778770093 ) ) ;
#1297 = ADVANCED_FACE ( 'NONE', ( #2523 ), #2767, .T. ) ;
#1298 = AXIS2_PLACEMENT_3D ( 'NONE', #2434, #628, #1437 ) ;
#1299 = CARTESIAN_POINT ( 'NONE',  ( 0.9000000000000031308, -3.437307692307693063, 6.000000000000000000 ) ) ;
#1300 = ORIENTED_EDGE ( 'NONE', *, *, #1187, .T. ) ;
#1301 = CARTESIAN_POINT ( 'NONE',  ( -2.101855888312110121, 2.420985161465351698, -0.9560757492961502457 ) ) ;
#1302 = ORIENTED_EDGE ( 'NONE', *, *, #2259, .T. ) ;
#1303 = CC_DESIGN_PERSON_AND_ORGANIZATION_ASSIGNMENT ( #1895, #1382, ( #1806 ) ) ;
#1304 = LINE ( 'NONE', #2312, #2213 ) ;
#1305 = AXIS2_PLACEMENT_3D ( 'NONE', #1801, #45, #12 ) ;
#1306 = ORIENTED_EDGE ( 'NONE', *, *, #1486, .F. ) ;
#1307 = CARTESIAN_POINT ( 'NONE',  ( -1.665951878931745567, -3.021109785672111858, -2.000000000000000000 ) ) ;
#1308 = ORIENTED_EDGE ( 'NONE', *, *, #211, .F. ) ;
#1309 = DIRECTION ( 'NONE',  ( 0.000000000000000000, 1.000000000000000000, 0.000000000000000000 ) ) ;
#1310 = EDGE_LOOP ( 'NONE', ( #2727, #1842, #2556, #2843 ) ) ;
#1311 = CARTESIAN_POINT ( 'NONE',  ( -3.029851481508623490, 1.649999999999999911, -2.000000000000000000 ) ) ;
#1312 = DIRECTION ( 'NONE',  ( -0.000000000000000000, -0.000000000000000000, -1.000000000000000000 ) ) ;
#1313 = VECTOR ( 'NONE', #2582, 1000.000000000000000 ) ;
#1314 = CARTESIAN_POINT ( 'NONE',  ( -2.377121316667877071, -1.650000000000000133, 1.300000000000000044 ) ) ;
#1315 = DATE_AND_TIME ( #2344, #1537 ) ;
#1316 = VERTEX_POINT ( 'NONE', #2041 ) ;
#1317 = CARTESIAN_POINT ( 'NONE',  ( 0.3239061881834043310, 3.090913266465849851, -0.8574254521484239167 ) ) ;
#1318 = CARTESIAN_POINT ( 'NONE',  ( -1.562237770734732578, -2.871308612408246752, -1.018791825736229839 ) ) ;
#1319 = ORIENTED_EDGE ( 'NONE', *, *, #3113, .T. ) ;
#1320 = CARTESIAN_POINT ( 'NONE',  ( -0.4999999999999989453, -3.437307692307693952, 6.000000000000000000 ) ) ;
#1321 = VERTEX_POINT ( 'NONE', #1509 ) ;
#1322 = CARTESIAN_POINT ( 'NONE',  ( -0.3500000000000009215, -3.250000000000000000, 1.187263407503507562 ) ) ;
#1323 = ORIENTED_EDGE ( 'NONE', *, *, #3161, .F. ) ;
#1324 = LINE ( 'NONE', #2850, #492 ) ;
#1325 = VERTEX_POINT ( 'NONE', #2734 ) ;
#1326 = CARTESIAN_POINT ( 'NONE',  ( -1.850000000000000311, 0.000000000000000000, 1.300000000000000044 ) ) ;
#1327 = ADVANCED_FACE ( 'NONE', ( #2799 ), #2226, .T. ) ;
#1328 = EDGE_CURVE ( 'NONE', #2918, #1767, #1462, .T. ) ;
#1329 = DIRECTION ( 'NONE',  ( 1.000000000000000000, 0.000000000000000000, 0.000000000000000000 ) ) ;
#1330 = DIRECTION ( 'NONE',  ( -0.000000000000000000, 0.000000000000000000, 1.000000000000000000 ) ) ;
#1331 = DATE_AND_TIME ( #2644, #474 ) ;
#1332 = VERTEX_POINT ( 'NONE', #3039 ) ;
#1333 = CARTESIAN_POINT ( 'NONE',  ( -4.851345314172424848E-16, -1.649999999999999023, 1.300000000000000044 ) ) ;
#1334 = CC_DESIGN_APPROVAL ( #366, ( #1806 ) ) ;
#1335 = VECTOR ( 'NONE', #3060, 1000.000000000000000 ) ;
#1336 = CYLINDRICAL_SURFACE ( 'NONE', #1145, 3.450000000000000178 ) ;
#1337 = ORIENTED_EDGE ( 'NONE', *, *, #1590, .F. ) ;
#1338 = CARTESIAN_POINT ( 'NONE',  ( 0.000000000000000000, 0.000000000000000000, -2.000000000000000000 ) ) ;
#1339 = ADVANCED_FACE ( 'NONE', ( #2749 ), #2475, .F. ) ;
#1340 = ORIENTED_EDGE ( 'NONE', *, *, #2276, .T. ) ;
#1341 = DIRECTION ( 'NONE',  ( -1.000000000000000000, -1.470104640658311494E-16, 0.000000000000000000 ) ) ;
#1342 = EDGE_LOOP ( 'NONE', ( #1861, #3018, #2152, #909, #2520, #2931, #3139, #2311, #3005, #1391, #754, #982, #339, #1065, #1889, #2758 ) ) ;
#1343 = CARTESIAN_POINT ( 'NONE',  ( 0.3500000000000009215, 3.250000000000000000, -2.000000000000000000 ) ) ;
#1344 = VERTEX_POINT ( 'NONE', #971 ) ;
#1345 = CARTESIAN_POINT ( 'NONE',  ( 0.000000000000000000, 0.000000000000000000, 5.972877042869646935 ) ) ;
#1346 = CARTESIAN_POINT ( 'NONE',  ( -1.850000000000000311, 1.649999999999999023, -0.2289110512481072057 ) ) ;
#1347 = EDGE_CURVE ( 'NONE', #1539, #3189, #1926, .T. ) ;
#1348 = EDGE_CURVE ( 'NONE', #680, #2648, #926, .T. ) ;
#1349 = CARTESIAN_POINT ( 'NONE',  ( -1.850000000000000311, 0.000000000000000000, 0.5000000000000000000 ) ) ;
#1350 = EDGE_CURVE ( 'NONE', #1376, #320, #383, .T. ) ;
#1351 = PERSON_AND_ORGANIZATION_ROLE ( 'classification_officer' ) ;
#1352 = VERTEX_POINT ( 'NONE', #459 ) ;
#1353 = AXIS2_PLACEMENT_3D ( 'NONE', #2482, #958, #2707 ) ;
#1354 = CARTESIAN_POINT ( 'NONE',  ( 1.200000000000001066, -2.672077843177476986, 1.300000000000000044 ) ) ;
#1355 = DIRECTION ( 'NONE',  ( 1.000000000000000000, 0.000000000000000000, 0.000000000000000000 ) ) ;
#1356 = CIRCLE ( 'NONE', #3214, 1.650000000000000133 ) ;
#1357 = AXIS2_PLACEMENT_3D ( 'NONE', #2441, #1157, #954 ) ;
#1358 = LINE ( 'NONE', #2367, #2052 ) ;
#1359 = ORIENTED_EDGE ( 'NONE', *, *, #871, .T. ) ;
#1360 = CARTESIAN_POINT ( 'NONE',  ( -1.850000000000000311, 1.649999999999999023, -2.000000000000000000 ) ) ;
#1361 = EDGE_CURVE ( 'NONE', #2511, #1964, #764, .T. ) ;
#1362 = ORIENTED_EDGE ( 'NONE', *, *, #615, .F. ) ;
#1363 = DIRECTION ( 'NONE',  ( -0.000000000000000000, -0.000000000000000000, -1.000000000000000000 ) ) ;
#1364 = ORIENTED_EDGE ( 'NONE', *, *, #1685, .F. ) ;
#1365 = CARTESIAN_POINT ( 'NONE',  ( -0.6933774770611369487, -1.420692016187694806, 4.830697693581965879 ) ) ;
#1366 = DIRECTION ( 'NONE',  ( -1.000000000000000000, -4.818676322157799347E-16, 0.000000000000000000 ) ) ;
#1367 = AXIS2_PLACEMENT_3D ( 'NONE', #425, #1448, #2456 ) ;
#1368 = EDGE_CURVE ( 'NONE', #3030, #1408, #1980, .T. ) ;
#1369 = CARTESIAN_POINT ( 'NONE',  ( 2.257897872824599528, 1.649999999999999911, -0.5333233714665231995 ) ) ;
#1370 = SHAPE_DEFINITION_REPRESENTATION ( #732, #498 ) ;
#1371 = ORIENTED_EDGE ( 'NONE', *, *, #2879, .F. ) ;
#1372 = CARTESIAN_POINT ( 'NONE',  ( -0.2033495328634010169, 2.960616679366732118, -0.7172634991252498926 ) ) ;
#1373 = DIRECTION ( 'NONE',  ( 0.000000000000000000, -1.000000000000000000, 0.000000000000000000 ) ) ;
#1374 = ORIENTED_EDGE ( 'NONE', *, *, #2500, .T. ) ;
#1375 = CARTESIAN_POINT ( 'NONE',  ( -0.4457022879561590711, -2.130893953157927179, 6.261439667082900229 ) ) ;
#1376 = VERTEX_POINT ( 'NONE', #1478 ) ;
#1377 = DIRECTION ( 'NONE',  ( -0.000000000000000000, 0.000000000000000000, 1.000000000000000000 ) ) ;
#1378 = ORIENTED_EDGE ( 'NONE', *, *, #1424, .F. ) ;
#1379 = DIRECTION ( 'NONE',  ( 0.000000000000000000, -0.000000000000000000, -1.000000000000000000 ) ) ;
#1380 = CARTESIAN_POINT ( 'NONE',  ( -1.750245360732263666, 1.650000000000000133, -0.1544646193955429292 ) ) ;
#1381 = CARTESIAN_POINT ( 'NONE',  ( -0.7851605379376274119, -2.028923954004115515, 6.455195358307355136 ) ) ;
#1382 = PERSON_AND_ORGANIZATION_ROLE ( 'creator' ) ;
#1383 = DIRECTION ( 'NONE',  ( 1.000000000000000000, 0.000000000000000000, 0.000000000000000000 ) ) ;
#1384 = CIRCLE ( 'NONE', #469, 0.6499999999999995781 ) ;
#1385 = DIRECTION ( 'NONE',  ( -0.5692307692307685407, -0.8221777979007627302, 0.000000000000000000 ) ) ;
#1386 = CARTESIAN_POINT ( 'NONE',  ( -2.053153340912093228, -2.379681385456977161, -0.8928539472339017680 ) ) ;
#1387 = AXIS2_PLACEMENT_3D ( 'NONE', #52, #1576, #1082 ) ;
#1388 = EDGE_CURVE ( 'NONE', #1654, #2450, #985, .T. ) ;
#1389 = EDGE_CURVE ( 'NONE', #1130, #1990, #1250, .T. ) ;
#1390 = ADVANCED_FACE ( 'NONE', ( #2504 ), #2537, .T. ) ;
#1391 = ORIENTED_EDGE ( 'NONE', *, *, #2739, .T. ) ;
#1392 = CARTESIAN_POINT ( 'NONE',  ( -2.137762229265268044, -2.472847073946707219, 1.187263407503507562 ) ) ;
#1393 = EDGE_LOOP ( 'NONE', ( #1100, #1852, #13, #1567 ) ) ;
#1394 = DIRECTION ( 'NONE',  ( 1.000000000000000000, 0.000000000000000000, 0.000000000000000000 ) ) ;
#1395 = VERTEX_POINT ( 'NONE', #2374 ) ;
#1396 = CARTESIAN_POINT ( 'NONE',  ( -2.137762229265268044, -2.472847073946707219, 1.187263407503507562 ) ) ;
#1397 = DIRECTION ( 'NONE',  ( 1.000000000000000000, 0.000000000000000000, 0.000000000000000000 ) ) ;
#1398 = DIRECTION ( 'NONE',  ( 0.000000000000000000, 0.000000000000000000, 1.000000000000000000 ) ) ;
#1399 = CARTESIAN_POINT ( 'NONE',  ( 1.850000000000000311, 2.672077843177476986, 0.5000000000000000000 ) ) ;
#1400 = EDGE_CURVE ( 'NONE', #1887, #1332, #1120, .T. ) ;
#1401 = CARTESIAN_POINT ( 'NONE',  ( -1.254121907152576210, -1.500000000000000000, 4.680446676378720916 ) ) ;
#1402 = VECTOR ( 'NONE', #189, 1000.000000000000000 ) ;
#1403 = CIRCLE ( 'NONE', #2564, 0.6499999999999995781 ) ;
#1404 = AXIS2_PLACEMENT_3D ( 'NONE', #1894, #886, #1397 ) ;
#1405 = ORIENTED_EDGE ( 'NONE', *, *, #258, .T. ) ;
#1406 = DIRECTION ( 'NONE',  ( -1.000000000000000000, 0.000000000000000000, 0.000000000000000000 ) ) ;
#1407 = VECTOR ( 'NONE', #2859, 999.9999999999998863 ) ;
#1408 = VERTEX_POINT ( 'NONE', #271 ) ;
#1409 = CARTESIAN_POINT ( 'NONE',  ( -1.850000000000000311, -2.672077843177476986, -2.000000000000000000 ) ) ;
#1410 = VERTEX_POINT ( 'NONE', #1346 ) ;
#1411 = CARTESIAN_POINT ( 'NONE',  ( 2.797034420842418712, 2.019677808122552598, -0.2501455524838661626 ) ) ;
#1412 = DIRECTION ( 'NONE',  ( 0.000000000000000000, -1.000000000000000000, -0.000000000000000000 ) ) ;
#1413 = FACE_OUTER_BOUND ( 'NONE', #709, .T. ) ;
#1414 = AXIS2_PLACEMENT_3D ( 'NONE', #846, #1851, #2063 ) ;
#1415 = DIRECTION ( 'NONE',  ( 1.000000000000000000, 0.000000000000000000, 0.000000000000000000 ) ) ;
#1416 = CARTESIAN_POINT ( 'NONE',  ( 2.241476337462279922, 2.622648247210571881, -1.199999999999999734 ) ) ;
#1417 = FACE_BOUND ( 'NONE', #203, .T. ) ;
#1418 = ORIENTED_EDGE ( 'NONE', *, *, #2111, .T. ) ;
#1419 = CARTESIAN_POINT ( 'NONE',  ( 0.1306679503408477161, -2.175005695501600389, 6.500024775432385660 ) ) ;
#1420 = VERTEX_POINT ( 'NONE', #307 ) ;
#1421 = CARTESIAN_POINT ( 'NONE',  ( 0.000000000000000000, -3.250000000000000000, 0.5000000000000000000 ) ) ;
#1422 = ORIENTED_EDGE ( 'NONE', *, *, #549, .F. ) ;
#1423 = CARTESIAN_POINT ( 'NONE',  ( 0.5000000000000017764, -3.437307692307693063, 6.000000000000000000 ) ) ;
#1424 = EDGE_CURVE ( 'NONE', #524, #1160, #90, .T. ) ;
#1425 = DIRECTION ( 'NONE',  ( 1.000000000000000000, 0.000000000000000000, 0.000000000000000000 ) ) ;
#1426 = ADVANCED_FACE ( 'NONE', ( #2606 ), #2305, .T. ) ;
#1427 = ORIENTED_EDGE ( 'NONE', *, *, #1484, .F. ) ;
#1428 = DIRECTION ( 'NONE',  ( -0.000000000000000000, -0.000000000000000000, -1.000000000000000000 ) ) ;
#1429 = CARTESIAN_POINT ( 'NONE',  ( 0.2619988668876305216, -2.161167244451641434, 5.554748268528213906 ) ) ;
#1430 = DIRECTION ( 'NONE',  ( 0.9659258262890700886, 0.000000000000000000, 0.2588190451025141336 ) ) ;
#1431 = CARTESIAN_POINT ( 'NONE',  ( -2.137762229265268044, 2.472847073946707663, -1.018791825736230061 ) ) ;
#1432 = ORIENTED_EDGE ( 'NONE', *, *, #2460, .F. ) ;
#1433 = DIRECTION ( 'NONE',  ( -0.2588190451025150218, -1.181524930445350061E-16, -0.9659258262890698665 ) ) ;
#1434 = CIRCLE ( 'NONE', #3296, 0.8999999999999998002 ) ;
#1435 = ORIENTED_EDGE ( 'NONE', *, *, #650, .F. ) ;
#1436 = ADVANCED_FACE ( 'NONE', ( #2071 ), #2819, .T. ) ;
#1437 = DIRECTION ( 'NONE',  ( -1.000000000000000000, -4.818676322157799347E-16, 0.000000000000000000 ) ) ;
#1438 = ORIENTED_EDGE ( 'NONE', *, *, #2084, .T. ) ;
#1439 = CARTESIAN_POINT ( 'NONE',  ( 0.000000000000000000, 0.000000000000000000, 1.300000000000000044 ) ) ;
#1440 = CONICAL_SURFACE ( 'NONE', #3032, 0.3249999999999997335, 1.029744258676653201 ) ;
#1441 = CARTESIAN_POINT ( 'NONE',  ( -0.2877622292652641245, 0.1992307692307679623, -2.000000000000000000 ) ) ;
#1442 = ORIENTED_EDGE ( 'NONE', *, *, #2710, .F. ) ;
#1443 = CARTESIAN_POINT ( 'NONE',  ( -0.9000000000000009104, 1.980056817366612432, 6.000000000000000000 ) ) ;
#1444 = CARTESIAN_POINT ( 'NONE',  ( 1.516362260853654886, -2.805047567274354670, -0.9386630265310200727 ) ) ;
#1445 = EDGE_CURVE ( 'NONE', #705, #2511, #2323, .T. ) ;
#1446 = ADVANCED_FACE ( 'NONE', ( #2090 ), #870, .F. ) ;
#1447 = CARTESIAN_POINT ( 'NONE',  ( -1.557432432432432678, -1.623854740550273901, 0.5000000000000004441 ) ) ;
#1448 = DIRECTION ( 'NONE',  ( -0.000000000000000000, 0.000000000000000000, 1.000000000000000000 ) ) ;
#1449 = EDGE_LOOP ( 'NONE', ( #1988, #2062, #829, #453 ) ) ;
#1450 = DIRECTION ( 'NONE',  ( 0.000000000000000000, 0.000000000000000000, 1.000000000000000000 ) ) ;
#1451 = AXIS2_PLACEMENT_3D ( 'NONE', #3093, #1810, #2122 ) ;
#1452 = ORIENTED_EDGE ( 'NONE', *, *, #2945, .T. ) ;
#1453 = AXIS2_PLACEMENT_3D ( 'NONE', #3004, #204, #1231 ) ;
#1454 = FACE_OUTER_BOUND ( 'NONE', #3057, .T. ) ;
#1455 = ORIENTED_EDGE ( 'NONE', *, *, #2560, .T. ) ;
#1456 = DIRECTION ( 'NONE',  ( -0.000000000000000000, 0.000000000000000000, -1.000000000000000000 ) ) ;
#1457 = VECTOR ( 'NONE', #616, 1000.000000000000000 ) ;
#1458 = EDGE_LOOP ( 'NONE', ( #2535, #2331, #781, #3071 ) ) ;
#1459 = CARTESIAN_POINT ( 'NONE',  ( -1.850000000000000089, 0.000000000000000000, -2.000000000000000000 ) ) ;
#1460 = ORIENTED_EDGE ( 'NONE', *, *, #458, .T. ) ;
#1461 = CARTESIAN_POINT ( 'NONE',  ( 0.000000000000000000, 0.000000000000000000, -2.000000000000000000 ) ) ;
#1462 = LINE ( 'NONE', #235, #1402 ) ;
#1463 = DIRECTION ( 'NONE',  ( -1.000000000000000000, 0.000000000000000000, 0.000000000000000000 ) ) ;
#1464 = AXIS2_PLACEMENT_3D ( 'NONE', #356, #1377, #2387 ) ;
#1465 = CARTESIAN_POINT ( 'NONE',  ( -0.6499999999999995781, 3.250000000000000000, 1.300000000000000044 ) ) ;
#1466 = CARTESIAN_POINT ( 'NONE',  ( 0.3249999999999997335, -2.000000000000000000, -0.5000000000000000000 ) ) ;
#1467 = VECTOR ( 'NONE', #1812, 1000.000000000000000 ) ;
#1468 = EDGE_LOOP ( 'NONE', ( #814, #2438, #640, #2483 ) ) ;
#1469 = CARTESIAN_POINT ( 'NONE',  ( -3.029851481508623934, 1.649999999999999911, -1.199999999999999734 ) ) ;
#1470 = AXIS2_PLACEMENT_3D ( 'NONE', #1766, #2778, #756 ) ;
#1471 = EDGE_LOOP ( 'NONE', ( #2050, #1838, #151, #2264 ) ) ;
#1472 = CARTESIAN_POINT ( 'NONE',  ( -0.8999999999999985789, -3.437307692307693952, -1.072357793034812397E-31 ) ) ;
#1473 = ORIENTED_EDGE ( 'NONE', *, *, #2757, .F. ) ;
#1474 = LINE ( 'NONE', #2468, #2228 ) ;
#1475 = CARTESIAN_POINT ( 'NONE',  ( 0.000000000000000000, -3.250000000000000000, 1.300000000000000044 ) ) ;
#1476 = EDGE_LOOP ( 'NONE', ( #2747, #322, #2321, #2251, #2514, #776, #2336, #2998, #2399, #2616, #2080, #3091, #2915, #1200, #2281, #1118, #3253 ) ) ;
#1477 = CARTESIAN_POINT ( 'NONE',  ( 2.797034420842418712, 2.019677808122552598, 1.300000000000000044 ) ) ;
#1478 = CARTESIAN_POINT ( 'NONE',  ( -0.5000000000000012212, 1.500000000000000444, 6.000000000000000000 ) ) ;
#1479 = CARTESIAN_POINT ( 'NONE',  ( 0.6499999999999995781, -3.250000000000000000, 1.300000000000000044 ) ) ;
#1480 = EDGE_CURVE ( 'NONE', #2793, #2097, #1619, .T. ) ;
#1481 = DIRECTION ( 'NONE',  ( -0.000000000000000000, -0.000000000000000000, 1.000000000000000000 ) ) ;
#1482 = DIRECTION ( 'NONE',  ( 1.000000000000000000, 0.000000000000000000, 0.000000000000000000 ) ) ;
#1483 = EDGE_CURVE ( 'NONE', #3081, #581, #1403, .T. ) ;
#1484 = EDGE_CURVE ( 'NONE', #267, #2236, #1597, .T. ) ;
#1485 = EDGE_LOOP ( 'NONE', ( #2412, #331, #808, #227 ) ) ;
#1486 = EDGE_CURVE ( 'NONE', #3069, #552, #1052, .T. ) ;
#1487 = FACE_OUTER_BOUND ( 'NONE', #1310, .T. ) ;
#1488 = EDGE_LOOP ( 'NONE', ( #2680, #2417, #868, #2182 ) ) ;
#1489 = CYLINDRICAL_SURFACE ( 'NONE', #475, 0.3249999999999997891 ) ;
#1490 = CIRCLE ( 'NONE', #149, 3.450000000000000178 ) ;
#1491 = DIRECTION ( 'NONE',  ( -0.000000000000000000, 0.000000000000000000, 1.000000000000000000 ) ) ;
#1492 = VERTEX_POINT ( 'NONE', #540 ) ;
#1493 = DIRECTION ( 'NONE',  ( -0.000000000000000000, -0.000000000000000000, -1.000000000000000000 ) ) ;
#1494 = DIRECTION ( 'NONE',  ( -0.000000000000000000, -0.000000000000000000, -1.000000000000000000 ) ) ;
#1495 = CARTESIAN_POINT ( 'NONE',  ( -0.9000000000000009104, 1.980056817366612432, 6.899999999999999467 ) ) ;
#1496 = FACE_OUTER_BOUND ( 'NONE', #2815, .T. ) ;
#1497 = CARTESIAN_POINT ( 'NONE',  ( -0.5000000000000014433, 2.116748686074943375, 6.000000000000000000 ) ) ;
#1498 = EDGE_CURVE ( 'NONE', #705, #1654, #3266, .T. ) ;
#1499 = VERTEX_POINT ( 'NONE', #53 ) ;
#1500 = PLANE ( 'NONE',  #1994 ) ;
#1501 = ORIENTED_EDGE ( 'NONE', *, *, #293, .F. ) ;
#1502 = CARTESIAN_POINT ( 'NONE',  ( 0.9000000000000005773, 1.980056817366612432, 4.775333355422418435 ) ) ;
#1503 = VECTOR ( 'NONE', #2439, 1000.000000000000000 ) ;
#1504 = AXIS2_PLACEMENT_3D ( 'NONE', #742, #2985, #3036 ) ;
#1505 = CARTESIAN_POINT ( 'NONE',  ( 1.380272765741162370E-15, -3.437307692307693507, 6.000000000000000000 ) ) ;
#1506 = ORIENTED_EDGE ( 'NONE', *, *, #1388, .F. ) ;
#1507 = CARTESIAN_POINT ( 'NONE',  ( 0.5541135278821135435, 2.104990405545336785, 6.718674540658349237 ) ) ;
#1508 = AXIS2_PLACEMENT_3D ( 'NONE', #3293, #476, #2043 ) ;
#1509 = CARTESIAN_POINT ( 'NONE',  ( 2.452011428089749145, -2.426961053770182009, 0.5000000000000000000 ) ) ;
#1510 = VECTOR ( 'NONE', #240, 1000.000000000000000 ) ;
#1511 = CARTESIAN_POINT ( 'NONE',  ( -1.499999999999936495, 2.672077843177559142, -0.8143106892089514437 ) ) ;
#1512 = LINE ( 'NONE', #477, #2635 ) ;
#1513 = PLANE ( 'NONE',  #74 ) ;
#1514 = AXIS2_PLACEMENT_3D ( 'NONE', #1055, #3282, #2059 ) ;
#1515 = ORIENTED_EDGE ( 'NONE', *, *, #3002, .T. ) ;
#1516 = CARTESIAN_POINT ( 'NONE',  ( 1.849999999999999645, 1.650000000000000577, 1.300000000000000044 ) ) ;
#1517 = ORIENTED_EDGE ( 'NONE', *, *, #668, .T. ) ;
#1518 = CARTESIAN_POINT ( 'NONE',  ( -0.1120008660183864357, -2.914562415081550117, -0.6663825158516984981 ) ) ;
#1519 = PLANE ( 'NONE',  #1827 ) ;
#1520 = ORIENTED_EDGE ( 'NONE', *, *, #1264, .T. ) ;
#1521 = PLANE ( 'NONE',  #860 ) ;
#1522 = CARTESIAN_POINT ( 'NONE',  ( -0.3500000000000009215, 3.250000000000000000, 1.187263407503507562 ) ) ;
#1523 = ADVANCED_FACE ( 'NONE', ( #561 ), #2721, .T. ) ;
#1524 = EDGE_CURVE ( 'NONE', #269, #2648, #168, .T. ) ;
#1525 = LINE ( 'NONE', #1495, #439 ) ;
#1526 = EDGE_CURVE ( 'NONE', #1903, #1789, #344, .T. ) ;
#1527 = LINE ( 'NONE', #803, #1467 ) ;
#1528 = CARTESIAN_POINT ( 'NONE',  ( -0.6344884488436142167, -3.391153846153846629, 1.300000000000000044 ) ) ;
#1529 = CARTESIAN_POINT ( 'NONE',  ( -2.053763878069899906, 2.380027057279773484, -0.8935137199022904486 ) ) ;
#1530 = VERTEX_POINT ( 'NONE', #2872 ) ;
#1531 = CARTESIAN_POINT ( 'NONE',  ( -1.557432432432432678, -1.623854740550273901, 0.000000000000000000 ) ) ;
#1532 = VECTOR ( 'NONE', #2713, 1000.000000000000000 ) ;
#1533 = ORIENTED_EDGE ( 'NONE', *, *, #3068, .F. ) ;
#1534 = CARTESIAN_POINT ( 'NONE',  ( -0.3499999999999999778, -3.250000000000000444, -1.018791825736230061 ) ) ;
#1535 = EDGE_CURVE ( 'NONE', #1410, #979, #2168, .T. ) ;
#1536 = ORIENTED_EDGE ( 'NONE', *, *, #156, .T. ) ;
#1537 = LOCAL_TIME ( 11, 33, 42.00000000000000000, #2576 ) ;
#1538 = FACE_OUTER_BOUND ( 'NONE', #2378, .T. ) ;
#1539 = VERTEX_POINT ( 'NONE', #287 ) ;
#1540 = FACE_OUTER_BOUND ( 'NONE', #1765, .T. ) ;
#1541 = CARTESIAN_POINT ( 'NONE',  ( 0.000000000000000000, 0.000000000000000000, -1.199999999999999734 ) ) ;
#1542 = B_SPLINE_CURVE_WITH_KNOTS ( 'NONE', 3,
 ( #1733, #1779, #2735, #208 ),
 .UNSPECIFIED., .F., .F.,
 ( 4, 4 ),
 ( 3.430289775038314130E-07, 0.0002573126967796373439 ),
 .UNSPECIFIED. ) ;
#1543 = CIRCLE ( 'NONE', #2395, 1.650000000000000133 ) ;
#1544 = CARTESIAN_POINT ( 'NONE',  ( -0.5000000000000014433, 2.116748686074942931, 6.132624431995430392 ) ) ;
#1545 = LINE ( 'NONE', #529, #3063 ) ;
#1546 = EDGE_LOOP ( 'NONE', ( #281, #1688, #465, #337 ) ) ;
#1547 = CARTESIAN_POINT ( 'NONE',  ( 0.000000000000000000, 0.000000000000000000, -2.000000000000000000 ) ) ;
#1548 = CC_DESIGN_PERSON_AND_ORGANIZATION_ASSIGNMENT ( #1860, #2076, ( #1806 ) ) ;
#1549 = ORIENTED_EDGE ( 'NONE', *, *, #2362, .F. ) ;
#1550 = DIRECTION ( 'NONE',  ( 1.000000000000000000, 0.000000000000000000, 0.000000000000000000 ) ) ;
#1551 = ORIENTED_EDGE ( 'NONE', *, *, #2884, .F. ) ;
#1552 = PLANE ( 'NONE',  #1068 ) ;
#1553 = ORIENTED_EDGE ( 'NONE', *, *, #1912, .F. ) ;
#1554 = AXIS2_PLACEMENT_3D ( 'NONE', #2944, #194, #2790 ) ;
#1555 = CARTESIAN_POINT ( 'NONE',  ( -0.3500000000000009215, 3.250000000000000000, -2.000000000000000000 ) ) ;
#1556 = ORIENTED_EDGE ( 'NONE', *, *, #1115, .T. ) ;
#1557 = CARTESIAN_POINT ( 'NONE',  ( 1.631385467262914668, 2.971183222029714077, -1.139588519289088220 ) ) ;
#1558 = DIRECTION ( 'NONE',  ( -0.000000000000000000, 0.000000000000000000, 1.000000000000000000 ) ) ;
#1559 = AXIS2_PLACEMENT_3D ( 'NONE', #3027, #2507, #478 ) ;
#1560 = CARTESIAN_POINT ( 'NONE',  ( 0.000000000000000000, -3.250000000000000000, 0.5000000000000000000 ) ) ;
#1561 = AXIS2_PLACEMENT_3D ( 'NONE', #2153, #118, #1176 ) ;
#1562 = CARTESIAN_POINT ( 'NONE',  ( -0.8999999999999994671, -1.500000000000000000, 6.000000000000000000 ) ) ;
#1563 = VERTEX_POINT ( 'NONE', #1067 ) ;
#1564 = CARTESIAN_POINT ( 'NONE',  ( -0.3162204075934796355, 3.094668195327690441, -0.8607679143496227425 ) ) ;
#1565 = VECTOR ( 'NONE', #1566, 1000.000000000000000 ) ;
#1566 = DIRECTION ( 'NONE',  ( 1.000000000000000000, 2.940209281316622988E-16, 0.000000000000000000 ) ) ;
#1567 = ORIENTED_EDGE ( 'NONE', *, *, #942, .T. ) ;
#1568 = EDGE_CURVE ( 'NONE', #2383, #1410, #2330, .T. ) ;
#1569 = LINE ( 'NONE', #2349, #2585 ) ;
#1570 = VECTOR ( 'NONE', #1657, 1000.000000000000000 ) ;
#1571 = ORIENTED_EDGE ( 'NONE', *, *, #799, .T. ) ;
#1572 = DIRECTION ( 'NONE',  ( 0.000000000000000000, 0.000000000000000000, 1.000000000000000000 ) ) ;
#1573 = ORIENTED_EDGE ( 'NONE', *, *, #1771, .T. ) ;
#1574 = FACE_OUTER_BOUND ( 'NONE', #353, .T. ) ;
#1575 = VERTEX_POINT ( 'NONE', #2390 ) ;
#1576 = DIRECTION ( 'NONE',  ( -0.000000000000000000, -0.000000000000000000, -1.000000000000000000 ) ) ;
#1577 = DIRECTION ( 'NONE',  ( -0.000000000000000000, 0.000000000000000000, 1.000000000000000000 ) ) ;
#1578 = CIRCLE ( 'NONE', #2317, 0.6499999999999995781 ) ;
#1579 = DIRECTION ( 'NONE',  ( -0.000000000000000000, 0.000000000000000000, 1.000000000000000000 ) ) ;
#1580 = DATE_TIME_ROLE ( 'classification_date' ) ;
#1581 = ORIENTED_EDGE ( 'NONE', *, *, #458, .F. ) ;
#1582 = CARTESIAN_POINT ( 'NONE',  ( 1.562237770734733022, 2.871308612408246752, -1.018791825736230061 ) ) ;
#1583 = EDGE_CURVE ( 'NONE', #2218, #723, #1295, .T. ) ;
#1584 = CARTESIAN_POINT ( 'NONE',  ( -1.742159840362360379, -2.336662561018782114, -0.6644120908081018184 ) ) ;
#1585 = ORIENTED_EDGE ( 'NONE', *, *, #2499, .F. ) ;
#1586 = B_SPLINE_CURVE_WITH_KNOTS ( 'NONE', 3,
 ( #2020, #2272, #1015, #3038 ),
 .UNSPECIFIED., .F., .F.,
 ( 4, 4 ),
 ( 0.001713513266388385584, 0.001970482904738975107 ),
 .UNSPECIFIED. ) ;
#1587 = CARTESIAN_POINT ( 'NONE',  ( 1.380272765741162370E-15, -3.437307692307693507, 6.000000000000000000 ) ) ;
#1588 = ORIENTED_EDGE ( 'NONE', *, *, #3012, .T. ) ;
#1589 = CARTESIAN_POINT ( 'NONE',  ( 0.000000000000000000, 3.250000000000000000, 1.300000000000000044 ) ) ;
#1590 = EDGE_CURVE ( 'NONE', #1344, #3239, #1141, .T. ) ;
#1591 = ADVANCED_FACE ( 'NONE', ( #885 ), #990, .F. ) ;
#1592 = ADVANCED_FACE ( 'NONE', ( #2024 ), #2993, .T. ) ;
#1593 = ORIENTED_EDGE ( 'NONE', *, *, #1913, .F. ) ;
#1594 = CARTESIAN_POINT ( 'NONE',  ( 1.108172715006626063, -1.885435571217152440, 4.719553644550201987 ) ) ;
#1595 = ORIENTED_EDGE ( 'NONE', *, *, #3272, .T. ) ;
#1596 = CARTESIAN_POINT ( 'NONE',  ( -0.1999999999999998723, 0.000000000000000000, -2.000000000000000000 ) ) ;
#1597 = LINE ( 'NONE', #75, #1880 ) ;
#1598 = AXIS2_PLACEMENT_3D ( 'NONE', #1625, #2863, #2617 ) ;
#1599 = CARTESIAN_POINT ( 'NONE',  ( -0.1178117152179003618, -2.175062438040733959, 6.900150892033603434 ) ) ;
#1600 = APPROVAL_DATE_TIME ( #1331, #259 ) ;
#1601 = ORIENTED_EDGE ( 'NONE', *, *, #594, .T. ) ;
#1602 = CARTESIAN_POINT ( 'NONE',  ( -0.3432436499090995574, 3.170582668652099922, -0.9390940866578011414 ) ) ;
#1603 = LINE ( 'NONE', #622, #2364 ) ;
#1604 = ADVANCED_FACE ( 'NONE', ( #1221 ), #2540, .T. ) ;
#1605 = VECTOR ( 'NONE', #407, 1000.000000000000000 ) ;
#1606 = EDGE_LOOP ( 'NONE', ( #2191, #1128 ) ) ;
#1607 = CARTESIAN_POINT ( 'NONE',  ( -0.4999999999999989453, -3.437307692307693952, 6.000000000000000000 ) ) ;
#1608 = ORIENTED_EDGE ( 'NONE', *, *, #1016, .F. ) ;
#1609 = FACE_OUTER_BOUND ( 'NONE', #2003, .T. ) ;
#1610 = ORIENTED_EDGE ( 'NONE', *, *, #443, .T. ) ;
#1611 = CARTESIAN_POINT ( 'NONE',  ( 1.557432432432432234, 1.623854740550274567, 5.972877042869646935 ) ) ;
#1612 = VERTEX_POINT ( 'NONE', #1466 ) ;
#1613 = DIRECTION ( 'NONE',  ( -0.000000000000000000, -0.000000000000000000, -1.000000000000000000 ) ) ;
#1614 = CARTESIAN_POINT ( 'NONE',  ( -1.850000000000000311, 1.649999999999999023, -0.2289110512481072057 ) ) ;
#1615 = AXIS2_PLACEMENT_3D ( 'NONE', #1881, #545, #364 ) ;
#1616 = CARTESIAN_POINT ( 'NONE',  ( 0.7851644741328073218, -2.028927746108957653, 6.455366238333574813 ) ) ;
#1617 = APPROVAL_DATE_TIME ( #77, #3077 ) ;
#1618 = ORIENTED_EDGE ( 'NONE', *, *, #1115, .F. ) ;
#1619 = CIRCLE ( 'NONE', #1033, 0.3249999999999999001 ) ;
#1620 = CARTESIAN_POINT ( 'NONE',  ( 0.000000000000000000, 0.000000000000000000, 1.300000000000000044 ) ) ;
#1621 = AXIS2_PLACEMENT_3D ( 'NONE', #663, #420, #2698 ) ;
#1622 = FACE_OUTER_BOUND ( 'NONE', #2120, .T. ) ;
#1623 = CIRCLE ( 'NONE', #2042, 0.3500000000000000333 ) ;
#1624 = ORIENTED_EDGE ( 'NONE', *, *, #1483, .F. ) ;
#1625 = CARTESIAN_POINT ( 'NONE',  ( 2.425672657086213903E-16, -1.649999999999999911, 1.300000000000000044 ) ) ;
#1626 = VERTEX_POINT ( 'NONE', #3065 ) ;
#1627 = FACE_OUTER_BOUND ( 'NONE', #3222, .T. ) ;
#1628 = ORIENTED_EDGE ( 'NONE', *, *, #1526, .F. ) ;
#1629 = CARTESIAN_POINT ( 'NONE',  ( -3.029851481508623490, -1.650000000000000577, -2.000000000000000000 ) ) ;
#1630 = DIRECTION ( 'NONE',  ( -0.000000000000000000, 0.000000000000000000, 1.000000000000000000 ) ) ;
#1631 = AXIS2_PLACEMENT_3D ( 'NONE', #2804, #786, #1751 ) ;
#1632 = CARTESIAN_POINT ( 'NONE',  ( -1.408686796762322890, -3.149301749376757886, 0.5000000000000000000 ) ) ;
#1633 = APPROVAL_STATUS ( 'not_yet_approved' ) ;
#1634 = DIRECTION ( 'NONE',  ( -0.000000000000000000, -0.000000000000000000, 1.000000000000000000 ) ) ;
#1635 = CARTESIAN_POINT ( 'NONE',  ( 0.000000000000000000, 3.250000000000000000, 1.300000000000000044 ) ) ;
#1636 = EDGE_CURVE ( 'NONE', #1772, #976, #655, .T. ) ;
#1637 = EDGE_CURVE ( 'NONE', #779, #2485, #389, .T. ) ;
#1638 = VECTOR ( 'NONE', #1076, 1000.000000000000000 ) ;
#1639 = EDGE_CURVE ( 'NONE', #2284, #2350, #3268, .T. ) ;
#1640 = CARTESIAN_POINT ( 'NONE',  ( -1.592733343982302152, -2.431157694668732105, -0.6561700577854792105 ) ) ;
#1641 = ORIENTED_EDGE ( 'NONE', *, *, #2128, .F. ) ;
#1642 = CARTESIAN_POINT ( 'NONE',  ( 0.000000000000000000, -2.000000000000000000, -2.000000000000000000 ) ) ;
#1643 = ORIENTED_EDGE ( 'NONE', *, *, #3054, .F. ) ;
#1644 = CARTESIAN_POINT ( 'NONE',  ( 1.557432432432432678, -1.623854740550273901, 0.5000000000000001110 ) ) ;
#1645 = ORIENTED_EDGE ( 'NONE', *, *, #1694, .F. ) ;
#1646 = CARTESIAN_POINT ( 'NONE',  ( -2.377121316667877071, -1.650000000000000133, -0.2501455524838661626 ) ) ;
#1647 = ADVANCED_FACE ( 'NONE', ( #974 ), #2478, .T. ) ;
#1648 = CARTESIAN_POINT ( 'NONE',  ( 1.850000000000000311, 2.672077843177476986, 1.300000000000000044 ) ) ;
#1649 = CARTESIAN_POINT ( 'NONE',  ( 0.3500000000000009215, 3.432200460346102933, -2.000000000000000000 ) ) ;
#1650 = AXIS2_PLACEMENT_3D ( 'NONE', #1888, #625, #142 ) ;
#1651 = CARTESIAN_POINT ( 'NONE',  ( 1.566974912219986749, -2.460041435843196123, -0.6663818156429925921 ) ) ;
#1652 = DIRECTION ( 'NONE',  ( -1.000000000000000000, 0.000000000000000000, 0.000000000000000000 ) ) ;
#1653 =( GEOMETRIC_REPRESENTATION_CONTEXT ( 3 ) GLOBAL_UNCERTAINTY_ASSIGNED_CONTEXT ( ( #620 ) ) GLOBAL_UNIT_ASSIGNED_CONTEXT ( ( #1252, #1267, #1020 ) ) REPRESENTATION_CONTEXT ( 'NONE', 'WORKASPACE' ) );
#1654 = VERTEX_POINT ( 'NONE', #1736 ) ;
#1655 = CARTESIAN_POINT ( 'NONE',  ( 1.849999999999999867, 1.649999999999999911, -0.2289110512481076498 ) ) ;
#1656 = ORIENTED_EDGE ( 'NONE', *, *, #1486, .T. ) ;
#1657 = DIRECTION ( 'NONE',  ( -4.565061778886335030E-16, 1.000000000000000000, -0.000000000000000000 ) ) ;
#1658 = ORIENTED_EDGE ( 'NONE', *, *, #2460, .T. ) ;
#1659 = LINE ( 'NONE', #1646, #419 ) ;
#1660 = DIRECTION ( 'NONE',  ( 1.000000000000000000, 0.000000000000000000, 0.000000000000000000 ) ) ;
#1661 = CARTESIAN_POINT ( 'NONE',  ( 0.000000000000000000, 0.000000000000000000, 0.5000000000000000000 ) ) ;
#1662 = CARTESIAN_POINT ( 'NONE',  ( -1.850000000000000311, -2.672077843177476986, -0.2501455524838661626 ) ) ;
#1663 = MANIFOLD_SOLID_BREP ( 'Cut-Revolve1', #3046 ) ;
#1664 = CARTESIAN_POINT ( 'NONE',  ( -2.241476337462280810, 2.622648247210572325, -2.000000000000000000 ) ) ;
#1665 = AXIS2_PLACEMENT_3D ( 'NONE', #2173, #890, #667 ) ;
#1666 = DIRECTION ( 'NONE',  ( 0.000000000000000000, 0.000000000000000000, 1.000000000000000000 ) ) ;
#1667 = AXIS2_PLACEMENT_3D ( 'NONE', #981, #1491, #506 ) ;
#1668 = VECTOR ( 'NONE', #1135, 1000.000000000000114 ) ;
#1669 = ORIENTED_EDGE ( 'NONE', *, *, #2615, .T. ) ;
#1670 = CARTESIAN_POINT ( 'NONE',  ( 0.2605913583467688865, -2.161379688198790561, 6.446429421634369383 ) ) ;
#1671 = EDGE_CURVE ( 'NONE', #1575, #1686, #3010, .T. ) ;
#1672 = EDGE_CURVE ( 'NONE', #368, #1209, #3044, .T. ) ;
#1673 = CIRCLE ( 'NONE', #2095, 1.650000000000000133 ) ;
#1674 = ORIENTED_EDGE ( 'NONE', *, *, #3220, .F. ) ;
#1675 = FACE_OUTER_BOUND ( 'NONE', #428, .T. ) ;
#1676 = ORIENTED_EDGE ( 'NONE', *, *, #1109, .F. ) ;
#1677 = CARTESIAN_POINT ( 'NONE',  ( 1.850000000000000311, -2.672077843177476986, 1.300000000000000044 ) ) ;
#1678 = CARTESIAN_POINT ( 'NONE',  ( 2.377121316667876183, -1.649999999999999689, 0.5000000000000000000 ) ) ;
#1679 = ORIENTED_EDGE ( 'NONE', *, *, #239, .F. ) ;
#1680 = CARTESIAN_POINT ( 'NONE',  ( 2.377121316667877515, 1.650000000000000577, -0.2501455524838661626 ) ) ;
#1681 = VECTOR ( 'NONE', #2178, 1000.000000000000000 ) ;
#1682 = CARTESIAN_POINT ( 'NONE',  ( -0.3500000000000009215, 3.432200460346102933, -1.199999999999999734 ) ) ;
#1683 = CARTESIAN_POINT ( 'NONE',  ( -1.665951878931745345, -3.021109785672111414, -1.199999999999999734 ) ) ;
#1684 = CARTESIAN_POINT ( 'NONE',  ( -2.241476337462279922, 2.622648247210571881, -1.199999999999999734 ) ) ;
#1685 = EDGE_CURVE ( 'NONE', #894, #2822, #225, .T. ) ;
#1686 = VERTEX_POINT ( 'NONE', #2263 ) ;
#1687 = CARTESIAN_POINT ( 'NONE',  ( 0.6499999999999995781, -3.250000000000000000, 0.5000000000000000000 ) ) ;
#1688 = ORIENTED_EDGE ( 'NONE', *, *, #2156, .F. ) ;
#1689 = CARTESIAN_POINT ( 'NONE',  ( 0.000000000000000000, 0.000000000000000000, -2.000000000000000000 ) ) ;
#1690 = ORIENTED_EDGE ( 'NONE', *, *, #3200, .T. ) ;
#1691 = CARTESIAN_POINT ( 'NONE',  ( -1.557432432432432678, 1.623854740550273901, 5.972877042869646935 ) ) ;
#1692 = ADVANCED_FACE ( 'NONE', ( #3283 ), #5, .F. ) ;
#1693 = ADVANCED_FACE ( 'NONE', ( #494 ), #1513, .F. ) ;
#1694 = EDGE_CURVE ( 'NONE', #2743, #1232, #1781, .T. ) ;
#1695 = LINE ( 'NONE', #2969, #662 ) ;
#1696 = VERTEX_POINT ( 'NONE', #1528 ) ;
#1697 = DIRECTION ( 'NONE',  ( -0.000000000000000000, -0.000000000000000000, -1.000000000000000000 ) ) ;
#1698 = CARTESIAN_POINT ( 'NONE',  ( 1.518494498339783005, -2.548924521187684533, -0.7166328403125412638 ) ) ;
#1699 = CARTESIAN_POINT ( 'NONE',  ( 0.3500000000000009215, 3.310742680467853916, -1.079185305053641297 ) ) ;
#1700 = CIRCLE ( 'NONE', #687, 3.450000000000000178 ) ;
#1701 = CARTESIAN_POINT ( 'NONE',  ( 1.652647848824538634, -1.641009564853913805, -0.07828823125573206032 ) ) ;
#1702 = EDGE_CURVE ( 'NONE', #3048, #3069, #787, .T. ) ;
#1703 = EDGE_LOOP ( 'NONE', ( #1760, #1585, #1601, #2136 ) ) ;
#1704 = CARTESIAN_POINT ( 'NONE',  ( 0.000000000000000000, -2.000000000000000000, -0.5000000000000000000 ) ) ;
#1705 = AXIS2_PLACEMENT_3D ( 'NONE', #1461, #2987, #2489 ) ;
#1706 = ORIENTED_EDGE ( 'NONE', *, *, #1636, .F. ) ;
#1707 = DIRECTION ( 'NONE',  ( -0.000000000000000000, -0.000000000000000000, -1.000000000000000000 ) ) ;
#1708 = ORIENTED_EDGE ( 'NONE', *, *, #651, .T. ) ;
#1709 = EDGE_CURVE ( 'NONE', #3124, #1160, #2580, .T. ) ;
#1710 = LINE ( 'NONE', #2983, #2807 ) ;
#1711 = CARTESIAN_POINT ( 'NONE',  ( -1.596814373462587922, 2.921249895673896368, -1.079185305053641519 ) ) ;
#1712 = VERTEX_POINT ( 'NONE', #329 ) ;
#1713 = CARTESIAN_POINT ( 'NONE',  ( -1.467736486486486136, -1.605108907905100413, 4.099999999999999645 ) ) ;
#1714 = CARTESIAN_POINT ( 'NONE',  ( 0.4999999999997405409, -2.116748686075004660, 5.869073327950201424 ) ) ;
#1715 = CYLINDRICAL_SURFACE ( 'NONE', #1885, 0.6499999999999998002 ) ;
#1716 = CARTESIAN_POINT ( 'NONE',  ( 1.850000000000000089, -1.650000000000000355, -0.2289110512481083992 ) ) ;
#1717 = CIRCLE ( 'NONE', #3101, 3.450000000000000178 ) ;
#1718 = ORIENTED_EDGE ( 'NONE', *, *, #1769, .T. ) ;
#1719 = PLANE ( 'NONE',  #330 ) ;
#1720 = AXIS2_PLACEMENT_3D ( 'NONE', #1541, #1102, #2106 ) ;
#1721 = EDGE_LOOP ( 'NONE', ( #2430, #1847, #1012, #1337 ) ) ;
#1722 = CIRCLE ( 'NONE', #2510, 0.6499999999999998002 ) ;
#1723 = CARTESIAN_POINT ( 'NONE',  ( -2.452011428089749590, 2.426961053770182009, 0.5000000000000000000 ) ) ;
#1724 = B_SPLINE_CURVE_WITH_KNOTS ( 'NONE', 3,
 ( #73, #1557, #1101, #286 ),
 .UNSPECIFIED., .F., .F.,
 ( 4, 4 ),
 ( 2.835770322494629381E-07, 0.0002572532448343865818 ),
 .UNSPECIFIED. ) ;
#1725 = ORIENTED_EDGE ( 'NONE', *, *, #2375, .F. ) ;
#1726 = DIRECTION ( 'NONE',  ( -0.000000000000000000, -0.000000000000000000, -1.000000000000000000 ) ) ;
#1727 = ORIENTED_EDGE ( 'NONE', *, *, #2268, .T. ) ;
#1728 =( BOUNDED_CURVE ( )  B_SPLINE_CURVE ( 3, ( #1049, #3142, #2087, #50 ),
 .UNSPECIFIED., .F., .T. ) 
 B_SPLINE_CURVE_WITH_KNOTS ( ( 4, 4 ),
 ( 4.946188009714716394, 7.620182604644455182 ),
 .UNSPECIFIED. ) 
 CURVE ( )  GEOMETRIC_REPRESENTATION_ITEM ( )  RATIONAL_B_SPLINE_CURVE ( ( 1.000000000000000000, 0.4877832377832381217, 0.4877832377832381217, 1.000000000000000000 ) ) 
 REPRESENTATION_ITEM ( '' )  );
#1729 = CARTESIAN_POINT ( 'NONE',  ( 1.665951878931745789, -3.021109785672111858, -2.000000000000000000 ) ) ;
#1730 = ORIENTED_EDGE ( 'NONE', *, *, #1526, .T. ) ;
#1731 = CYLINDRICAL_SURFACE ( 'NONE', #867, 2.174999999999999822 ) ;
#1732 = CARTESIAN_POINT ( 'NONE',  ( -8.736386979343724232E-16, 1.500000000000000444, 6.000000000000000000 ) ) ;
#1733 = CARTESIAN_POINT ( 'NONE',  ( 2.137762229265269820, 2.472847073946711660, -1.018791825736230061 ) ) ;
#1734 = AXIS2_PLACEMENT_3D ( 'NONE', #1891, #2902, #1904 ) ;
#1735 = FACE_OUTER_BOUND ( 'NONE', #508, .T. ) ;
#1736 = CARTESIAN_POINT ( 'NONE',  ( 1.562237770734732800, -2.871308612408246752, -2.000000000000000000 ) ) ;
#1737 = EDGE_CURVE ( 'NONE', #1867, #2602, #294, .T. ) ;
#1738 = ADVANCED_FACE ( 'NONE', ( #1622 ), #1899, .F. ) ;
#1739 = EDGE_CURVE ( 'NONE', #2825, #1626, #81, .T. ) ;
#1740 = VECTOR ( 'NONE', #2235, 1000.000000000000000 ) ;
#1741 = VERTEX_POINT ( 'NONE', #1865 ) ;
#1742 = DIRECTION ( 'NONE',  ( 1.000000000000000000, 0.000000000000000000, 0.000000000000000000 ) ) ;
#1743 = ORIENTED_EDGE ( 'NONE', *, *, #2473, .T. ) ;
#1744 = CARTESIAN_POINT ( 'NONE',  ( -0.3249999999999997891, -2.000000000000000000, -2.000000000000000000 ) ) ;
#1745 = DIRECTION ( 'NONE',  ( -0.000000000000000000, -0.000000000000000000, -1.000000000000000000 ) ) ;
#1746 = EDGE_LOOP ( 'NONE', ( #2463, #2115, #740, #1452, #572, #241, #2650, #2414, #49, #912 ) ) ;
#1747 = DIRECTION ( 'NONE',  ( 0.8221777979007627302, -0.5692307692307685407, 0.000000000000000000 ) ) ;
#1748 = EDGE_CURVE ( 'NONE', #1352, #1575, #547, .T. ) ;
#1749 = PLANE ( 'NONE',  #2403 ) ;
#1750 = CARTESIAN_POINT ( 'NONE',  ( -2.137762229265268044, 2.472847073946707663, -2.000000000000000000 ) ) ;
#1751 = DIRECTION ( 'NONE',  ( 1.000000000000000000, 0.000000000000000000, 0.000000000000000000 ) ) ;
#1752 = CARTESIAN_POINT ( 'NONE',  ( 0.4999999999999992784, 2.116748686074943819, 6.000000000000000000 ) ) ;
#1753 = CIRCLE ( 'NONE', #145, 3.450000000000000178 ) ;
#1754 = ORIENTED_EDGE ( 'NONE', *, *, #349, .T. ) ;
#1755 = LINE ( 'NONE', #1965, #728 ) ;
#1756 = ORIENTED_EDGE ( 'NONE', *, *, #2268, .F. ) ;
#1757 = CARTESIAN_POINT ( 'NONE',  ( 0.3249999999999997335, -2.000000000000000000, -0.5000000000000000000 ) ) ;
#1758 = VECTOR ( 'NONE', #1119, 1000.000000000000000 ) ;
#1759 = DIRECTION ( 'NONE',  ( -0.000000000000000000, 0.000000000000000000, 1.000000000000000000 ) ) ;
#1760 = ORIENTED_EDGE ( 'NONE', *, *, #497, .T. ) ;
#1761 = CYLINDRICAL_SURFACE ( 'NONE', #1705, 3.450000000000000178 ) ;
#1762 = DIRECTION ( 'NONE',  ( 1.000000000000000000, 0.000000000000000000, 0.000000000000000000 ) ) ;
#1763 = CARTESIAN_POINT ( 'NONE',  ( 1.603906579145682798, 2.416870092564892936, -0.6501007570865671159 ) ) ;
#1764 = DIRECTION ( 'NONE',  ( -0.000000000000000000, -0.000000000000000000, -1.000000000000000000 ) ) ;
#1765 = EDGE_LOOP ( 'NONE', ( #205, #160, #1808, #1048 ) ) ;
#1766 = CARTESIAN_POINT ( 'NONE',  ( 1.850000000000000311, 2.672077843177476986, -0.2501455524838661626 ) ) ;
#1767 = VERTEX_POINT ( 'NONE', #61 ) ;
#1768 = CARTESIAN_POINT ( 'NONE',  ( 1.467736486486485692, 1.605108907905100857, 4.623208822354685665 ) ) ;
#1769 = EDGE_CURVE ( 'NONE', #2743, #2765, #827, .T. ) ;
#1770 = EDGE_CURVE ( 'NONE', #433, #2648, #1092, .T. ) ;
#1771 = EDGE_CURVE ( 'NONE', #1941, #2954, #1603, .T. ) ;
#1772 = VERTEX_POINT ( 'NONE', #2148 ) ;
#1773 = DIRECTION ( 'NONE',  ( -0.000000000000000000, -0.000000000000000000, -1.000000000000000000 ) ) ;
#1774 = ORIENTED_EDGE ( 'NONE', *, *, #3298, .T. ) ;
#1775 = CARTESIAN_POINT ( 'NONE',  ( -1.850000000000000311, 2.672077843177476986, 1.300000000000000044 ) ) ;
#1776 = CIRCLE ( 'NONE', #3049, 1.149999999999999689 ) ;
#1777 = DIRECTION ( 'NONE',  ( -0.000000000000000000, 0.000000000000000000, 1.000000000000000000 ) ) ;
#1778 = AXIS2_PLACEMENT_3D ( 'NONE', #892, #602, #42 ) ;
#1779 = CARTESIAN_POINT ( 'NONE',  ( 2.172338831993124053, 2.522788357212358168, -1.079185305053642852 ) ) ;
#1780 = CARTESIAN_POINT ( 'NONE',  ( 1.562237770734733022, 2.871308612408246752, -2.000000000000000000 ) ) ;
#1781 = LINE ( 'NONE', #2292, #2836 ) ;
#1782 = CARTESIAN_POINT ( 'NONE',  ( -1.518519038200882409, 2.531962784618069673, -0.7013789436164074020 ) ) ;
#1783 = EDGE_CURVE ( 'NONE', #1420, #2199, #94, .T. ) ;
#1784 = VECTOR ( 'NONE', #1185, 1000.000000000000000 ) ;
#1785 = ORIENTED_EDGE ( 'NONE', *, *, #301, .T. ) ;
#1786 = CARTESIAN_POINT ( 'NONE',  ( -1.467736486486486136, 1.605108907905100413, 4.099999999999999645 ) ) ;
#1787 = ORIENTED_EDGE ( 'NONE', *, *, #1483, .T. ) ;
#1788 = DIRECTION ( 'NONE',  ( -0.000000000000000000, 0.000000000000000000, 1.000000000000000000 ) ) ;
#1789 = VERTEX_POINT ( 'NONE', #1318 ) ;
#1790 = LINE ( 'NONE', #2223, #172 ) ;
#1791 = ADVANCED_FACE ( 'NONE', ( #2110 ), #1336, .T. ) ;
#1792 = VERTEX_POINT ( 'NONE', #2842 ) ;
#1793 = CARTESIAN_POINT ( 'NONE',  ( -1.562237770734733910, 2.871308612408247196, -1.018791825736229839 ) ) ;
#1794 = CC_DESIGN_DATE_AND_TIME_ASSIGNMENT ( #1315, #633, ( #2382 ) ) ;
#1795 = DIRECTION ( 'NONE',  ( 0.000000000000000000, 0.000000000000000000, 1.000000000000000000 ) ) ;
#1796 = CARTESIAN_POINT ( 'NONE',  ( 2.091887610946459919, 2.406587316555406364, -0.9386645837848659468 ) ) ;
#1797 = CARTESIAN_POINT ( 'NONE',  ( 0.000000000000000000, -3.250000000000000000, -2.000000000000000000 ) ) ;
#1798 = ORIENTED_EDGE ( 'NONE', *, *, #693, .T. ) ;
#1799 = CARTESIAN_POINT ( 'NONE',  ( -1.499999999999936495, 2.672077843177559142, -0.8143106892089514437 ) ) ;
#1800 = ORIENTED_EDGE ( 'NONE', *, *, #2845, .T. ) ;
#1801 = CARTESIAN_POINT ( 'NONE',  ( 0.000000000000000000, 0.000000000000000000, -1.199999999999999734 ) ) ;
#1802 = VECTOR ( 'NONE', #2547, 1000.000000000000000 ) ;
#1803 = VERTEX_POINT ( 'NONE', #875 ) ;
#1804 = DIRECTION ( 'NONE',  ( 1.000000000000000000, 0.000000000000000000, 0.000000000000000000 ) ) ;
#1805 = ORIENTED_EDGE ( 'NONE', *, *, #3132, .T. ) ;
#1806 = PRODUCT_DEFINITION_FORMATION_WITH_SPECIFIED_SOURCE ( 'ANY', '', #3100, .NOT_KNOWN. ) ;
#1807 = CARTESIAN_POINT ( 'NONE',  ( 1.298983814184730745, -1.759418969427746671, 4.668425964618533541 ) ) ;
#1808 = ORIENTED_EDGE ( 'NONE', *, *, #2864, .F. ) ;
#1809 = CARTESIAN_POINT ( 'NONE',  ( 0.000000000000000000, 0.000000000000000000, -2.000000000000000000 ) ) ;
#1810 = DIRECTION ( 'NONE',  ( -0.000000000000000000, 0.000000000000000000, 1.000000000000000000 ) ) ;
#1811 = DIRECTION ( 'NONE',  ( 1.000000000000000000, 0.000000000000000000, 0.000000000000000000 ) ) ;
#1812 = DIRECTION ( 'NONE',  ( -0.000000000000000000, -0.000000000000000000, -1.000000000000000000 ) ) ;
#1813 = ORIENTED_EDGE ( 'NONE', *, *, #2316, .T. ) ;
#1814 = DIRECTION ( 'NONE',  ( -0.000000000000000000, 0.000000000000000000, 1.000000000000000000 ) ) ;
#1815 = VERTEX_POINT ( 'NONE', #2896 ) ;
#1816 = LINE ( 'NONE', #2030, #1638 ) ;
#1817 = ORIENTED_EDGE ( 'NONE', *, *, #1968, .F. ) ;
#1818 = CARTESIAN_POINT ( 'NONE',  ( -0.1999999999999998723, 0.000000000000000000, 4.962897790124200625 ) ) ;
#1819 = ORIENTED_EDGE ( 'NONE', *, *, #1089, .F. ) ;
#1820 = AXIS2_PLACEMENT_3D ( 'NONE', #686, #2444, #3252 ) ;
#1821 = DIRECTION ( 'NONE',  ( -0.000000000000000000, -0.000000000000000000, -1.000000000000000000 ) ) ;
#1822 = ORIENTED_EDGE ( 'NONE', *, *, #871, .F. ) ;
#1823 = CARTESIAN_POINT ( 'NONE',  ( 1.200000000000001066, -2.672077843177476986, 1.300000000000000044 ) ) ;
#1824 = CARTESIAN_POINT ( 'NONE',  ( -1.562237770734732578, -2.871308612408246752, -1.018791825736229839 ) ) ;
#1825 = EDGE_CURVE ( 'NONE', #1025, #3048, #2328, .T. ) ;
#1826 = DIRECTION ( 'NONE',  ( 1.327955869402493421E-15, 0.000000000000000000, 1.000000000000000000 ) ) ;
#1827 = AXIS2_PLACEMENT_3D ( 'NONE', #486, #185, #1989 ) ;
#1828 = COORDINATED_UNIVERSAL_TIME_OFFSET ( 0, 0, .AHEAD. ) ;
#1829 = ORIENTED_EDGE ( 'NONE', *, *, #2175, .T. ) ;
#1830 = CARTESIAN_POINT ( 'NONE',  ( -2.137762229265268044, 2.472847073946707663, -1.018791825736230061 ) ) ;
#1831 = VECTOR ( 'NONE', #1373, 1000.000000000000000 ) ;
#1832 = CARTESIAN_POINT ( 'NONE',  ( -1.518809883050794562, -2.531622485648069798, -0.7012513488770235615 ) ) ;
#1833 = EDGE_CURVE ( 'NONE', #957, #1492, #500, .T. ) ;
#1834 = EDGE_CURVE ( 'NONE', #1686, #2954, #991, .T. ) ;
#1835 = ADVANCED_FACE ( 'NONE', ( #3170 ), #2366, .F. ) ;
#1836 = ORIENTED_EDGE ( 'NONE', *, *, #239, .T. ) ;
#1837 = LINE ( 'NONE', #2049, #889 ) ;
#1838 = ORIENTED_EDGE ( 'NONE', *, *, #57, .T. ) ;
#1839 = DIRECTION ( 'NONE',  ( -0.000000000000000000, 0.000000000000000000, 1.000000000000000000 ) ) ;
#1840 = ORIENTED_EDGE ( 'NONE', *, *, #381, .F. ) ;
#1841 = CYLINDRICAL_SURFACE ( 'NONE', #1193, 0.6499999999999998002 ) ;
#1842 = ORIENTED_EDGE ( 'NONE', *, *, #752, .F. ) ;
#1843 = FACE_OUTER_BOUND ( 'NONE', #2161, .T. ) ;
#1844 = CARTESIAN_POINT ( 'NONE',  ( 0.9000000000000031308, -3.437307692307693063, 4.775333355422418435 ) ) ;
#1845 = DIRECTION ( 'NONE',  ( 1.000000000000000000, 0.000000000000000000, 0.000000000000000000 ) ) ;
#1846 = EDGE_CURVE ( 'NONE', #283, #862, #1673, .T. ) ;
#1847 = ORIENTED_EDGE ( 'NONE', *, *, #1046, .T. ) ;
#1848 = CARTESIAN_POINT ( 'NONE',  ( 0.9000000000000024647, -1.980056817366611543, 6.899999999999999467 ) ) ;
#1849 = CARTESIAN_POINT ( 'NONE',  ( -1.861063616770072926, -2.313038510339028520, -0.7179024482669571494 ) ) ;
#1850 = VERTEX_POINT ( 'NONE', #1664 ) ;
#1851 = DIRECTION ( 'NONE',  ( -0.000000000000000000, -0.000000000000000000, 1.000000000000000000 ) ) ;
#1852 = ORIENTED_EDGE ( 'NONE', *, *, #3161, .T. ) ;
#1853 = CYLINDRICAL_SURFACE ( 'NONE', #637, 3.450000000000000178 ) ;
#1854 = ORIENTED_EDGE ( 'NONE', *, *, #2174, .F. ) ;
#1855 = CARTESIAN_POINT ( 'NONE',  ( -0.9000000000000010214, 1.980056817366612432, 4.775333355422418435 ) ) ;
#1856 = EDGE_LOOP ( 'NONE', ( #849, #1798, #2980, #3102 ) ) ;
#1857 = CARTESIAN_POINT ( 'NONE',  ( -1.499999999992255972, 2.746131981678745948, -0.8788858719290075783 ) ) ;
#1858 = DIRECTION ( 'NONE',  ( 0.000000000000000000, 0.000000000000000000, 1.000000000000000000 ) ) ;
#1859 = DIRECTION ( 'NONE',  ( 1.000000000000000000, 0.000000000000000000, 0.000000000000000000 ) ) ;
#1860 = PERSON_AND_ORGANIZATION ( #626, #3191 ) ;
#1861 = ORIENTED_EDGE ( 'NONE', *, *, #1111, .T. ) ;
#1862 = B_SPLINE_CURVE_WITH_KNOTS ( 'NONE', 3,
 ( #988, #1544, #2802, #2491, #3281, #1019, #2006, #2554, #1296, #3024 ),
 .UNSPECIFIED., .F., .F.,
 ( 4, 2, 2, 2, 4 ),
 ( 0.000000000000000000, 0.0003921194378850117969, 0.0007842388757700235937, 0.001176358313655035282, 0.001568477751540047187 ),
 .UNSPECIFIED. ) ;
#1863 = FACE_OUTER_BOUND ( 'NONE', #1162, .T. ) ;
#1864 = AXIS2_PLACEMENT_3D ( 'NONE', #3190, #1379, #3206 ) ;
#1865 = CARTESIAN_POINT ( 'NONE',  ( 1.850000000000000089, -1.650000000000000355, -0.2289110512481083992 ) ) ;
#1866 = CARTESIAN_POINT ( 'NONE',  ( 1.380272765741162370E-15, -3.437307692307693507, 6.000000000000000000 ) ) ;
#1867 = VERTEX_POINT ( 'NONE', #2926 ) ;
#1868 = DIRECTION ( 'NONE',  ( -0.000000000000000000, 0.000000000000000000, 1.000000000000000000 ) ) ;
#1869 = ORIENTED_EDGE ( 'NONE', *, *, #1006, .T. ) ;
#1870 = CARTESIAN_POINT ( 'NONE',  ( -2.377121316667876627, 1.649999999999999911, 0.5000000000000000000 ) ) ;
#1871 = ORIENTED_EDGE ( 'NONE', *, *, #2259, .F. ) ;
#1872 = DIRECTION ( 'NONE',  ( -0.000000000000000000, -0.000000000000000000, -1.000000000000000000 ) ) ;
#1873 = ADVANCED_FACE ( 'NONE', ( #648 ), #2912, .F. ) ;
#1874 = EDGE_CURVE ( 'NONE', #2805, #3035, #953, .T. ) ;
#1875 = CARTESIAN_POINT ( 'NONE',  ( 0.3500000000000009215, -3.432200460346102933, -2.000000000000000000 ) ) ;
#1876 = EDGE_CURVE ( 'NONE', #2511, #2598, #772, .T. ) ;
#1877 = AXIS2_PLACEMENT_3D ( 'NONE', #1635, #1814, #328 ) ;
#1878 = CARTESIAN_POINT ( 'NONE',  ( -1.850000000000000311, 1.649999999999999023, -2.000000000000000000 ) ) ;
#1879 = CARTESIAN_POINT ( 'NONE',  ( -0.7851644741328076549, 2.028927746108956764, 6.455366238333574813 ) ) ;
#1880 = VECTOR ( 'NONE', #797, 999.9999999999998863 ) ;
#1881 = CARTESIAN_POINT ( 'NONE',  ( 0.000000000000000000, 0.000000000000000000, -2.000000000000000000 ) ) ;
#1882 = VECTOR ( 'NONE', #1908, 1000.000000000000000 ) ;
#1883 = CIRCLE ( 'NONE', #878, 1.149999999999999689 ) ;
#1884 = DIRECTION ( 'NONE',  ( -0.000000000000000000, -0.000000000000000000, -1.000000000000000000 ) ) ;
#1885 = AXIS2_PLACEMENT_3D ( 'NONE', #440, #125, #1463 ) ;
#1886 = EDGE_CURVE ( 'NONE', #3244, #3051, #664, .T. ) ;
#1887 = VERTEX_POINT ( 'NONE', #636 ) ;
#1888 = CARTESIAN_POINT ( 'NONE',  ( 0.000000000000000000, 0.000000000000000000, 1.300000000000000044 ) ) ;
#1889 = ORIENTED_EDGE ( 'NONE', *, *, #2920, .T. ) ;
#1890 = AXIS2_PLACEMENT_3D ( 'NONE', #1409, #2665, #2416 ) ;
#1891 = CARTESIAN_POINT ( 'NONE',  ( 1.850000000000000311, 0.000000000000000000, 1.300000000000000044 ) ) ;
#1892 = ORIENTED_EDGE ( 'NONE', *, *, #652, .T. ) ;
#1893 = CARTESIAN_POINT ( 'NONE',  ( 3.029851481508623934, 1.650000000000000133, -2.000000000000000000 ) ) ;
#1894 = CARTESIAN_POINT ( 'NONE',  ( 0.000000000000000000, -3.250000000000000000, 1.300000000000000044 ) ) ;
#1895 = PERSON_AND_ORGANIZATION ( #626, #3191 ) ;
#1896 = DIRECTION ( 'NONE',  ( 1.000000000000000000, 4.565061778886335030E-16, 3.383837190100805437E-63 ) ) ;
#1897 = CARTESIAN_POINT ( 'NONE',  ( 1.697736447073489474, -2.351907782529206070, -0.6501010696307034653 ) ) ;
#1898 = CIRCLE ( 'NONE', #126, 0.6499999999999993561 ) ;
#1899 = CYLINDRICAL_SURFACE ( 'NONE', #1778, 0.6499999999999995781 ) ;
#1900 = ORIENTED_EDGE ( 'NONE', *, *, #136, .T. ) ;
#1901 = CARTESIAN_POINT ( 'NONE',  ( 1.849999999999999867, 1.650000000000000133, -2.000000000000000000 ) ) ;
#1902 = B_SPLINE_CURVE_WITH_KNOTS ( 'NONE', 3,
 ( #1154, #152, #902, #2701 ),
 .UNSPECIFIED., .F., .F.,
 ( 4, 4 ),
 ( 2.835770322510832062E-07, 0.0002572532448343882081 ),
 .UNSPECIFIED. ) ;
#1903 = VERTEX_POINT ( 'NONE', #1683 ) ;
#1904 = DIRECTION ( 'NONE',  ( 1.000000000000000000, 0.000000000000000000, 0.000000000000000000 ) ) ;
#1905 = ORIENTED_EDGE ( 'NONE', *, *, #845, .F. ) ;
#1906 = DIRECTION ( 'NONE',  ( -4.565061778886335030E-16, 1.000000000000000000, -0.000000000000000000 ) ) ;
#1907 = CARTESIAN_POINT ( 'NONE',  ( -1.467736486486485692, 1.605108907905100413, 4.623208822354685665 ) ) ;
#1908 = DIRECTION ( 'NONE',  ( -0.000000000000000000, -0.000000000000000000, -1.000000000000000000 ) ) ;
#1909 = CARTESIAN_POINT ( 'NONE',  ( 0.4456617979661193774, -2.130885455995866540, 5.738699268155188271 ) ) ;
#1910 = CYLINDRICAL_SURFACE ( 'NONE', #177, 1.650000000000000355 ) ;
#1911 = VECTOR ( 'NONE', #996, 1000.000000000000000 ) ;
#1912 = EDGE_CURVE ( 'NONE', #2612, #1395, #2160, .T. ) ;
#1913 = EDGE_CURVE ( 'NONE', #1612, #406, #1199, .T. ) ;
#1914 = ORIENTED_EDGE ( 'NONE', *, *, #2974, .T. ) ;
#1915 = PLANE ( 'NONE',  #1598 ) ;
#1916 = ORIENTED_EDGE ( 'NONE', *, *, #3022, .T. ) ;
#1917 = DIRECTION ( 'NONE',  ( 1.000000000000000000, -2.940209281316622988E-16, 0.000000000000000000 ) ) ;
#1918 = VERTEX_POINT ( 'NONE', #1416 ) ;
#1919 = DIRECTION ( 'NONE',  ( 0.000000000000000000, 1.000000000000000000, -0.000000000000000000 ) ) ;
#1920 = CARTESIAN_POINT ( 'NONE',  ( -0.2000000000000002331, 0.7960159957117181051, 4.962897790124199737 ) ) ;
#1921 = VERTEX_POINT ( 'NONE', #3216 ) ;
#1922 = CARTESIAN_POINT ( 'NONE',  ( -2.425672657086214396E-16, 1.650000000000000355, 1.300000000000000044 ) ) ;
#1923 = ADVANCED_FACE ( 'NONE', ( #2427 ), #1910, .F. ) ;
#1924 = CYLINDRICAL_SURFACE ( 'NONE', #6, 0.3500000000000000333 ) ;
#1925 = DIRECTION ( 'NONE',  ( -0.000000000000000000, -0.000000000000000000, -1.000000000000000000 ) ) ;
#1926 = CIRCLE ( 'NONE', #490, 3.450000000000000178 ) ;
#1927 = DIRECTION ( 'NONE',  ( 0.000000000000000000, 0.000000000000000000, 1.000000000000000000 ) ) ;
#1928 = VECTOR ( 'NONE', #3193, 1000.000000000000000 ) ;
#1929 = EDGE_CURVE ( 'NONE', #1990, #504, #1623, .T. ) ;
#1930 = EDGE_CURVE ( 'NONE', #3095, #1321, #1219, .T. ) ;
#1931 = EDGE_CURVE ( 'NONE', #2839, #1654, #699, .T. ) ;
#1932 = VECTOR ( 'NONE', #1084, 1000.000000000000000 ) ;
#1933 = ORIENTED_EDGE ( 'NONE', *, *, #2315, .F. ) ;
#1934 = DIRECTION ( 'NONE',  ( -0.5692307692307688738, 0.8221777979007626191, 0.000000000000000000 ) ) ;
#1935 = VECTOR ( 'NONE', #2129, 1000.000000000000000 ) ;
#1936 = EDGE_LOOP ( 'NONE', ( #2319, #3059, #345, #502 ) ) ;
#1937 = CARTESIAN_POINT ( 'NONE',  ( 1.850000000000000311, 2.672077843177476986, 1.300000000000000044 ) ) ;
#1938 = ORIENTED_EDGE ( 'NONE', *, *, #9, .T. ) ;
#1939 = DIRECTION ( 'NONE',  ( 0.000000000000000000, 0.000000000000000000, 1.000000000000000000 ) ) ;
#1940 = DIRECTION ( 'NONE',  ( -0.000000000000000000, 0.000000000000000000, 1.000000000000000000 ) ) ;
#1941 = VERTEX_POINT ( 'NONE', #1447 ) ;
#1942 = DIRECTION ( 'NONE',  ( 1.000000000000000000, 0.000000000000000000, 0.000000000000000000 ) ) ;
#1943 = CIRCLE ( 'NONE', #1367, 3.450000000000000178 ) ;
#1944 = CARTESIAN_POINT ( 'NONE',  ( 1.751566436296435825, -2.332365068325995772, -0.6664982713582505713 ) ) ;
#1945 = EDGE_CURVE ( 'NONE', #995, #3124, #907, .T. ) ;
#1946 = DIRECTION ( 'NONE',  ( -0.000000000000000000, -0.000000000000000000, -1.000000000000000000 ) ) ;
#1947 = PLANE ( 'NONE',  #2787 ) ;
#1948 = VERTEX_POINT ( 'NONE', #157 ) ;
#1949 = CARTESIAN_POINT ( 'NONE',  ( -1.500000000000000222, -2.672077843177476986, -0.8143106892089118087 ) ) ;
#1950 = VERTEX_POINT ( 'NONE', #3233 ) ;
#1951 = B_SPLINE_CURVE_WITH_KNOTS ( 'NONE', 3,
 ( #1957, #1156, #153, #2210, #2146, #682, #1429, #1909, #1714, #391 ),
 .UNSPECIFIED., .F., .F.,
 ( 4, 2, 2, 2, 4 ),
 ( 0.002352716343318463858, 0.002744788117455817817, 0.003136859891593171343, 0.003528931665730525302, 0.003921003439867879262 ),
 .UNSPECIFIED. ) ;
#1952 = ORIENTED_EDGE ( 'NONE', *, *, #3011, .T. ) ;
#1953 = CARTESIAN_POINT ( 'NONE',  ( -0.9000000000000009104, 1.980056817366612432, 6.000000000000000000 ) ) ;
#1954 = CARTESIAN_POINT ( 'NONE',  ( 4.799999999999999822, -1.650000000000000355, -2.000000000000000000 ) ) ;
#1955 = ORIENTED_EDGE ( 'NONE', *, *, #1876, .F. ) ;
#1956 = DIRECTION ( 'NONE',  ( -0.000000000000000000, 0.000000000000000000, 1.000000000000000000 ) ) ;
#1957 = CARTESIAN_POINT ( 'NONE',  ( -0.4999999999999995559, -2.116748686074943819, 6.000000000000000000 ) ) ;
#1958 = CARTESIAN_POINT ( 'NONE',  ( 1.850000000000000311, -2.672077843177476986, -2.000000000000000000 ) ) ;
#1959 = CIRCLE ( 'NONE', #1171, 0.6499999999999995781 ) ;
#1960 = DIRECTION ( 'NONE',  ( -0.000000000000000000, 0.000000000000000000, 1.000000000000000000 ) ) ;
#1961 = ORIENTED_EDGE ( 'NONE', *, *, #904, .T. ) ;
#1962 = DIRECTION ( 'NONE',  ( -1.000000000000000000, 0.000000000000000000, 0.000000000000000000 ) ) ;
#1963 = VECTOR ( 'NONE', #560, 1000.000000000000000 ) ;
#1964 = VERTEX_POINT ( 'NONE', #2409 ) ;
#1965 = CARTESIAN_POINT ( 'NONE',  ( -1.665951878931745567, 3.021109785672110526, -2.000000000000000000 ) ) ;
#1966 = ORIENTED_EDGE ( 'NONE', *, *, #510, .T. ) ;
#1967 = FACE_OUTER_BOUND ( 'NONE', #2471, .T. ) ;
#1968 = EDGE_CURVE ( 'NONE', #1803, #1539, #1184, .T. ) ;
#1969 = PLANE ( 'NONE',  #1504 ) ;
#1970 = ADVANCED_FACE ( 'NONE', ( #2227 ), #1715, .F. ) ;
#1971 = ORIENTED_EDGE ( 'NONE', *, *, #3164, .T. ) ;
#1972 = FACE_OUTER_BOUND ( 'NONE', #1488, .T. ) ;
#1973 = ADVANCED_FACE ( 'NONE', ( #2658 ), #2777, .T. ) ;
#1974 = DIRECTION ( 'NONE',  ( -0.000000000000000000, 0.000000000000000000, 1.000000000000000000 ) ) ;
#1975 = DIRECTION ( 'NONE',  ( 0.000000000000000000, 0.000000000000000000, -1.000000000000000000 ) ) ;
#1976 = CYLINDRICAL_SURFACE ( 'NONE', #2099, 1.650000000000000133 ) ;
#1977 = CARTESIAN_POINT ( 'NONE',  ( 0.000000000000000000, 0.000000000000000000, -2.000000000000000000 ) ) ;
#1978 = VECTOR ( 'NONE', #1385, 1000.000000000000114 ) ;
#1979 = ORIENTED_EDGE ( 'NONE', *, *, #55, .F. ) ;
#1980 = CIRCLE ( 'NONE', #8, 3.450000000000000178 ) ;
#1981 = VERTEX_POINT ( 'NONE', #21 ) ;
#1982 = EDGE_CURVE ( 'NONE', #70, #3081, #2629, .T. ) ;
#1983 = VECTOR ( 'NONE', #998, 1000.000000000000000 ) ;
#1984 = CARTESIAN_POINT ( 'NONE',  ( -0.6499999999999995781, -3.250000000000000000, 0.5000000000000000000 ) ) ;
#1985 = VERTEX_POINT ( 'NONE', #491 ) ;
#1986 = PLANE ( 'NONE',  #2339 ) ;
#1987 = VECTOR ( 'NONE', #1946, 1000.000000000000000 ) ;
#1988 = ORIENTED_EDGE ( 'NONE', *, *, #2028, .F. ) ;
#1989 = DIRECTION ( 'NONE',  ( 0.5692307692307687628, -0.8221777979007626191, 0.000000000000000000 ) ) ;
#1990 = VERTEX_POINT ( 'NONE', #1750 ) ;
#1991 = DIRECTION ( 'NONE',  ( -0.000000000000000000, -0.000000000000000000, 1.000000000000000000 ) ) ;
#1992 = CARTESIAN_POINT ( 'NONE',  ( -0.2877622292652661229, -0.1992307692307685174, -2.000000000000000000 ) ) ;
#1993 = CARTESIAN_POINT ( 'NONE',  ( 1.539297540425244915, 2.838174514501558221, -0.9787231025121109207 ) ) ;
#1994 = AXIS2_PLACEMENT_3D ( 'NONE', #2513, #228, #2265 ) ;
#1995 = DIRECTION ( 'NONE',  ( -0.000000000000000000, 0.000000000000000000, 1.000000000000000000 ) ) ;
#1996 = CARTESIAN_POINT ( 'NONE',  ( -4.851345314172424848E-16, -1.649999999999999023, 1.300000000000000044 ) ) ;
#1997 = AXIS2_PLACEMENT_3D ( 'NONE', #1689, #371, #611 ) ;
#1998 = ORIENTED_EDGE ( 'NONE', *, *, #3053, .T. ) ;
#1999 = CARTESIAN_POINT ( 'NONE',  ( -1.408686796762322890, 3.149301749376757886, 1.300000000000000044 ) ) ;
#2000 = VERTEX_POINT ( 'NONE', #1511 ) ;
#2001 = LINE ( 'NONE', #2486, #1532 ) ;
#2002 = CYLINDRICAL_SURFACE ( 'NONE', #1142, 0.5000000000000003331 ) ;
#2003 = EDGE_LOOP ( 'NONE', ( #1817, #1042, #3085, #2326 ) ) ;
#2004 = DIRECTION ( 'NONE',  ( -1.000000000000000000, -8.673617379884029556E-16, 0.000000000000000000 ) ) ;
#2005 = CARTESIAN_POINT ( 'NONE',  ( 0.000000000000000000, 0.000000000000000000, 1.300000000000000044 ) ) ;
#2006 = CARTESIAN_POINT ( 'NONE',  ( 0.2608758591228710344, 2.161343574832010894, 6.446272010202665825 ) ) ;
#2007 = CARTESIAN_POINT ( 'NONE',  ( -1.522268263677916122, -2.813577999322166789, -0.9489787901189863373 ) ) ;
#2008 = DIRECTION ( 'NONE',  ( 1.000000000000000000, 0.000000000000000000, 0.000000000000000000 ) ) ;
#2009 = EDGE_CURVE ( 'NONE', #576, #1420, #11, .T. ) ;
#2010 = EDGE_CURVE ( 'NONE', #2586, #1696, #771, .T. ) ;
#2011 = ORIENTED_EDGE ( 'NONE', *, *, #507, .F. ) ;
#2012 = FACE_OUTER_BOUND ( 'NONE', #1546, .T. ) ;
#2013 = EDGE_LOOP ( 'NONE', ( #1195, #1230, #713, #2032 ) ) ;
#2014 = APPROVAL_PERSON_ORGANIZATION ( #3133, #366, #887 ) ;
#2015 = CARTESIAN_POINT ( 'NONE',  ( 0.000000000000000000, 0.000000000000000000, -2.000000000000000000 ) ) ;
#2016 = AXIS2_PLACEMENT_3D ( 'NONE', #89, #2188, #386 ) ;
#2017 = ORIENTED_EDGE ( 'NONE', *, *, #404, .F. ) ;
#2018 = FACE_OUTER_BOUND ( 'NONE', #1856, .T. ) ;
#2019 = ORIENTED_EDGE ( 'NONE', *, *, #2661, .F. ) ;
#2020 = CARTESIAN_POINT ( 'NONE',  ( 0.3500000000000009215, -3.432200460346102933, -1.199999999999999734 ) ) ;
#2021 = DIRECTION ( 'NONE',  ( 0.000000000000000000, 0.000000000000000000, 1.000000000000000000 ) ) ;
#2022 = DIRECTION ( 'NONE',  ( 1.000000000000000000, 0.000000000000000000, 0.000000000000000000 ) ) ;
#2023 = EDGE_CURVE ( 'NONE', #536, #2549, #1525, .T. ) ;
#2024 = FACE_OUTER_BOUND ( 'NONE', #2621, .T. ) ;
#2025 = CARTESIAN_POINT ( 'NONE',  ( -1.934025744818819170, 2.326024301428235574, -0.7749046727826209846 ) ) ;
#2026 = AXIS2_PLACEMENT_3D ( 'NONE', #1662, #3213, #1415 ) ;
#2027 = ADVANCED_FACE ( 'NONE', ( #1002 ), #253, .F. ) ;
#2028 = EDGE_CURVE ( 'NONE', #1964, #1132, #69, .T. ) ;
#2029 = ORIENTED_EDGE ( 'NONE', *, *, #845, .T. ) ;
#2030 = CARTESIAN_POINT ( 'NONE',  ( 2.241476337462279922, 2.622648247210571881, -2.000000000000000000 ) ) ;
#2031 = AXIS2_PLACEMENT_3D ( 'NONE', #526, #1558, #324 ) ;
#2032 = ORIENTED_EDGE ( 'NONE', *, *, #2626, .F. ) ;
#2033 = DIRECTION ( 'NONE',  ( 1.000000000000000000, 0.000000000000000000, 0.000000000000000000 ) ) ;
#2034 = VECTOR ( 'NONE', #2645, 1000.000000000000000 ) ;
#2035 = AXIS2_PLACEMENT_3D ( 'NONE', #1064, #833, #268 ) ;
#2036 = VERTEX_POINT ( 'NONE', #1479 ) ;
#2037 = DIRECTION ( 'NONE',  ( -4.565061778886335030E-16, 1.000000000000000000, -0.000000000000000000 ) ) ;
#2038 = EDGE_LOOP ( 'NONE', ( #1536, #1063, #2828, #3016 ) ) ;
#2039 = LINE ( 'NONE', #340, #1278 ) ;
#2040 = AXIS2_PLACEMENT_3D ( 'NONE', #1560, #2643, #1811 ) ;
#2041 = CARTESIAN_POINT ( 'NONE',  ( 0.9000000000000006883, -1.500000000000000000, 6.000000000000000000 ) ) ;
#2042 = AXIS2_PLACEMENT_3D ( 'NONE', #2940, #2689, #410 ) ;
#2043 = DIRECTION ( 'NONE',  ( 1.000000000000000000, 0.000000000000000000, 0.000000000000000000 ) ) ;
#2044 = CARTESIAN_POINT ( 'NONE',  ( -2.452011428089749590, -2.426961053770182009, 1.300000000000000044 ) ) ;
#2045 = CARTESIAN_POINT ( 'NONE',  ( 0.1321532193620695017, 2.174988317345249556, 5.500050819551728587 ) ) ;
#2046 = CARTESIAN_POINT ( 'NONE',  ( 0.000000000000000000, 0.000000000000000000, 0.5000000000000000000 ) ) ;
#2047 = VECTOR ( 'NONE', #2753, 1000.000000000000000 ) ;
#2048 = ORIENTED_EDGE ( 'NONE', *, *, #1368, .F. ) ;
#2049 = CARTESIAN_POINT ( 'NONE',  ( 1.850000000000000089, -1.649999999999999689, 1.300000000000000044 ) ) ;
#2050 = ORIENTED_EDGE ( 'NONE', *, *, #1361, .T. ) ;
#2051 = DIRECTION ( 'NONE',  ( -0.000000000000000000, 0.000000000000000000, 1.000000000000000000 ) ) ;
#2052 = VECTOR ( 'NONE', #27, 1000.000000000000000 ) ;
#2053 = ORIENTED_EDGE ( 'NONE', *, *, #3015, .F. ) ;
#2054 = DIRECTION ( 'NONE',  ( -0.000000000000000000, -0.000000000000000000, -1.000000000000000000 ) ) ;
#2055 = ORIENTED_EDGE ( 'NONE', *, *, #2411, .T. ) ;
#2056 = DIRECTION ( 'NONE',  ( -1.000000000000000000, 0.000000000000000000, 0.000000000000000000 ) ) ;
#2057 = CARTESIAN_POINT ( 'NONE',  ( -1.596814373462587477, -2.921249895673895924, -1.079185305053640853 ) ) ;
#2058 = CYLINDRICAL_SURFACE ( 'NONE', #1197, 1.149999999999999689 ) ;
#2059 = DIRECTION ( 'NONE',  ( 1.000000000000000000, 0.000000000000000000, 0.000000000000000000 ) ) ;
#2060 = EDGE_LOOP ( 'NONE', ( #3073, #2709, #638, #1914 ) ) ;
#2061 = CARTESIAN_POINT ( 'NONE',  ( -8.736386979343724232E-16, 1.500000000000000444, 6.000000000000000000 ) ) ;
#2062 = ORIENTED_EDGE ( 'NONE', *, *, #1361, .F. ) ;
#2063 = DIRECTION ( 'NONE',  ( 1.000000000000000000, 0.000000000000000000, 0.000000000000000000 ) ) ;
#2064 = AXIS2_PLACEMENT_3D ( 'NONE', #354, #2637, #2882 ) ;
#2065 = ORIENTED_EDGE ( 'NONE', *, *, #942, .F. ) ;
#2066 = FACE_OUTER_BOUND ( 'NONE', #2360, .T. ) ;
#2067 = ORIENTED_EDGE ( 'NONE', *, *, #3022, .F. ) ;
#2068 = CARTESIAN_POINT ( 'NONE',  ( 1.850000000000000311, 2.672077843177476986, 0.5000000000000000000 ) ) ;
#2069 = ORIENTED_EDGE ( 'NONE', *, *, #2559, .T. ) ;
#2070 = DIRECTION ( 'NONE',  ( 1.000000000000000000, 0.000000000000000000, 0.000000000000000000 ) ) ;
#2071 = FACE_OUTER_BOUND ( 'NONE', #1936, .T. ) ;
#2072 = EDGE_CURVE ( 'NONE', #1039, #467, #3215, .T. ) ;
#2073 = EDGE_CURVE ( 'NONE', #1209, #368, #1862, .T. ) ;
#2074 = FACE_OUTER_BOUND ( 'NONE', #1241, .T. ) ;
#2075 = EDGE_CURVE ( 'NONE', #2839, #28, #674, .T. ) ;
#2076 = PERSON_AND_ORGANIZATION_ROLE ( 'design_supplier' ) ;
#2077 = ORIENTED_EDGE ( 'NONE', *, *, #2175, .F. ) ;
#2078 = CARTESIAN_POINT ( 'NONE',  ( -1.850000000000000311, 0.000000000000000000, 1.300000000000000044 ) ) ;
#2079 = CARTESIAN_POINT ( 'NONE',  ( 1.849999999999999645, 1.650000000000000577, 1.300000000000000044 ) ) ;
#2080 = ORIENTED_EDGE ( 'NONE', *, *, #737, .F. ) ;
#2081 = CARTESIAN_POINT ( 'NONE',  ( 2.137762229265268044, 2.472847073946707663, -2.000000000000000000 ) ) ;
#2082 = ORIENTED_EDGE ( 'NONE', *, *, #302, .F. ) ;
#2083 = DIRECTION ( 'NONE',  ( 1.000000000000000000, 0.000000000000000000, 0.000000000000000000 ) ) ;
#2084 = EDGE_CURVE ( 'NONE', #467, #1918, #1542, .T. ) ;
#2085 = ORIENTED_EDGE ( 'NONE', *, *, #246, .F. ) ;
#2086 = CIRCLE ( 'NONE', #1877, 0.6499999999999995781 ) ;
#2087 = CARTESIAN_POINT ( 'NONE',  ( -0.6663250314817404929, -1.096873080482511309, 5.195028882692594330 ) ) ;
#2088 = ORIENTED_EDGE ( 'NONE', *, *, #605, .F. ) ;
#2089 = CARTESIAN_POINT ( 'NONE',  ( 3.029851481508623490, -1.650000000000000133, -1.199999999999999734 ) ) ;
#2090 = FACE_OUTER_BOUND ( 'NONE', #1471, .T. ) ;
#2091 = CARTESIAN_POINT ( 'NONE',  ( 0.000000000000000000, 0.000000000000000000, 1.300000000000000044 ) ) ;
#2092 = VECTOR ( 'NONE', #122, 1000.000000000000000 ) ;
#2093 = ORIENTED_EDGE ( 'NONE', *, *, #510, .F. ) ;
#2094 = LINE ( 'NONE', #438, #3045 ) ;
#2095 = AXIS2_PLACEMENT_3D ( 'NONE', #683, #139, #2454 ) ;
#2096 = CARTESIAN_POINT ( 'NONE',  ( -2.241476337462280366, -2.622648247210570993, -2.000000000000000000 ) ) ;
#2097 = VERTEX_POINT ( 'NONE', #1235 ) ;
#2098 = CARTESIAN_POINT ( 'NONE',  ( -1.562237770734733910, 2.871308612408247196, -1.018791825736229839 ) ) ;
#2099 = AXIS2_PLACEMENT_3D ( 'NONE', #1205, #1927, #2428 ) ;
#2100 = EDGE_LOOP ( 'NONE', ( #1106, #3201, #1340, #3134 ) ) ;
#2101 = FACE_OUTER_BOUND ( 'NONE', #2570, .T. ) ;
#2102 = ORIENTED_EDGE ( 'NONE', *, *, #1498, .T. ) ;
#2103 = CARTESIAN_POINT ( 'NONE',  ( -1.850000000000000311, 2.672077843177476986, 1.300000000000000044 ) ) ;
#2104 = ORIENTED_EDGE ( 'NONE', *, *, #1535, .F. ) ;
#2105 = CARTESIAN_POINT ( 'NONE',  ( 0.4999999999999994449, 1.500000000000000444, 6.000000000000000000 ) ) ;
#2106 = DIRECTION ( 'NONE',  ( -1.000000000000000000, 0.000000000000000000, 0.000000000000000000 ) ) ;
#2107 = CARTESIAN_POINT ( 'NONE',  ( -0.8754266835093397203, -1.991641936510184285, 6.239390907009656928 ) ) ;
#2108 = ORIENTED_EDGE ( 'NONE', *, *, #1834, .T. ) ;
#2109 = CARTESIAN_POINT ( 'NONE',  ( -0.3499999999999999778, -3.250000000000000444, -1.018791825736230061 ) ) ;
#2110 = FACE_OUTER_BOUND ( 'NONE', #793, .T. ) ;
#2111 = EDGE_CURVE ( 'NONE', #675, #233, #1776, .T. ) ;
#2112 = EDGE_CURVE ( 'NONE', #1499, #1332, #464, .T. ) ;
#2113 = CARTESIAN_POINT ( 'NONE',  ( 0.000000000000000000, 1.500000000000000000, 0.000000000000000000 ) ) ;
#2114 = EDGE_CURVE ( 'NONE', #1792, #378, #2674, .T. ) ;
#2115 = ORIENTED_EDGE ( 'NONE', *, *, #257, .T. ) ;
#2116 = CARTESIAN_POINT ( 'NONE',  ( 0.000000000000000000, 0.000000000000000000, 1.300000000000000044 ) ) ;
#2117 = ORIENTED_EDGE ( 'NONE', *, *, #3113, .F. ) ;
#2118 = VECTOR ( 'NONE', #2267, 1000.000000000000000 ) ;
#2119 = CARTESIAN_POINT ( 'NONE',  ( -0.3500000000000009215, -3.432200460346102933, -2.000000000000000000 ) ) ;
#2120 = EDGE_LOOP ( 'NONE', ( #3184, #3159, #1442, #1364 ) ) ;
#2121 = DIRECTION ( 'NONE',  ( 1.000000000000000000, 0.000000000000000000, 0.000000000000000000 ) ) ;
#2122 = DIRECTION ( 'NONE',  ( 1.000000000000000000, 0.000000000000000000, 0.000000000000000000 ) ) ;
#2123 = DIRECTION ( 'NONE',  ( 4.565061778886335030E-16, -1.000000000000000000, 0.000000000000000000 ) ) ;
#2124 = PERSON_AND_ORGANIZATION ( #626, #3191 ) ;
#2125 = ORIENTED_EDGE ( 'NONE', *, *, #2318, .T. ) ;
#2126 = CARTESIAN_POINT ( 'NONE',  ( -0.3500000000000009215, 3.250000000000000000, -1.018791825736230061 ) ) ;
#2127 = VECTOR ( 'NONE', #1872, 1000.000000000000000 ) ;
#2128 = EDGE_CURVE ( 'NONE', #1950, #543, #1356, .T. ) ;
#2129 = DIRECTION ( 'NONE',  ( -0.000000000000000000, -0.000000000000000000, -1.000000000000000000 ) ) ;
#2130 = AXIS2_PLACEMENT_3D ( 'NONE', #2472, #1493, #3261 ) ;
#2131 = ORIENTED_EDGE ( 'NONE', *, *, #1535, .T. ) ;
#2132 = LINE ( 'NONE', #3154, #202 ) ;
#2133 = ADVANCED_FACE ( 'NONE', ( #2074 ), #2058, .T. ) ;
#2134 = CC_DESIGN_PERSON_AND_ORGANIZATION_ASSIGNMENT ( #2143, #617, ( #3100 ) ) ;
#2135 = B_SPLINE_CURVE_WITH_KNOTS ( 'NONE', 3,
 ( #1072, #1107, #3151, #3082 ),
 .UNSPECIFIED., .F., .F.,
 ( 4, 4 ),
 ( 3.430289775038314130E-07, 0.0002573126967796378860 ),
 .UNSPECIFIED. ) ;
#2136 = ORIENTED_EDGE ( 'NONE', *, *, #2189, .T. ) ;
#2137 = CARTESIAN_POINT ( 'NONE',  ( -1.298983814184729413, -1.759418969427748225, 4.668425964618532653 ) ) ;
#2138 = ORIENTED_EDGE ( 'NONE', *, *, #2959, .T. ) ;
#2139 = LINE ( 'NONE', #1629, #3192 ) ;
#2140 = DIRECTION ( 'NONE',  ( 1.000000000000000000, 0.000000000000000000, 0.000000000000000000 ) ) ;
#2141 = AXIS2_PLACEMENT_3D ( 'NONE', #1399, #1203, #2289 ) ;
#2142 = DIRECTION ( 'NONE',  ( -0.000000000000000000, 0.000000000000000000, 1.000000000000000000 ) ) ;
#2143 = PERSON_AND_ORGANIZATION ( #626, #3191 ) ;
#2144 = LINE ( 'NONE', #123, #1882 ) ;
#2145 = VECTOR ( 'NONE', #2837, 1000.000000000000000 ) ;
#2146 = CARTESIAN_POINT ( 'NONE',  ( -0.1322835771419581252, -2.175018724727857400, 5.499918547419221149 ) ) ;
#2147 = AXIS2_PLACEMENT_3D ( 'NONE', #2935, #1940, #1660 ) ;
#2148 = CARTESIAN_POINT ( 'NONE',  ( 2.797034420842418712, -2.019677808122552598, 1.300000000000000044 ) ) ;
#2149 = VECTOR ( 'NONE', #2347, 1000.000000000000000 ) ;
#2150 = VERTEX_POINT ( 'NONE', #1314 ) ;
#2151 = DIRECTION ( 'NONE',  ( -0.000000000000000000, 0.000000000000000000, 1.000000000000000000 ) ) ;
#2152 = ORIENTED_EDGE ( 'NONE', *, *, #156, .F. ) ;
#2153 = CARTESIAN_POINT ( 'NONE',  ( -1.850000000000000311, 2.672077843177476986, -2.000000000000000000 ) ) ;
#2154 = ORIENTED_EDGE ( 'NONE', *, *, #1945, .F. ) ;
#2155 = CARTESIAN_POINT ( 'NONE',  ( 2.452011428089749145, 2.426961053770182009, 1.300000000000000044 ) ) ;
#2156 = EDGE_CURVE ( 'NONE', #285, #1275, #801, .T. ) ;
#2157 = LINE ( 'NONE', #1441, #1668 ) ;
#2158 = FACE_OUTER_BOUND ( 'NONE', #1476, .T. ) ;
#2159 = FACE_OUTER_BOUND ( 'NONE', #143, .T. ) ;
#2160 = LINE ( 'NONE', #2957, #2572 ) ;
#2161 = EDGE_LOOP ( 'NONE', ( #2725, #421, #2240, #357, #1900, #1725, #2255, #896 ) ) ;
#2162 = CARTESIAN_POINT ( 'NONE',  ( -0.2612695502991031482, -2.161272262159694257, 6.445802031287741762 ) ) ;
#2163 = ORIENTED_EDGE ( 'NONE', *, *, #258, .F. ) ;
#2164 = EDGE_CURVE ( 'NONE', #3230, #881, #512, .T. ) ;
#2165 = CYLINDRICAL_SURFACE ( 'NONE', #3171, 0.3500000000000000333 ) ;
#2166 = VERTEX_POINT ( 'NONE', #2324 ) ;
#2167 = DIRECTION ( 'NONE',  ( 0.5692307692307687628, -0.8221777979007626191, 0.000000000000000000 ) ) ;
#2168 = B_SPLINE_CURVE_WITH_KNOTS ( 'NONE', 3,
 ( #1614, #2623, #35, #342 ),
 .UNSPECIFIED., .F., .F.,
 ( 4, 4 ),
 ( 0.001896062720229871844, 0.003429218052215727338 ),
 .UNSPECIFIED. ) ;
#2169 = CARTESIAN_POINT ( 'NONE',  ( 0.000000000000000000, 0.000000000000000000, 0.5000000000000004441 ) ) ;
#2170 = VERTEX_POINT ( 'NONE', #37 ) ;
#2171 = LINE ( 'NONE', #2656, #751 ) ;
#2172 = AXIS2_PLACEMENT_3D ( 'NONE', #1392, #3174, #3185 ) ;
#2173 = CARTESIAN_POINT ( 'NONE',  ( 0.000000000000000000, -3.250000000000000000, 0.5000000000000000000 ) ) ;
#2174 = EDGE_CURVE ( 'NONE', #862, #274, #361, .T. ) ;
#2175 = EDGE_CURVE ( 'NONE', #233, #433, #3107, .T. ) ;
#2176 = ADVANCED_FACE ( 'NONE', ( #2376 ), #1121, .F. ) ;
#2177 = DIRECTION ( 'NONE',  ( 1.000000000000000000, 0.000000000000000000, 0.000000000000000000 ) ) ;
#2178 = DIRECTION ( 'NONE',  ( 0.000000000000000000, -1.000000000000000000, 0.000000000000000000 ) ) ;
#2179 = AXIS2_PLACEMENT_3D ( 'NONE', #1136, #2630, #2893 ) ;
#2180 = VECTOR ( 'NONE', #2436, 1000.000000000000000 ) ;
#2181 = B_SPLINE_CURVE_WITH_KNOTS ( 'NONE', 3,
 ( #270, #1857, #3129, #1793 ),
 .UNSPECIFIED., .F., .F.,
 ( 4, 4 ),
 ( 0.001052885885706263255, 0.001345173101317749401 ),
 .UNSPECIFIED. ) ;
#2182 = ORIENTED_EDGE ( 'NONE', *, *, #1737, .F. ) ;
#2183 = LINE ( 'NONE', #1173, #41 ) ;
#2184 = VECTOR ( 'NONE', #696, 1000.000000000000000 ) ;
#2185 = VERTEX_POINT ( 'NONE', #3131 ) ;
#2186 = LINE ( 'NONE', #641, #1570 ) ;
#2187 = ORIENTED_EDGE ( 'NONE', *, *, #2966, .F. ) ;
#2188 = DIRECTION ( 'NONE',  ( 7.350523203291558209E-16, 1.000000000000000000, 0.000000000000000000 ) ) ;
#2189 = EDGE_CURVE ( 'NONE', #2686, #2166, #3147, .T. ) ;
#2190 = CARTESIAN_POINT ( 'NONE',  ( 0.9000000000000006883, 1.980056817366612432, 6.899999999999999467 ) ) ;
#2191 = ORIENTED_EDGE ( 'NONE', *, *, #2073, .F. ) ;
#2192 = PLANE ( 'NONE',  #590 ) ;
#2193 = CARTESIAN_POINT ( 'NONE',  ( 2.021570274151846647, -2.364365256831864048, -0.8607683731729092180 ) ) ;
#2194 = CARTESIAN_POINT ( 'NONE',  ( -2.797034420842418712, -2.019677808122552598, -0.2501455524838661626 ) ) ;
#2195 = AXIS2_PLACEMENT_3D ( 'NONE', #2046, #179, #1210 ) ;
#2196 = CARTESIAN_POINT ( 'NONE',  ( -1.850000000000000311, -2.672077843177476986, -2.000000000000000000 ) ) ;
#2197 = CIRCLE ( 'NONE', #3047, 0.3500000000000000333 ) ;
#2198 = AXIS2_PLACEMENT_3D ( 'NONE', #2291, #2260, #3062 ) ;
#2199 = VERTEX_POINT ( 'NONE', #2891 ) ;
#2200 = CARTESIAN_POINT ( 'NONE',  ( -1.862034105108126614, 2.312915392272560933, -0.7184009578108262462 ) ) ;
#2201 = AXIS2_PLACEMENT_3D ( 'NONE', #2720, #972, #2975 ) ;
#2202 = ORIENTED_EDGE ( 'NONE', *, *, #1874, .F. ) ;
#2203 = FACE_BOUND ( 'NONE', #2238, .T. ) ;
#2204 = VERTEX_POINT ( 'NONE', #1632 ) ;
#2205 = CARTESIAN_POINT ( 'NONE',  ( 0.000000000000000000, -2.000000000000000000, -2.000000000000000000 ) ) ;
#2206 = PLANE ( 'NONE',  #1038 ) ;
#2207 = ORIENTED_EDGE ( 'NONE', *, *, #755, .F. ) ;
#2208 = CYLINDRICAL_SURFACE ( 'NONE', #2290, 0.3499999999999994227 ) ;
#2209 = CIRCLE ( 'NONE', #671, 3.450000000000000178 ) ;
#2210 = CARTESIAN_POINT ( 'NONE',  ( -0.2617732669455493655, -2.161194017422256142, 5.554645671260207251 ) ) ;
#2211 = DIRECTION ( 'NONE',  ( -0.000000000000000000, -0.000000000000000000, 1.000000000000000000 ) ) ;
#2212 = DIRECTION ( 'NONE',  ( -0.000000000000000000, 0.000000000000000000, 1.000000000000000000 ) ) ;
#2213 = VECTOR ( 'NONE', #280, 1000.000000000000114 ) ;
#2214 = ORIENTED_EDGE ( 'NONE', *, *, #2697, .T. ) ;
#2215 = CARTESIAN_POINT ( 'NONE',  ( -1.700720899865018954, 2.352464634371671526, -0.6525177326175515269 ) ) ;
#2216 = EDGE_CURVE ( 'NONE', #940, #2832, #336, .T. ) ;
#2217 = EDGE_CURVE ( 'NONE', #995, #3175, #2820, .T. ) ;
#2218 = VERTEX_POINT ( 'NONE', #2838 ) ;
#2219 = EDGE_CURVE ( 'NONE', #2485, #2598, #1166, .T. ) ;
#2220 = DIRECTION ( 'NONE',  ( -4.565061778886335030E-16, 1.000000000000000000, -0.000000000000000000 ) ) ;
#2221 = ORIENTED_EDGE ( 'NONE', *, *, #2948, .F. ) ;
#2222 = CARTESIAN_POINT ( 'NONE',  ( 0.9000000000000024647, -1.980056817366611543, 4.775333355422418435 ) ) ;
#2223 = CARTESIAN_POINT ( 'NONE',  ( 2.425672657086213903E-16, -1.649999999999999911, 1.300000000000000044 ) ) ;
#2224 = ORIENTED_EDGE ( 'NONE', *, *, #753, .F. ) ;
#2225 = CARTESIAN_POINT ( 'NONE',  ( 0.2364853018628187420, 2.164959939121162247, 6.876472714403841557 ) ) ;
#2226 = CYLINDRICAL_SURFACE ( 'NONE', #2989, 3.450000000000000178 ) ;
#2227 = FACE_OUTER_BOUND ( 'NONE', #400, .T. ) ;
#2228 = VECTOR ( 'NONE', #2252, 1000.000000000000000 ) ;
#2229 = DIRECTION ( 'NONE',  ( 1.000000000000000000, 0.000000000000000000, 0.000000000000000000 ) ) ;
#2230 = CARTESIAN_POINT ( 'NONE',  ( 0.000000000000000000, 0.000000000000000000, 1.300000000000000044 ) ) ;
#2231 = EDGE_CURVE ( 'NONE', #504, #2000, #1695, .T. ) ;
#2232 = ORIENTED_EDGE ( 'NONE', *, *, #2278, .T. ) ;
#2233 = CARTESIAN_POINT ( 'NONE',  ( -1.467736486486485692, 1.605108907905100413, 4.623208822354685665 ) ) ;
#2234 = ORIENTED_EDGE ( 'NONE', *, *, #2628, .F. ) ;
#2235 = DIRECTION ( 'NONE',  ( -1.000000000000000000, -1.470104640658311494E-16, 0.000000000000000000 ) ) ;
#2236 = VERTEX_POINT ( 'NONE', #1153 ) ;
#2237 = DIRECTION ( 'NONE',  ( -0.000000000000000000, -0.000000000000000000, 1.000000000000000000 ) ) ;
#2238 = EDGE_LOOP ( 'NONE', ( #2562, #559 ) ) ;
#2239 = DIRECTION ( 'NONE',  ( -0.000000000000000000, -0.000000000000000000, -1.000000000000000000 ) ) ;
#2240 = ORIENTED_EDGE ( 'NONE', *, *, #1006, .F. ) ;
#2241 = DIRECTION ( 'NONE',  ( 0.000000000000000000, 0.000000000000000000, -1.000000000000000000 ) ) ;
#2242 = CARTESIAN_POINT ( 'NONE',  ( 2.241476337462280366, -2.622648247210571437, -2.000000000000000000 ) ) ;
#2243 = CARTESIAN_POINT ( 'NONE',  ( 1.850000000000000311, 2.672077843177476986, 1.300000000000000044 ) ) ;
#2244 = CYLINDRICAL_SURFACE ( 'NONE', #80, 0.6499999999999995781 ) ;
#2245 = CARTESIAN_POINT ( 'NONE',  ( 1.850000000000000089, 0.000000000000000000, -2.000000000000000000 ) ) ;
#2246 = VECTOR ( 'NONE', #207, 1000.000000000000000 ) ;
#2247 = VECTOR ( 'NONE', #2320, 1000.000000000000000 ) ;
#2248 = ORIENTED_EDGE ( 'NONE', *, *, #1122, .F. ) ;
#2249 = VECTOR ( 'NONE', #1309, 1000.000000000000000 ) ;
#2250 = LINE ( 'NONE', #1999, #2579 ) ;
#2251 = ORIENTED_EDGE ( 'NONE', *, *, #3219, .T. ) ;
#2252 = DIRECTION ( 'NONE',  ( -8.853039129349954990E-17, 0.000000000000000000, -1.000000000000000000 ) ) ;
#2253 = VECTOR ( 'NONE', #583, 1000.000000000000000 ) ;
#2254 = FACE_OUTER_BOUND ( 'NONE', #3000, .T. ) ;
#2255 = ORIENTED_EDGE ( 'NONE', *, *, #651, .F. ) ;
#2256 = CARTESIAN_POINT ( 'NONE',  ( -0.6344884488436142167, -3.391153846153846629, 0.5000000000000000000 ) ) ;
#2257 = DIRECTION ( 'NONE',  ( -4.565061778886335030E-16, 1.000000000000000000, -0.000000000000000000 ) ) ;
#2258 = ADVANCED_FACE ( 'NONE', ( #933 ), #2206, .F. ) ;
#2259 = EDGE_CURVE ( 'NONE', #795, #2199, #2157, .T. ) ;
#2260 = DIRECTION ( 'NONE',  ( 0.000000000000000000, 0.000000000000000000, 1.000000000000000000 ) ) ;
#2261 = AXIS2_PLACEMENT_3D ( 'NONE', #1338, #332, #2563 ) ;
#2262 = CARTESIAN_POINT ( 'NONE',  ( -1.562237770734732578, -2.871308612408246752, -1.018791825736229839 ) ) ;
#2263 = CARTESIAN_POINT ( 'NONE',  ( -1.850000000000000089, -1.650000000000000355, -0.2289110512481077886 ) ) ;
#2264 = ORIENTED_EDGE ( 'NONE', *, *, #1445, .T. ) ;
#2265 = DIRECTION ( 'NONE',  ( 0.000000000000000000, 0.000000000000000000, 1.000000000000000000 ) ) ;
#2266 = ORIENTED_EDGE ( 'NONE', *, *, #2164, .T. ) ;
#2267 = DIRECTION ( 'NONE',  ( -0.000000000000000000, -0.000000000000000000, -1.000000000000000000 ) ) ;
#2268 = EDGE_CURVE ( 'NONE', #1815, #1772, #631, .T. ) ;
#2269 = ORIENTED_EDGE ( 'NONE', *, *, #749, .T. ) ;
#2270 = DIRECTION ( 'NONE',  ( -0.000000000000000000, -0.000000000000000000, -1.000000000000000000 ) ) ;
#2271 = ORIENTED_EDGE ( 'NONE', *, *, #2740, .F. ) ;
#2272 = CARTESIAN_POINT ( 'NONE',  ( 0.3500000000000009215, -3.371475678267073839, -1.139588514490996296 ) ) ;
#2273 = CARTESIAN_POINT ( 'NONE',  ( 0.000000000000000000, 0.000000000000000000, 0.5000000000000000000 ) ) ;
#2274 = DIRECTION ( 'NONE',  ( 1.000000000000000000, 0.000000000000000000, 0.000000000000000000 ) ) ;
#2275 = CARTESIAN_POINT ( 'NONE',  ( 0.4999999999999991673, 2.116748686074943819, 5.869254574710038419 ) ) ;
#2276 = EDGE_CURVE ( 'NONE', #1696, #165, #2422, .T. ) ;
#2277 = ADVANCED_FACE ( 'NONE', ( #901 ), #949, .F. ) ;
#2278 = EDGE_CURVE ( 'NONE', #1563, #2383, #3104, .T. ) ;
#2279 = ORIENTED_EDGE ( 'NONE', *, *, #2381, .F. ) ;
#2280 = CYLINDRICAL_SURFACE ( 'NONE', #1470, 1.149999999999999689 ) ;
#2281 = ORIENTED_EDGE ( 'NONE', *, *, #237, .T. ) ;
#2282 = CARTESIAN_POINT ( 'NONE',  ( 2.377121316667877515, 1.650000000000000577, 1.300000000000000044 ) ) ;
#2283 = VECTOR ( 'NONE', #2852, 1000.000000000000000 ) ;
#2284 = VERTEX_POINT ( 'NONE', #2655 ) ;
#2285 = CARTESIAN_POINT ( 'NONE',  ( 0.9000000000000031308, -3.437307692307693063, 6.000000000000000000 ) ) ;
#2286 = ORIENTED_EDGE ( 'NONE', *, *, #2278, .F. ) ;
#2287 = LINE ( 'NONE', #539, #2283 ) ;
#2288 = EDGE_CURVE ( 'NONE', #688, #72, #2294, .T. ) ;
#2289 = DIRECTION ( 'NONE',  ( 1.000000000000000000, 0.000000000000000000, 0.000000000000000000 ) ) ;
#2290 = AXIS2_PLACEMENT_3D ( 'NONE', #936, #1398, #1942 ) ;
#2291 = CARTESIAN_POINT ( 'NONE',  ( 0.000000000000000000, -3.250000000000000000, -2.000000000000000000 ) ) ;
#2292 = CARTESIAN_POINT ( 'NONE',  ( -0.3500000000000009215, 3.432200460346102933, -2.000000000000000000 ) ) ;
#2293 = CARTESIAN_POINT ( 'NONE',  ( 0.9000000000000002442, -1.500000000000000000, -7.967735216414960970E-17 ) ) ;
#2294 =( BOUNDED_CURVE ( )  B_SPLINE_CURVE ( 3, ( #917, #1920, #2669, #1907 ),
 .UNSPECIFIED., .F., .T. ) 
 B_SPLINE_CURVE_WITH_KNOTS ( ( 4, 4 ),
 ( 5.836151346627985808E-32, 1.336997297464869172 ),
 .UNSPECIFIED. ) 
 CURVE ( )  GEOMETRIC_REPRESENTATION_ITEM ( )  RATIONAL_B_SPLINE_CURVE ( ( 1.000000000000000000, 0.8565020668271495774, 0.8565020668271495774, 1.000000000000000000 ) ) 
 REPRESENTATION_ITEM ( '' )  );
#2295 = VECTOR ( 'NONE', #2464, 1000.000000000000000 ) ;
#2296 = ORIENTED_EDGE ( 'NONE', *, *, #2751, .F. ) ;
#2297 = LINE ( 'NONE', #1786, #1313 ) ;
#2298 = ORIENTED_EDGE ( 'NONE', *, *, #3054, .T. ) ;
#2299 = LINE ( 'NONE', #2532, #3025 ) ;
#2300 = AXIS2_PLACEMENT_3D ( 'NONE', #1475, #1773, #1215 ) ;
#2301 = ORIENTED_EDGE ( 'NONE', *, *, #800, .F. ) ;
#2302 = DIRECTION ( 'NONE',  ( 1.000000000000000000, 0.000000000000000000, 0.000000000000000000 ) ) ;
#2303 = VERTEX_POINT ( 'NONE', #388 ) ;
#2304 = FACE_BOUND ( 'NONE', #1606, .T. ) ;
#2305 = PLANE ( 'NONE',  #1451 ) ;
#2306 = CARTESIAN_POINT ( 'NONE',  ( 1.562237770734733688, -2.871308612408247196, -1.018791825736229839 ) ) ;
#2307 = CARTESIAN_POINT ( 'NONE',  ( 0.9000000000000006883, 1.500000000000000000, 6.000000000000000000 ) ) ;
#2308 = LINE ( 'NONE', #1713, #1335 ) ;
#2309 = CARTESIAN_POINT ( 'NONE',  ( 0.000000000000000000, -2.000000000000000000, -2.000000000000000000 ) ) ;
#2310 = CIRCLE ( 'NONE', #295, 0.8999999999999998002 ) ;
#2311 = ORIENTED_EDGE ( 'NONE', *, *, #3183, .F. ) ;
#2312 = CARTESIAN_POINT ( 'NONE',  ( -1.254121907152576210, 1.500000000000000000, 4.680446676378720916 ) ) ;
#2313 = EDGE_LOOP ( 'NONE', ( #3224, #924, #1175, #2638 ) ) ;
#2314 = CARTESIAN_POINT ( 'NONE',  ( -0.3239061881834045531, -3.090913266465849851, -0.8574254521484239167 ) ) ;
#2315 = EDGE_CURVE ( 'NONE', #1575, #283, #2408, .T. ) ;
#2316 = EDGE_CURVE ( 'NONE', #2170, #930, #1035, .T. ) ;
#2317 = AXIS2_PLACEMENT_3D ( 'NONE', #262, #3123, #2846 ) ;
#2318 = EDGE_CURVE ( 'NONE', #127, #1792, #715, .T. ) ;
#2319 = ORIENTED_EDGE ( 'NONE', *, *, #3015, .T. ) ;
#2320 = DIRECTION ( 'NONE',  ( -4.565061778886335030E-16, 1.000000000000000000, -0.000000000000000000 ) ) ;
#2321 = ORIENTED_EDGE ( 'NONE', *, *, #2864, .T. ) ;
#2322 = DIRECTION ( 'NONE',  ( -0.000000000000000000, -0.000000000000000000, -1.000000000000000000 ) ) ;
#2323 = LINE ( 'NONE', #1083, #2145 ) ;
#2324 = CARTESIAN_POINT ( 'NONE',  ( -2.377121316667877071, -1.650000000000000355, 0.5000000000000000000 ) ) ;
#2325 = PERSON_AND_ORGANIZATION ( #626, #3191 ) ;
#2326 = ORIENTED_EDGE ( 'NONE', *, *, #1347, .F. ) ;
#2327 = CARTESIAN_POINT ( 'NONE',  ( -1.562237770734732578, -2.871308612408246752, -2.000000000000000000 ) ) ;
#2328 = LINE ( 'NONE', #1074, #2149 ) ;
#2329 = ADVANCED_FACE ( 'NONE', ( #2953 ), #644, .F. ) ;
#2330 = B_SPLINE_CURVE_WITH_KNOTS ( 'NONE', 3,
 ( #1134, #2889, #1380, #359 ),
 .UNSPECIFIED., .F., .F.,
 ( 4, 4 ),
 ( 3.171090083035581457E-07, 0.0003727142431904582323 ),
 .UNSPECIFIED. ) ;
#2331 = ORIENTED_EDGE ( 'NONE', *, *, #46, .T. ) ;
#2332 = DIRECTION ( 'NONE',  ( 1.000000000000000000, -2.940209281316622495E-16, 0.000000000000000000 ) ) ;
#2333 = CIRCLE ( 'NONE', #3187, 2.250000000000000444 ) ;
#2334 = ORIENTED_EDGE ( 'NONE', *, *, #134, .T. ) ;
#2335 = CARTESIAN_POINT ( 'NONE',  ( 4.799999999999999822, 1.650000000000000355, -2.000000000000000000 ) ) ;
#2336 = ORIENTED_EDGE ( 'NONE', *, *, #2216, .T. ) ;
#2337 = SECURITY_CLASSIFICATION ( '', '', #2392 ) ;
#2338 = LINE ( 'NONE', #2833, #121 ) ;
#2339 = AXIS2_PLACEMENT_3D ( 'NONE', #2728, #963, #1214 ) ;
#2340 = ORIENTED_EDGE ( 'NONE', *, *, #1151, .T. ) ;
#2341 = CYLINDRICAL_SURFACE ( 'NONE', #1387, 0.6499999999999993561 ) ;
#2342 = DIRECTION ( 'NONE',  ( 0.8221777979007626191, 0.5692307692307687628, -0.000000000000000000 ) ) ;
#2343 = CARTESIAN_POINT ( 'NONE',  ( -0.2364853018628196857, -2.164959939121161803, 6.876472714403841557 ) ) ;
#2344 = CALENDAR_DATE ( 2025, 17, 11 ) ;
#2345 = ORIENTED_EDGE ( 'NONE', *, *, #155, .T. ) ;
#2346 = CARTESIAN_POINT ( 'NONE',  ( 0.000000000000000000, 3.250000000000000000, 0.5000000000000000000 ) ) ;
#2347 = DIRECTION ( 'NONE',  ( -0.000000000000000000, -0.000000000000000000, -1.000000000000000000 ) ) ;
#2348 = VERTEX_POINT ( 'NONE', #1678 ) ;
#2349 = CARTESIAN_POINT ( 'NONE',  ( -2.452011428089749590, -2.426961053770182009, 1.300000000000000044 ) ) ;
#2350 = VERTEX_POINT ( 'NONE', #108 ) ;
#2351 = CARTESIAN_POINT ( 'NONE',  ( -0.05595137188756343222, -2.899910919890410721, -0.6499001688596881543 ) ) ;
#2352 = ORIENTED_EDGE ( 'NONE', *, *, #3, .T. ) ;
#2353 = CIRCLE ( 'NONE', #2195, 3.450000000000000178 ) ;
#2354 = LINE ( 'NONE', #1555, #2249 ) ;
#2355 = ORIENTED_EDGE ( 'NONE', *, *, #646, .F. ) ;
#2356 = CARTESIAN_POINT ( 'NONE',  ( 1.850000000000000089, -1.650000000000000355, -0.2289110512481083992 ) ) ;
#2357 = DIRECTION ( 'NONE',  ( -0.5692307692307687628, 0.8221777979007626191, 0.000000000000000000 ) ) ;
#2358 = CARTESIAN_POINT ( 'NONE',  ( 1.849999999999999867, 1.649999999999999911, -0.2289110512481076498 ) ) ;
#2359 = AXIS2_PLACEMENT_3D ( 'NONE', #2091, #1579, #1859 ) ;
#2360 = EDGE_LOOP ( 'NONE', ( #2082, #566, #1517, #2849 ) ) ;
#2361 = DIRECTION ( 'NONE',  ( 0.000000000000000000, 0.000000000000000000, -1.000000000000000000 ) ) ;
#2362 = EDGE_CURVE ( 'NONE', #1803, #2166, #1091, .T. ) ;
#2363 = EDGE_CURVE ( 'NONE', #2918, #113, #408, .T. ) ;
#2364 = VECTOR ( 'NONE', #313, 1000.000000000000000 ) ;
#2365 = EDGE_CURVE ( 'NONE', #894, #2036, #2890, .T. ) ;
#2366 = CYLINDRICAL_SURFACE ( 'NONE', #3111, 0.3500000000000002554 ) ;
#2367 = CARTESIAN_POINT ( 'NONE',  ( 0.3249999999999997891, -2.000000000000000000, -2.000000000000000000 ) ) ;
#2368 = ORIENTED_EDGE ( 'NONE', *, *, #1982, .F. ) ;
#2369 = CARTESIAN_POINT ( 'NONE',  ( 0.000000000000000000, 0.000000000000000000, -1.199999999999999734 ) ) ;
#2370 = ORIENTED_EDGE ( 'NONE', *, *, #1016, .T. ) ;
#2371 = FACE_OUTER_BOUND ( 'NONE', #3242, .T. ) ;
#2372 = ORIENTED_EDGE ( 'NONE', *, *, #155, .F. ) ;
#2373 = CARTESIAN_POINT ( 'NONE',  ( -1.500000000000000222, 2.672077843177476986, -2.000000000000000000 ) ) ;
#2374 = CARTESIAN_POINT ( 'NONE',  ( -2.377121316667876627, 1.650000000000000133, 1.300000000000000044 ) ) ;
#2375 = EDGE_CURVE ( 'NONE', #17, #522, #2404, .T. ) ;
#2376 = FACE_OUTER_BOUND ( 'NONE', #642, .T. ) ;
#2377 = APPLICATION_PROTOCOL_DEFINITION ( 'international standard', 'config_control_design', 1994, #82 ) ;
#2378 = EDGE_LOOP ( 'NONE', ( #1727, #665, #10, #585 ) ) ;
#2379 = CARTESIAN_POINT ( 'NONE',  ( 0.3499999999999999223, 3.169407476661971312, -0.9386626175112303683 ) ) ;
#2380 = DIRECTION ( 'NONE',  ( -0.000000000000000000, 0.000000000000000000, 1.000000000000000000 ) ) ;
#2381 = EDGE_CURVE ( 'NONE', #1272, #795, #2197, .T. ) ;
#2382 = PRODUCT_DEFINITION ( 'UNKNOWN', '', #1806, #891 ) ;
#2383 = VERTEX_POINT ( 'NONE', #2470 ) ;
#2384 = DIRECTION ( 'NONE',  ( 1.000000000000000000, 0.000000000000000000, 0.000000000000000000 ) ) ;
#2385 = ORIENTED_EDGE ( 'NONE', *, *, #347, .T. ) ;
#2386 = AXIS2_PLACEMENT_3D ( 'NONE', #1589, #2599, #1097 ) ;
#2387 = DIRECTION ( 'NONE',  ( 1.000000000000000000, 0.000000000000000000, 0.000000000000000000 ) ) ;
#2388 = ORIENTED_EDGE ( 'NONE', *, *, #2231, .F. ) ;
#2389 = DIRECTION ( 'NONE',  ( -0.8221777979007626191, -0.5692307692307687628, 0.000000000000000000 ) ) ;
#2390 = CARTESIAN_POINT ( 'NONE',  ( -1.849999999999999645, -1.650000000000000355, -2.000000000000000000 ) ) ;
#2391 = CARTESIAN_POINT ( 'NONE',  ( -0.7186466726323365029, -2.054646774784988139, 6.554149670293978325 ) ) ;
#2392 = SECURITY_CLASSIFICATION_LEVEL ( 'unclassified' ) ;
#2393 = DIRECTION ( 'NONE',  ( 1.470104640658311740E-16, -1.000000000000000000, 0.000000000000000000 ) ) ;
#2394 = DIRECTION ( 'NONE',  ( -0.000000000000000000, -0.000000000000000000, -1.000000000000000000 ) ) ;
#2395 = AXIS2_PLACEMENT_3D ( 'NONE', #1326, #1031, #3076 ) ;
#2396 = CARTESIAN_POINT ( 'NONE',  ( -2.137762229265269820, -2.472847073946711216, -1.018791825736229617 ) ) ;
#2397 = EDGE_LOOP ( 'NONE', ( #538, #2577, #3274, #2077 ) ) ;
#2398 = CARTESIAN_POINT ( 'NONE',  ( 0.4461878270902558952, -2.130818254933956268, 6.261004803600023649 ) ) ;
#2399 = ORIENTED_EDGE ( 'NONE', *, *, #3056, .F. ) ;
#2400 = CARTESIAN_POINT ( 'NONE',  ( 0.3500000000000009215, 3.250000000000000000, 1.187263407503507562 ) ) ;
#2401 = VERTEX_POINT ( 'NONE', #2487 ) ;
#2402 = DIRECTION ( 'NONE',  ( 1.000000000000000000, 0.000000000000000000, 0.000000000000000000 ) ) ;
#2403 = AXIS2_PLACEMENT_3D ( 'NONE', #1522, #745, #1795 ) ;
#2404 = LINE ( 'NONE', #2190, #3165 ) ;
#2405 = CARTESIAN_POINT ( 'NONE',  ( -1.850000000000000311, 1.650000000000000133, 1.300000000000000044 ) ) ;
#2406 = AXIS2_PLACEMENT_3D ( 'NONE', #3130, #1577, #1329 ) ;
#2407 = CARTESIAN_POINT ( 'NONE',  ( -0.3500000000000009215, -3.310742680467853916, -1.079185305053641297 ) ) ;
#2408 = CIRCLE ( 'NONE', #223, 1.650000000000000133 ) ;
#2409 = CARTESIAN_POINT ( 'NONE',  ( 2.241476337462280366, -2.622648247210571437, -1.199999999999999734 ) ) ;
#2410 = VECTOR ( 'NONE', #1430, 1000.000000000000114 ) ;
#2411 = EDGE_CURVE ( 'NONE', #2586, #2204, #2782, .T. ) ;
#2412 = ORIENTED_EDGE ( 'NONE', *, *, #2429, .F. ) ;
#2413 = CYLINDRICAL_SURFACE ( 'NONE', #2597, 0.6499999999999995781 ) ;
#2414 = ORIENTED_EDGE ( 'NONE', *, *, #484, .T. ) ;
#2415 = VECTOR ( 'NONE', #2726, 1000.000000000000000 ) ;
#2416 = DIRECTION ( 'NONE',  ( 1.000000000000000000, 0.000000000000000000, 0.000000000000000000 ) ) ;
#2417 = ORIENTED_EDGE ( 'NONE', *, *, #697, .F. ) ;
#2418 = LINE ( 'NONE', #1411, #1758 ) ;
#2419 = ADVANCED_FACE ( 'NONE', ( #2254 ), #1519, .F. ) ;
#2420 = EDGE_CURVE ( 'NONE', #3237, #522, #1013, .T. ) ;
#2421 = ADVANCED_FACE ( 'NONE', ( #2018 ), #712, .F. ) ;
#2422 = LINE ( 'NONE', #679, #1928 ) ;
#2423 = ADVANCED_FACE ( 'NONE', ( #968 ), #2002, .F. ) ;
#2424 = LINE ( 'NONE', #666, #2934 ) ;
#2425 = CARTESIAN_POINT ( 'NONE',  ( -3.029851481508623490, -1.650000000000000577, -1.199999999999999734 ) ) ;
#2426 = AXIS2_PLACEMENT_3D ( 'NONE', #399, #3204, #163 ) ;
#2427 = FACE_OUTER_BOUND ( 'NONE', #1342, .T. ) ;
#2428 = DIRECTION ( 'NONE',  ( 1.000000000000000000, 0.000000000000000000, 0.000000000000000000 ) ) ;
#2429 = EDGE_CURVE ( 'NONE', #1081, #2809, #1029, .T. ) ;
#2430 = ORIENTED_EDGE ( 'NONE', *, *, #1159, .F. ) ;
#2431 = CARTESIAN_POINT ( 'NONE',  ( -2.137762229265268044, -2.472847073946707219, -2.000000000000000000 ) ) ;
#2432 = ORIENTED_EDGE ( 'NONE', *, *, #2517, .T. ) ;
#2433 = ADVANCED_FACE ( 'NONE', ( #1274 ), #1969, .F. ) ;
#2434 = CARTESIAN_POINT ( 'NONE',  ( 1.380272765741162173E-15, -3.437307692307693507, 6.000000000000000000 ) ) ;
#2435 = ORIENTED_EDGE ( 'NONE', *, *, #3262, .T. ) ;
#2436 = DIRECTION ( 'NONE',  ( -0.000000000000000000, -0.000000000000000000, -1.000000000000000000 ) ) ;
#2437 = DIRECTION ( 'NONE',  ( 0.000000000000000000, -0.000000000000000000, -1.000000000000000000 ) ) ;
#2438 = ORIENTED_EDGE ( 'NONE', *, *, #2420, .T. ) ;
#2439 = DIRECTION ( 'NONE',  ( -0.000000000000000000, -0.000000000000000000, -1.000000000000000000 ) ) ;
#2440 = DIRECTION ( 'NONE',  ( 1.000000000000000000, 0.000000000000000000, 0.000000000000000000 ) ) ;
#2441 = CARTESIAN_POINT ( 'NONE',  ( 0.000000000000000000, 0.000000000000000000, -2.000000000000000000 ) ) ;
#2442 = CARTESIAN_POINT ( 'NONE',  ( 1.750245360732263888, -1.650000000000000577, -0.1544646193955432345 ) ) ;
#2443 = VERTEX_POINT ( 'NONE', #760 ) ;
#2444 = DIRECTION ( 'NONE',  ( -0.000000000000000000, 0.000000000000000000, 1.000000000000000000 ) ) ;
#2445 = VERTEX_POINT ( 'NONE', #523 ) ;
#2446 = DIRECTION ( 'NONE',  ( 1.000000000000000000, 0.000000000000000000, 0.000000000000000000 ) ) ;
#2447 = EDGE_LOOP ( 'NONE', ( #587, #66, #310, #2600 ) ) ;
#2448 = CARTESIAN_POINT ( 'NONE',  ( -2.797034420842418712, 2.019677808122553486, 1.300000000000000044 ) ) ;
#2449 = DIRECTION ( 'NONE',  ( -0.000000000000000000, 0.000000000000000000, 1.000000000000000000 ) ) ;
#2450 = VERTEX_POINT ( 'NONE', #1729 ) ;
#2451 = CARTESIAN_POINT ( 'NONE',  ( -0.9000000000000004663, 1.980056817366612432, 6.120356979563529087 ) ) ;
#2452 = CARTESIAN_POINT ( 'NONE',  ( 1.562237770734733688, -2.871308612408247196, -1.018791825736229839 ) ) ;
#2453 = AXIS2_PLACEMENT_3D ( 'NONE', #2309, #531, #427 ) ;
#2454 = DIRECTION ( 'NONE',  ( 1.000000000000000000, 0.000000000000000000, 0.000000000000000000 ) ) ;
#2455 = VECTOR ( 'NONE', #3078, 1000.000000000000000 ) ;
#2456 = DIRECTION ( 'NONE',  ( 1.000000000000000000, 0.000000000000000000, 0.000000000000000000 ) ) ;
#2457 = AXIS2_PLACEMENT_3D ( 'NONE', #1661, #1167, #1383 ) ;
#2458 = ADVANCED_FACE ( 'NONE', ( #232 ), #2731, .T. ) ;
#2459 = EDGE_CURVE ( 'NONE', #530, #1395, #2938, .T. ) ;
#2460 = EDGE_CURVE ( 'NONE', #2445, #3051, #727, .T. ) ;
#2461 = AXIS2_PLACEMENT_3D ( 'NONE', #2169, #2142, #1425 ) ;
#2462 = VECTOR ( 'NONE', #3179, 1000.000000000000000 ) ;
#2463 = ORIENTED_EDGE ( 'NONE', *, *, #1846, .F. ) ;
#2464 = DIRECTION ( 'NONE',  ( -8.853039129349954990E-17, 0.000000000000000000, -1.000000000000000000 ) ) ;
#2465 = ORIENTED_EDGE ( 'NONE', *, *, #349, .F. ) ;
#2466 = DIRECTION ( 'NONE',  ( -1.000000000000000000, 2.940209281316622988E-16, 0.000000000000000000 ) ) ;
#2467 = ORIENTED_EDGE ( 'NONE', *, *, #2288, .F. ) ;
#2468 = CARTESIAN_POINT ( 'NONE',  ( 0.9000000000000002442, 1.500000000000000000, -7.967735216414960970E-17 ) ) ;
#2469 = ORIENTED_EDGE ( 'NONE', *, *, #2072, .T. ) ;
#2470 = CARTESIAN_POINT ( 'NONE',  ( -1.557432432432432678, 1.623854740550273901, 0.000000000000000000 ) ) ;
#2471 = EDGE_LOOP ( 'NONE', ( #456, #1246, #1008, #2055 ) ) ;
#2472 = CARTESIAN_POINT ( 'NONE',  ( 0.000000000000000000, 3.250000000000000000, 1.300000000000000044 ) ) ;
#2473 = EDGE_CURVE ( 'NONE', #2586, #3189, #2774, .T. ) ;
#2474 = CIRCLE ( 'NONE', #1631, 0.6499999999999993561 ) ;
#2475 = PLANE ( 'NONE',  #1140 ) ;
#2476 = CARTESIAN_POINT ( 'NONE',  ( 1.850000000000000089, 0.000000000000000000, -2.000000000000000000 ) ) ;
#2477 = CARTESIAN_POINT ( 'NONE',  ( 0.000000000000000000, 0.000000000000000000, 0.5000000000000000000 ) ) ;
#2478 = CYLINDRICAL_SURFACE ( 'NONE', #279, 3.450000000000000178 ) ;
#2479 = VECTOR ( 'NONE', #140, 1000.000000000000000 ) ;
#2480 = PRODUCT_RELATED_PRODUCT_CATEGORY ( 'detail', '', ( #3100 ) ) ;
#2481 = ORIENTED_EDGE ( 'NONE', *, *, #943, .T. ) ;
#2482 = CARTESIAN_POINT ( 'NONE',  ( 0.000000000000000000, 0.000000000000000000, 1.300000000000000044 ) ) ;
#2483 = ORIENTED_EDGE ( 'NONE', *, *, #2845, .F. ) ;
#2484 = DIRECTION ( 'NONE',  ( 1.000000000000000000, 4.565061778886335030E-16, 3.383837190100805437E-63 ) ) ;
#2485 = VERTEX_POINT ( 'NONE', #3289 ) ;
#2486 = CARTESIAN_POINT ( 'NONE',  ( 0.6344884488436142167, 3.391153846153846629, 1.300000000000000044 ) ) ;
#2487 = CARTESIAN_POINT ( 'NONE',  ( -1.850000000000000311, 1.650000000000000133, 1.300000000000000044 ) ) ;
#2488 = ORIENTED_EDGE ( 'NONE', *, *, #2948, .T. ) ;
#2489 = DIRECTION ( 'NONE',  ( 1.000000000000000000, 0.000000000000000000, 0.000000000000000000 ) ) ;
#2490 = DIRECTION ( 'NONE',  ( -0.000000000000000000, -1.000000000000000000, 0.000000000000000000 ) ) ;
#2491 = CARTESIAN_POINT ( 'NONE',  ( -0.2615390878897206339, 2.161227370919442059, 6.445526748019386076 ) ) ;
#2492 = AXIS2_PLACEMENT_3D ( 'NONE', #1322, #2794, #319 ) ;
#2493 = DIRECTION ( 'NONE',  ( 1.000000000000000000, 0.000000000000000000, 0.000000000000000000 ) ) ;
#2494 = CARTESIAN_POINT ( 'NONE',  ( 0.4458798209014144254, 2.130853376301172108, 5.738871836797573955 ) ) ;
#2495 = ORIENTED_EDGE ( 'NONE', *, *, #3014, .T. ) ;
#2496 = DIRECTION ( 'NONE',  ( 1.000000000000000000, 0.000000000000000000, 0.000000000000000000 ) ) ;
#2497 = VERTEX_POINT ( 'NONE', #2746 ) ;
#2498 = DIRECTION ( 'NONE',  ( -0.000000000000000000, -0.000000000000000000, -1.000000000000000000 ) ) ;
#2499 = EDGE_CURVE ( 'NONE', #2811, #2150, #1790, .T. ) ;
#2500 = EDGE_CURVE ( 'NONE', #2876, #446, #1722, .T. ) ;
#2501 = DIRECTION ( 'NONE',  ( 1.000000000000000000, 0.000000000000000000, 0.000000000000000000 ) ) ;
#2502 = ORIENTED_EDGE ( 'NONE', *, *, #3172, .F. ) ;
#2503 = CARTESIAN_POINT ( 'NONE',  ( 2.168404344971008868E-15, -1.500000000000000000, 5.016487628610423855 ) ) ;
#2504 = FACE_OUTER_BOUND ( 'NONE', #1468, .T. ) ;
#2505 = DIRECTION ( 'NONE',  ( 1.000000000000000000, 0.000000000000000000, 0.000000000000000000 ) ) ;
#2506 = DIRECTION ( 'NONE',  ( 0.8221777979007626191, -0.5692307692307687628, 0.000000000000000000 ) ) ;
#2507 = DIRECTION ( 'NONE',  ( 0.2588190451025151329, 1.181524930445350308E-16, -0.9659258262890698665 ) ) ;
#2508 = VECTOR ( 'NONE', #2646, 1000.000000000000000 ) ;
#2509 = EDGE_CURVE ( 'NONE', #2036, #940, #216, .T. ) ;
#2510 = AXIS2_PLACEMENT_3D ( 'NONE', #1244, #454, #2501 ) ;
#2511 = VERTEX_POINT ( 'NONE', #3243 ) ;
#2512 = AXIS2_PLACEMENT_3D ( 'NONE', #2750, #272, #2274 ) ;
#2513 = CARTESIAN_POINT ( 'NONE',  ( 0.000000000000000000, -1.500000000000000000, 0.000000000000000000 ) ) ;
#2514 = ORIENTED_EDGE ( 'NONE', *, *, #1005, .F. ) ;
#2515 = CARTESIAN_POINT ( 'NONE',  ( -0.3500000000000009215, 3.432200460346102933, -1.199999999999999734 ) ) ;
#2516 = ORIENTED_EDGE ( 'NONE', *, *, #46, .F. ) ;
#2517 = EDGE_CURVE ( 'NONE', #127, #1563, #1117, .T. ) ;
#2518 = DIRECTION ( 'NONE',  ( -0.000000000000000000, -0.000000000000000000, -1.000000000000000000 ) ) ;
#2519 = ADVANCED_FACE ( 'NONE', ( #338 ), #825, .F. ) ;
#2520 = ORIENTED_EDGE ( 'NONE', *, *, #2879, .T. ) ;
#2521 = CARTESIAN_POINT ( 'NONE',  ( 0.9000000000000006883, 1.980056817366612432, 6.000000000000000000 ) ) ;
#2522 = EDGE_CURVE ( 'NONE', #2350, #334, #1728, .T. ) ;
#2523 = FACE_OUTER_BOUND ( 'NONE', #2447, .T. ) ;
#2524 = CARTESIAN_POINT ( 'NONE',  ( 1.562237770734733022, 2.871308612408246752, -1.018791825736230061 ) ) ;
#2525 = CIRCLE ( 'NONE', #778, 1.650000000000000133 ) ;
#2526 = DIRECTION ( 'NONE',  ( 1.000000000000000000, 0.000000000000000000, 0.000000000000000000 ) ) ;
#2527 = CARTESIAN_POINT ( 'NONE',  ( 0.9000000000000031308, -3.437307692307693063, -1.072357793034812397E-31 ) ) ;
#2528 = VERTEX_POINT ( 'NONE', #813 ) ;
#2529 = EDGE_CURVE ( 'NONE', #1039, #3244, #1324, .T. ) ;
#2530 = PLANE ( 'NONE',  #3003 ) ;
#2531 = ORIENTED_EDGE ( 'NONE', *, *, #1187, .F. ) ;
#2532 = CARTESIAN_POINT ( 'NONE',  ( 1.665951878931745345, 3.021109785672110970, -2.000000000000000000 ) ) ;
#2533 = ADVANCED_FACE ( 'NONE', ( #2371 ), #2886, .T. ) ;
#2534 = CARTESIAN_POINT ( 'NONE',  ( -1.850000000000000311, -2.672077843177476986, -2.000000000000000000 ) ) ;
#2535 = ORIENTED_EDGE ( 'NONE', *, *, #755, .T. ) ;
#2536 = DIRECTION ( 'NONE',  ( -0.000000000000000000, 0.000000000000000000, 1.000000000000000000 ) ) ;
#2537 = CYLINDRICAL_SURFACE ( 'NONE', #711, 0.8999999999999996891 ) ;
#2538 = CARTESIAN_POINT ( 'NONE',  ( 1.566666653026666856, 2.460379900659690477, -0.6664986069220114606 ) ) ;
#2539 = CARTESIAN_POINT ( 'NONE',  ( 3.029851481508624378, 1.650000000000000577, -1.199999999999999734 ) ) ;
#2540 = CYLINDRICAL_SURFACE ( 'NONE', #3270, 3.450000000000000178 ) ;
#2541 = FACE_OUTER_BOUND ( 'NONE', #1285, .T. ) ;
#2542 = AXIS2_PLACEMENT_3D ( 'NONE', #265, #1839, #2566 ) ;
#2543 = EDGE_LOOP ( 'NONE', ( #3177, #370, #2978, #2885 ) ) ;
#2544 = CARTESIAN_POINT ( 'NONE',  ( -2.425672657086214396E-16, 1.650000000000000355, 0.5000000000000000000 ) ) ;
#2545 = ORIENTED_EDGE ( 'NONE', *, *, #2429, .T. ) ;
#2546 = CC_DESIGN_APPROVAL ( #3077, ( #2337 ) ) ;
#2547 = DIRECTION ( 'NONE',  ( -4.565061778886335030E-16, 1.000000000000000000, -0.000000000000000000 ) ) ;
#2548 = CIRCLE ( 'NONE', #2977, 1.149999999999999467 ) ;
#2549 = VERTEX_POINT ( 'NONE', #1855 ) ;
#2550 = CYLINDRICAL_SURFACE ( 'NONE', #2035, 3.450000000000000178 ) ;
#2551 = ORIENTED_EDGE ( 'NONE', *, *, #2072, .F. ) ;
#2552 = FACE_OUTER_BOUND ( 'NONE', #657, .T. ) ;
#2553 = CARTESIAN_POINT ( 'NONE',  ( -1.665951878931745345, -3.021109785672111414, -1.199999999999999734 ) ) ;
#2554 = CARTESIAN_POINT ( 'NONE',  ( 0.4463875499935200941, 2.130774605055987259, 6.260678108352439430 ) ) ;
#2555 = DIRECTION ( 'NONE',  ( -0.000000000000000000, 0.000000000000000000, 1.000000000000000000 ) ) ;
#2556 = ORIENTED_EDGE ( 'NONE', *, *, #1400, .T. ) ;
#2557 = DIRECTION ( 'NONE',  ( 1.000000000000000000, 0.000000000000000000, 0.000000000000000000 ) ) ;
#2558 = ADVANCED_FACE ( 'NONE', ( #1538 ), #2550, .T. ) ;
#2559 = EDGE_CURVE ( 'NONE', #3035, #15, #2587, .T. ) ;
#2560 = EDGE_CURVE ( 'NONE', #979, #274, #2338, .T. ) ;
#2561 = VECTOR ( 'NONE', #1, 1000.000000000000000 ) ;
#2562 = ORIENTED_EDGE ( 'NONE', *, *, #1480, .F. ) ;
#2563 = DIRECTION ( 'NONE',  ( 1.000000000000000000, 0.000000000000000000, 0.000000000000000000 ) ) ;
#2564 = AXIS2_PLACEMENT_3D ( 'NONE', #816, #596, #578 ) ;
#2565 = ORIENTED_EDGE ( 'NONE', *, *, #997, .T. ) ;
#2566 = DIRECTION ( 'NONE',  ( 1.000000000000000000, 0.000000000000000000, 0.000000000000000000 ) ) ;
#2567 = VECTOR ( 'NONE', #2270, 1000.000000000000000 ) ;
#2568 = EDGE_LOOP ( 'NONE', ( #214, #2588, #2881, #2745 ) ) ;
#2569 = CARTESIAN_POINT ( 'NONE',  ( -1.408686796762322890, -3.149301749376757886, 1.300000000000000044 ) ) ;
#2570 = EDGE_LOOP ( 'NONE', ( #2011, #1071, #570, #1871 ) ) ;
#2571 = CARTESIAN_POINT ( 'NONE',  ( 0.4999999999999992784, 2.116748686074943819, 6.000000000000000000 ) ) ;
#2572 = VECTOR ( 'NONE', #2211, 1000.000000000000000 ) ;
#2573 = CARTESIAN_POINT ( 'NONE',  ( 0.000000000000000000, 0.000000000000000000, 1.300000000000000044 ) ) ;
#2574 = CARTESIAN_POINT ( 'NONE',  ( 0.2393443296311956459, -2.164560513622936444, 6.875463336449841201 ) ) ;
#2575 = EDGE_CURVE ( 'NONE', #1344, #2743, #2354, .T. ) ;
#2576 = COORDINATED_UNIVERSAL_TIME_OFFSET ( 0, 0, .AHEAD. ) ;
#2577 = ORIENTED_EDGE ( 'NONE', *, *, #1348, .T. ) ;
#2578 = CARTESIAN_POINT ( 'NONE',  ( -0.05706034457347115146, 2.900089958553294878, -0.6501008156030003704 ) ) ;
#2579 = VECTOR ( 'NONE', #3300, 1000.000000000000000 ) ;
#2580 = LINE ( 'NONE', #3136, #1407 ) ;
#2581 = EDGE_LOOP ( 'NONE', ( #3304, #1319, #3149, #2551, #3286, #2488, #2202, #1270, #1172, #1093, #1061, #1679, #1608, #1323, #960, #2104, #413, #2286, #2797 ) ) ;
#2582 = DIRECTION ( 'NONE',  ( 0.000000000000000000, 0.000000000000000000, -1.000000000000000000 ) ) ;
#2583 = ORIENTED_EDGE ( 'NONE', *, *, #1931, .F. ) ;
#2584 = FACE_OUTER_BOUND ( 'NONE', #141, .T. ) ;
#2585 = VECTOR ( 'NONE', #1095, 1000.000000000000000 ) ;
#2586 = VERTEX_POINT ( 'NONE', #2569 ) ;
#2587 = LINE ( 'NONE', #558, #3212 ) ;
#2588 = ORIENTED_EDGE ( 'NONE', *, *, #1243, .T. ) ;
#2589 = CARTESIAN_POINT ( 'NONE',  ( 2.168404344971008868E-15, 1.500000000000000000, 5.016487628610423855 ) ) ;
#2590 = DIRECTION ( 'NONE',  ( -1.000000000000000000, 0.000000000000000000, 0.000000000000000000 ) ) ;
#2591 = CARTESIAN_POINT ( 'NONE',  ( 1.408686796762323334, -3.149301749376757886, 1.300000000000000044 ) ) ;
#2592 = ORIENTED_EDGE ( 'NONE', *, *, #3172, .T. ) ;
#2593 = CARTESIAN_POINT ( 'NONE',  ( -0.2394975119304026678, 2.991079558385601356, -0.7505480884529921459 ) ) ;
#2594 = CARTESIAN_POINT ( 'NONE',  ( -2.101878715307038625, -2.421018132009878254, -0.9561156202359571976 ) ) ;
#2595 = EDGE_LOOP ( 'NONE', ( #2029, #2266, #1371, #1124 ) ) ;
#2596 = CARTESIAN_POINT ( 'NONE',  ( 4.851345314172430765E-16, 1.650000000000001243, 0.5000000000000000000 ) ) ;
#2597 = AXIS2_PLACEMENT_3D ( 'NONE', #608, #397, #128 ) ;
#2598 = VERTEX_POINT ( 'NONE', #1080 ) ;
#2599 = DIRECTION ( 'NONE',  ( -0.000000000000000000, -0.000000000000000000, -1.000000000000000000 ) ) ;
#2600 = ORIENTED_EDGE ( 'NONE', *, *, #443, .F. ) ;
#2601 = DIRECTION ( 'NONE',  ( -0.000000000000000000, -0.000000000000000000, -1.000000000000000000 ) ) ;
#2602 = VERTEX_POINT ( 'NONE', #2119 ) ;
#2603 = DIRECTION ( 'NONE',  ( -0.000000000000000000, -0.000000000000000000, 1.000000000000000000 ) ) ;
#2604 = EDGE_CURVE ( 'NONE', #70, #866, #3074, .T. ) ;
#2605 = ADVANCED_FACE ( 'NONE', ( #1574 ), #1841, .F. ) ;
#2606 = FACE_OUTER_BOUND ( 'NONE', #660, .T. ) ;
#2607 = CARTESIAN_POINT ( 'NONE',  ( 0.5546414290037605666, -2.104839001781587893, 6.718207192209498579 ) ) ;
#2608 = CALENDAR_DATE ( 2025, 17, 11 ) ;
#2609 = ORIENTED_EDGE ( 'NONE', *, *, #2112, .T. ) ;
#2610 = CARTESIAN_POINT ( 'NONE',  ( 0.3499999999999998668, 3.250000000000000444, -1.018791825736230061 ) ) ;
#2611 = CARTESIAN_POINT ( 'NONE',  ( -1.934008343127227247, -2.326087139984083230, -0.7749427184890361753 ) ) ;
#2612 = VERTEX_POINT ( 'NONE', #1870 ) ;
#2613 = B_SPLINE_CURVE_WITH_KNOTS ( 'NONE', 3,
 ( #1443, #2451, #2894, #1879, #250, #488, #509, #714, #472, #744, #2225, #1233, #1507, #234, #206, #3291, #2716, #2521 ),
 .UNSPECIFIED., .F., .F.,
 ( 4, 2, 2, 2, 2, 2, 2, 2, 4 ),
 ( 0.000000000000000000, 0.0003555845752400141400, 0.0007111691504800282801, 0.001066753725720042366, 0.001422338300960056560, 0.001777922876200070754, 0.002133507451440084732, 0.002489092026680099143, 0.002844676601920113120 ),
 .UNSPECIFIED. ) ;
#2614 = LINE ( 'NONE', #2596, #395 ) ;
#2615 = EDGE_CURVE ( 'NONE', #524, #334, #1174, .T. ) ;
#2616 = ORIENTED_EDGE ( 'NONE', *, *, #800, .T. ) ;
#2617 = DIRECTION ( 'NONE',  ( 1.000000000000000000, 1.470104640658311740E-16, 0.000000000000000000 ) ) ;
#2618 = EDGE_LOOP ( 'NONE', ( #481, #1645, #1718, #415 ) ) ;
#2619 = VECTOR ( 'NONE', #2895, 1000.000000000000000 ) ;
#2620 = CARTESIAN_POINT ( 'NONE',  ( 0.000000000000000000, -2.000000000000000000, -0.5000000000000000000 ) ) ;
#2621 = EDGE_LOOP ( 'NONE', ( #3033, #1435, #1473, #2662 ) ) ;
#2622 = CARTESIAN_POINT ( 'NONE',  ( 1.850000000000000311, -2.672077843177476986, 1.300000000000000044 ) ) ;
#2623 = CARTESIAN_POINT ( 'NONE',  ( -2.257343478143060800, 1.649999999999999245, -0.5329096292467977447 ) ) ;
#2624 = VECTOR ( 'NONE', #780, 1000.000000000000000 ) ;
#2625 = EDGE_CURVE ( 'NONE', #1332, #3175, #794, .T. ) ;
#2626 = EDGE_CURVE ( 'NONE', #680, #119, #1883, .T. ) ;
#2627 = CARTESIAN_POINT ( 'NONE',  ( 2.647030064522328363, 1.650000000000000133, -0.8637994094466023842 ) ) ;
#2628 = EDGE_CURVE ( 'NONE', #15, #3239, #321, .T. ) ;
#2629 = CIRCLE ( 'NONE', #2512, 0.6499999999999995781 ) ;
#2630 = DIRECTION ( 'NONE',  ( 0.000000000000000000, 0.000000000000000000, 1.000000000000000000 ) ) ;
#2631 = ORIENTED_EDGE ( 'NONE', *, *, #2420, .F. ) ;
#2632 = CARTESIAN_POINT ( 'NONE',  ( 0.2024539922931124780, 2.960043195683613959, -0.7166331173029919510 ) ) ;
#2633 = AXIS2_PLACEMENT_3D ( 'NONE', #2703, #1169, #175 ) ;
#2634 = CARTESIAN_POINT ( 'NONE',  ( 4.851345314172426821E-16, -1.649999999999999689, -2.000000000000000000 ) ) ;
#2635 = VECTOR ( 'NONE', #493, 1000.000000000000000 ) ;
#2636 = ORIENTED_EDGE ( 'NONE', *, *, #997, .F. ) ;
#2637 = DIRECTION ( 'NONE',  ( -0.000000000000000000, -0.000000000000000000, -1.000000000000000000 ) ) ;
#2638 = ORIENTED_EDGE ( 'NONE', *, *, #2909, .F. ) ;
#2639 = PLANE ( 'NONE',  #1464 ) ;
#2640 = ORIENTED_EDGE ( 'NONE', *, *, #1771, .F. ) ;
#2641 = CIRCLE ( 'NONE', #3067, 3.450000000000000178 ) ;
#2642 = CARTESIAN_POINT ( 'NONE',  ( 4.958798357315283816E-16, -1.500000000000000000, 6.000000000000000000 ) ) ;
#2643 = DIRECTION ( 'NONE',  ( -0.000000000000000000, 0.000000000000000000, 1.000000000000000000 ) ) ;
#2644 = CALENDAR_DATE ( 2025, 17, 11 ) ;
#2645 = DIRECTION ( 'NONE',  ( -0.000000000000000000, -0.000000000000000000, -1.000000000000000000 ) ) ;
#2646 = DIRECTION ( 'NONE',  ( -0.000000000000000000, -0.000000000000000000, -1.000000000000000000 ) ) ;
#2647 = CARTESIAN_POINT ( 'NONE',  ( -1.700535959281352039, -2.352482495960251718, -0.6524162464710508980 ) ) ;
#2648 = VERTEX_POINT ( 'NONE', #1099 ) ;
#2649 = CARTESIAN_POINT ( 'NONE',  ( -1.850000000000000311, -2.672077843177476986, 0.5000000000000000000 ) ) ;
#2650 = ORIENTED_EDGE ( 'NONE', *, *, #2114, .F. ) ;
#2651 = CIRCLE ( 'NONE', #1224, 0.3249999999999999001 ) ;
#2652 = CARTESIAN_POINT ( 'NONE',  ( -1.467736486486485914, -1.605108907905100413, 4.623208822354684777 ) ) ;
#2653 = ORIENTED_EDGE ( 'NONE', *, *, #1350, .F. ) ;
#2654 = DIRECTION ( 'NONE',  ( -0.000000000000000000, 0.000000000000000000, 1.000000000000000000 ) ) ;
#2655 = CARTESIAN_POINT ( 'NONE',  ( 1.467736486486485470, 1.605108907905101079, 1.300000000000000044 ) ) ;
#2656 = CARTESIAN_POINT ( 'NONE',  ( 1.665951878931745345, -3.021109785672111414, -2.000000000000000000 ) ) ;
#2657 = CARTESIAN_POINT ( 'NONE',  ( 1.852466023568786202, -2.318400229257064460, -0.7172647953332546011 ) ) ;
#2658 = FACE_OUTER_BOUND ( 'NONE', #2581, .T. ) ;
#2659 = EDGE_CURVE ( 'NONE', #723, #2218, #823, .T. ) ;
#2660 = ADVANCED_FACE ( 'NONE', ( #1675 ), #2917, .T. ) ;
#2661 = EDGE_CURVE ( 'NONE', #504, #1767, #277, .T. ) ;
#2662 = ORIENTED_EDGE ( 'NONE', *, *, #2920, .F. ) ;
#2663 = CARTESIAN_POINT ( 'NONE',  ( 0.6344884488436142167, -3.391153846153846629, 1.300000000000000044 ) ) ;
#2664 = VERTEX_POINT ( 'NONE', #1644 ) ;
#2665 = DIRECTION ( 'NONE',  ( -0.000000000000000000, 0.000000000000000000, 1.000000000000000000 ) ) ;
#2666 = ORIENTED_EDGE ( 'NONE', *, *, #3068, .T. ) ;
#2667 = CARTESIAN_POINT ( 'NONE',  ( 1.850000000000000089, -1.649999999999999689, 0.5000000000000000000 ) ) ;
#2668 = AXIS2_PLACEMENT_3D ( 'NONE', #1620, #93, #346 ) ;
#2669 = CARTESIAN_POINT ( 'NONE',  ( -0.6933774770611372817, 1.420692016187695250, 4.830697693581966767 ) ) ;
#2670 = PLANE ( 'NONE',  #263 ) ;
#2671 = VECTOR ( 'NONE', #836, 1000.000000000000000 ) ;
#2672 = CARTESIAN_POINT ( 'NONE',  ( 0.000000000000000000, 0.000000000000000000, 0.5000000000000000000 ) ) ;
#2673 = EDGE_CURVE ( 'NONE', #1948, #1887, #964, .T. ) ;
#2674 = CIRCLE ( 'NONE', #495, 1.650000000000000133 ) ;
#2675 = CARTESIAN_POINT ( 'NONE',  ( 0.3500000000000009215, 3.371475683090048747, -1.139588519289088220 ) ) ;
#2676 = FACE_OUTER_BOUND ( 'NONE', #555, .T. ) ;
#2677 = AXIS2_PLACEMENT_3D ( 'NONE', #365, #2380, #351 ) ;
#2678 = ORIENTED_EDGE ( 'NONE', *, *, #3098, .F. ) ;
#2679 = DIRECTION ( 'NONE',  ( 1.000000000000000000, 0.000000000000000000, 0.000000000000000000 ) ) ;
#2680 = ORIENTED_EDGE ( 'NONE', *, *, #445, .F. ) ;
#2681 = AXIS2_PLACEMENT_3D ( 'NONE', #989, #1995, #542 ) ;
#2682 = DIRECTION ( 'NONE',  ( 0.000000000000000000, 0.000000000000000000, 1.000000000000000000 ) ) ;
#2683 = ORIENTED_EDGE ( 'NONE', *, *, #1769, .F. ) ;
#2684 = DIRECTION ( 'NONE',  ( 1.000000000000000000, 0.000000000000000000, 0.000000000000000000 ) ) ;
#2685 = CARTESIAN_POINT ( 'NONE',  ( -1.850000000000000311, -2.672077843177476986, 0.5000000000000000000 ) ) ;
#2686 = VERTEX_POINT ( 'NONE', #3176 ) ;
#2687 = DIRECTION ( 'NONE',  ( 1.327955869402493421E-15, 0.000000000000000000, 1.000000000000000000 ) ) ;
#2688 = CARTESIAN_POINT ( 'NONE',  ( -1.850000000000000089, -1.650000000000000355, -0.2289110512481077886 ) ) ;
#2689 = DIRECTION ( 'NONE',  ( -0.000000000000000000, 0.000000000000000000, 1.000000000000000000 ) ) ;
#2690 = CARTESIAN_POINT ( 'NONE',  ( -2.206909925793449023, 2.572721683568174544, -1.139588519289087776 ) ) ;
#2691 = ORIENTED_EDGE ( 'NONE', *, *, #1484, .T. ) ;
#2692 = CARTESIAN_POINT ( 'NONE',  ( -0.8999999999999994671, -1.500000000000000000, 4.775333355422418435 ) ) ;
#2693 = ORIENTED_EDGE ( 'NONE', *, *, #1709, .F. ) ;
#2694 = CARTESIAN_POINT ( 'NONE',  ( -0.3500000000000009215, 3.432200460346102933, -2.000000000000000000 ) ) ;
#2695 = ORIENTED_EDGE ( 'NONE', *, *, #266, .F. ) ;
#2696 = FACE_OUTER_BOUND ( 'NONE', #355, .T. ) ;
#2697 = EDGE_CURVE ( 'NONE', #471, #2445, #1053, .T. ) ;
#2698 = DIRECTION ( 'NONE',  ( 1.000000000000000000, 0.000000000000000000, 0.000000000000000000 ) ) ;
#2699 = ADVANCED_FACE ( 'NONE', ( #676 ), #2165, .F. ) ;
#2700 = ORIENTED_EDGE ( 'NONE', *, *, #1202, .T. ) ;
#2701 = CARTESIAN_POINT ( 'NONE',  ( 2.137762229265268044, -2.472847073946707219, -1.018791825736229617 ) ) ;
#2702 = CARTESIAN_POINT ( 'NONE',  ( 1.493134208428054110, -2.725660134663883571, -0.8574275028897878626 ) ) ;
#2703 = CARTESIAN_POINT ( 'NONE',  ( 1.850000000000000311, 2.672077843177476986, -2.000000000000000000 ) ) ;
#2704 = DIRECTION ( 'NONE',  ( 1.000000000000000000, 2.940209281316622988E-16, 0.000000000000000000 ) ) ;
#2705 = VECTOR ( 'NONE', #2322, 1000.000000000000000 ) ;
#2706 = ORIENTED_EDGE ( 'NONE', *, *, #1090, .F. ) ;
#2707 = DIRECTION ( 'NONE',  ( -1.000000000000000000, 0.000000000000000000, 0.000000000000000000 ) ) ;
#2708 = VECTOR ( 'NONE', #983, 1000.000000000000000 ) ;
#2709 = ORIENTED_EDGE ( 'NONE', *, *, #1284, .F. ) ;
#2710 = EDGE_CURVE ( 'NONE', #2822, #940, #562, .T. ) ;
#2711 = CARTESIAN_POINT ( 'NONE',  ( 4.851345314172430765E-16, 1.650000000000001243, 1.300000000000000044 ) ) ;
#2712 = ORIENTED_EDGE ( 'NONE', *, *, #1770, .T. ) ;
#2713 = DIRECTION ( 'NONE',  ( -0.000000000000000000, -0.000000000000000000, -1.000000000000000000 ) ) ;
#2714 = CARTESIAN_POINT ( 'NONE',  ( -1.631385467262914446, 2.971183222029714077, -1.139588519289088220 ) ) ;
#2715 = ORIENTED_EDGE ( 'NONE', *, *, #1058, .F. ) ;
#2716 = CARTESIAN_POINT ( 'NONE',  ( 0.8999999999999984679, 1.980056817366613542, 6.120391030441827418 ) ) ;
#2717 = DIRECTION ( 'NONE',  ( -0.000000000000000000, 0.000000000000000000, 1.000000000000000000 ) ) ;
#2718 = CIRCLE ( 'NONE', #1554, 1.149999999999999689 ) ;
#2719 = ADVANCED_FACE ( 'NONE', ( #384 ), #913, .F. ) ;
#2720 = CARTESIAN_POINT ( 'NONE',  ( -1.850000000000000089, 0.000000000000000000, -2.000000000000000000 ) ) ;
#2721 = CONICAL_SURFACE ( 'NONE', #1720, 3.450000000000000178, 0.7853981633974485010 ) ;
#2722 = DIRECTION ( 'NONE',  ( 1.000000000000000000, 0.000000000000000000, 0.000000000000000000 ) ) ;
#2723 = DIRECTION ( 'NONE',  ( -0.000000000000000000, -0.000000000000000000, -1.000000000000000000 ) ) ;
#2724 = ORIENTED_EDGE ( 'NONE', *, *, #2499, .T. ) ;
#2725 = ORIENTED_EDGE ( 'NONE', *, *, #1110, .T. ) ;
#2726 = DIRECTION ( 'NONE',  ( -0.000000000000000000, -0.000000000000000000, 1.000000000000000000 ) ) ;
#2727 = ORIENTED_EDGE ( 'NONE', *, *, #2217, .F. ) ;
#2728 = CARTESIAN_POINT ( 'NONE',  ( 0.000000000000000000, 0.000000000000000000, 1.300000000000000044 ) ) ;
#2729 = AXIS2_PLACEMENT_3D ( 'NONE', #1587, #790, #2861 ) ;
#2730 = EDGE_LOOP ( 'NONE', ( #2334, #2187, #2352, #883 ) ) ;
#2731 = CYLINDRICAL_SURFACE ( 'NONE', #658, 2.250000000000000444 ) ;
#2732 = ORIENTED_EDGE ( 'NONE', *, *, #3257, .F. ) ;
#2733 = LINE ( 'NONE', #2503, #2708 ) ;
#2734 = CARTESIAN_POINT ( 'NONE',  ( -0.9000000000000010214, 1.500000000000000000, 4.775333355422419324 ) ) ;
#2735 = CARTESIAN_POINT ( 'NONE',  ( 2.206909925793449467, 2.572721683568174988, -1.139588519289088886 ) ) ;
#2736 = LINE ( 'NONE', #1170, #1681 ) ;
#2737 = DIRECTION ( 'NONE',  ( -1.000000000000000000, 2.940209281316623481E-16, 0.000000000000000000 ) ) ;
#2738 = VECTOR ( 'NONE', #2810, 1000.000000000000000 ) ;
#2739 = EDGE_CURVE ( 'NONE', #2825, #2284, #1041, .T. ) ;
#2740 = EDGE_CURVE ( 'NONE', #653, #3237, #2310, .T. ) ;
#2741 = ORIENTED_EDGE ( 'NONE', *, *, #605, .T. ) ;
#2742 = CARTESIAN_POINT ( 'NONE',  ( 0.6344884488436142167, -3.391153846153846629, 0.5000000000000000000 ) ) ;
#2743 = VERTEX_POINT ( 'NONE', #2694 ) ;
#2744 = CARTESIAN_POINT ( 'NONE',  ( 1.849999999999999867, 1.649999999999999911, -0.2289110512481076498 ) ) ;
#2745 = ORIENTED_EDGE ( 'NONE', *, *, #1748, .F. ) ;
#2746 = CARTESIAN_POINT ( 'NONE',  ( 1.665951878931745789, 3.021109785672111858, -2.000000000000000000 ) ) ;
#2747 = ORIENTED_EDGE ( 'NONE', *, *, #945, .T. ) ;
#2748 = LINE ( 'NONE', #3245, #2184 ) ;
#2749 = FACE_OUTER_BOUND ( 'NONE', #1192, .T. ) ;
#2750 = CARTESIAN_POINT ( 'NONE',  ( 0.000000000000000000, 3.250000000000000000, 1.300000000000000044 ) ) ;
#2751 = EDGE_CURVE ( 'NONE', #320, #368, #2186, .T. ) ;
#2752 = CIRCLE ( 'NONE', #2542, 3.450000000000000178 ) ;
#2753 = DIRECTION ( 'NONE',  ( -4.565061778886335030E-16, 1.000000000000000000, -0.000000000000000000 ) ) ;
#2754 = CARTESIAN_POINT ( 'NONE',  ( -0.5000000000000014433, 2.116748686074942931, 5.867411039696629693 ) ) ;
#2755 = CIRCLE ( 'NONE', #103, 2.250000000000000444 ) ;
#2756 = EDGE_CURVE ( 'NONE', #229, #1272, #133, .T. ) ;
#2757 = EDGE_CURVE ( 'NONE', #372, #2348, #946, .T. ) ;
#2758 = ORIENTED_EDGE ( 'NONE', *, *, #2759, .F. ) ;
#2759 = EDGE_CURVE ( 'NONE', #2664, #372, #1158, .T. ) ;
#2760 = FACE_OUTER_BOUND ( 'NONE', #1449, .T. ) ;
#2761 = EDGE_LOOP ( 'NONE', ( #2531, #2741, #600 ) ) ;
#2762 = CARTESIAN_POINT ( 'NONE',  ( 1.298983814184730523, 1.759418969427747337, 4.668425964618533541 ) ) ;
#2763 = ORIENTED_EDGE ( 'NONE', *, *, #799, .F. ) ;
#2764 = CARTESIAN_POINT ( 'NONE',  ( -1.408686796762322890, -3.149301749376757886, 1.300000000000000044 ) ) ;
#2765 = VERTEX_POINT ( 'NONE', #1194 ) ;
#2766 = DIRECTION ( 'NONE',  ( 0.5692307692307685407, 0.8221777979007627302, 0.000000000000000000 ) ) ;
#2767 = CYLINDRICAL_SURFACE ( 'NONE', #62, 1.149999999999999467 ) ;
#2768 = B_SPLINE_CURVE_WITH_KNOTS ( 'NONE', 3,
 ( #2356, #2798, #577, #2089 ),
 .UNSPECIFIED., .F., .F.,
 ( 4, 4 ),
 ( 0.001896062720229871844, 0.003429218052215726037 ),
 .UNSPECIFIED. ) ;
#2769 = DIRECTION ( 'NONE',  ( -0.000000000000000000, 0.000000000000000000, 1.000000000000000000 ) ) ;
#2770 = CARTESIAN_POINT ( 'NONE',  ( 2.137762229265268044, -2.472847073946707219, -1.018791825736229617 ) ) ;
#2771 = DIRECTION ( 'NONE',  ( 0.000000000000000000, 0.000000000000000000, 1.000000000000000000 ) ) ;
#2772 = ADVANCED_FACE ( 'NONE', ( #929 ), #3226, .F. ) ;
#2773 = AXIS2_PLACEMENT_3D ( 'NONE', #2273, #1974, #2988 ) ;
#2774 = CIRCLE ( 'NONE', #1453, 0.6499999999999998002 ) ;
#2775 = ADVANCED_FACE ( 'NONE', ( #2203, #1627 ), #2639, .F. ) ;
#2776 = EDGE_LOOP ( 'NONE', ( #629, #1822 ) ) ;
#2777 = CONICAL_SURFACE ( 'NONE', #932, 3.450000000000000178, 0.7853981633974485010 ) ;
#2778 = DIRECTION ( 'NONE',  ( -0.000000000000000000, -0.000000000000000000, 1.000000000000000000 ) ) ;
#2779 = ORIENTED_EDGE ( 'NONE', *, *, #1388, .T. ) ;
#2780 = CARTESIAN_POINT ( 'NONE',  ( 2.137762229265267599, -2.472847073946707663, -2.000000000000000000 ) ) ;
#2781 = ORIENTED_EDGE ( 'NONE', *, *, #1968, .T. ) ;
#2782 = LINE ( 'NONE', #2764, #3269 ) ;
#2783 = VERTEX_POINT ( 'NONE', #3254 ) ;
#2784 = CYLINDRICAL_SURFACE ( 'NONE', #2130, 0.6499999999999995781 ) ;
#2785 = CARTESIAN_POINT ( 'NONE',  ( 0.000000000000000000, 0.000000000000000000, 0.5000000000000000000 ) ) ;
#2786 = CARTESIAN_POINT ( 'NONE',  ( 1.518084448865854474, 2.549906360053583843, -0.7172636057202801396 ) ) ;
#2787 = AXIS2_PLACEMENT_3D ( 'NONE', #158, #2958, #2704 ) ;
#2788 = FACE_OUTER_BOUND ( 'NONE', #3037, .T. ) ;
#2789 = CARTESIAN_POINT ( 'NONE',  ( -0.4452295670629069502, 2.130977364039968958, 5.738022289709435064 ) ) ;
#2790 = DIRECTION ( 'NONE',  ( 1.000000000000000000, -7.542275982507859119E-16, 0.000000000000000000 ) ) ;
#2791 = ORIENTED_EDGE ( 'NONE', *, *, #497, .F. ) ;
#2792 = CARTESIAN_POINT ( 'NONE',  ( 0.000000000000000000, 0.000000000000000000, 1.300000000000000044 ) ) ;
#2793 = VERTEX_POINT ( 'NONE', #1024 ) ;
#2794 = DIRECTION ( 'NONE',  ( -1.000000000000000000, 0.000000000000000000, 0.000000000000000000 ) ) ;
#2795 = ORIENTED_EDGE ( 'NONE', *, *, #810, .T. ) ;
#2796 = DIRECTION ( 'NONE',  ( 1.000000000000000000, 0.000000000000000000, 0.000000000000000000 ) ) ;
#2797 = ORIENTED_EDGE ( 'NONE', *, *, #518, .F. ) ;
#2798 = CARTESIAN_POINT ( 'NONE',  ( 2.257343478143060800, -1.650000000000000355, -0.5329096292467979668 ) ) ;
#2799 = FACE_OUTER_BOUND ( 'NONE', #3141, .T. ) ;
#2800 = ADVANCED_FACE ( 'NONE', ( #213 ), #2280, .T. ) ;
#2801 = ADVANCED_FACE ( 'NONE', ( #450 ), #689, .F. ) ;
#2802 = CARTESIAN_POINT ( 'NONE',  ( -0.4454102463291067515, 2.130942551025390763, 6.261737445085648446 ) ) ;
#2803 = ADVANCED_FACE ( 'NONE', ( #2760 ), #501, .T. ) ;
#2804 = CARTESIAN_POINT ( 'NONE',  ( 1.850000000000000311, -2.672077843177476986, 0.5000000000000000000 ) ) ;
#2805 = VERTEX_POINT ( 'NONE', #1240 ) ;
#2806 = FACE_OUTER_BOUND ( 'NONE', #3109, .T. ) ;
#2807 = VECTOR ( 'NONE', #2498, 1000.000000000000000 ) ;
#2808 = APPROVAL_PERSON_ORGANIZATION ( #2325, #3077, #580 ) ;
#2809 = VERTEX_POINT ( 'NONE', #3273 ) ;
#2810 = DIRECTION ( 'NONE',  ( -0.000000000000000000, -0.000000000000000000, -1.000000000000000000 ) ) ;
#2811 = VERTEX_POINT ( 'NONE', #994 ) ;
#2812 = PLANE ( 'NONE',  #2492 ) ;
#2813 = AXIS2_PLACEMENT_3D ( 'NONE', #630, #2389, #2167 ) ;
#2814 = EDGE_CURVE ( 'NONE', #1981, #446, #2250, .T. ) ;
#2815 = EDGE_LOOP ( 'NONE', ( #2943, #1438, #1916, #1658 ) ) ;
#2816 = CARTESIAN_POINT ( 'NONE',  ( 1.467736486486485470, -1.605108907905100857, 4.623208822354686554 ) ) ;
#2817 = EDGE_LOOP ( 'NONE', ( #1181, #2269, #2545, #3209 ) ) ;
#2818 = CARTESIAN_POINT ( 'NONE',  ( 2.137762229265268044, -2.472847073946707219, 1.187263407503507562 ) ) ;
#2819 = CYLINDRICAL_SURFACE ( 'NONE', #2827, 3.450000000000000178 ) ;
#2820 = LINE ( 'NONE', #818, #609 ) ;
#2821 = DIRECTION ( 'NONE',  ( -1.000000000000000000, 0.000000000000000000, 0.000000000000000000 ) ) ;
#2822 = VERTEX_POINT ( 'NONE', #2742 ) ;
#2823 = CYLINDRICAL_SURFACE ( 'NONE', #1615, 3.450000000000000178 ) ;
#2824 = AXIS2_PLACEMENT_3D ( 'NONE', #2785, #489, #1762 ) ;
#2825 = VERTEX_POINT ( 'NONE', #1516 ) ;
#2826 = CARTESIAN_POINT ( 'NONE',  ( 0.3500000000000009215, 3.432200460346102933, -1.199999999999999734 ) ) ;
#2827 = AXIS2_PLACEMENT_3D ( 'NONE', #2573, #1312, #3146 ) ;
#2828 = ORIENTED_EDGE ( 'NONE', *, *, #485, .T. ) ;
#2829 = CARTESIAN_POINT ( 'NONE',  ( 0.3162204075934798575, -3.094668195327689997, -0.8607679143496227425 ) ) ;
#2830 = ADVANCED_FACE ( 'NONE', ( #2012 ), #1257, .T. ) ;
#2831 = AXIS2_PLACEMENT_3D ( 'NONE', #2620, #2868, #1291 ) ;
#2832 = VERTEX_POINT ( 'NONE', #1984 ) ;
#2833 = CARTESIAN_POINT ( 'NONE',  ( -3.029851481508623934, 1.649999999999999911, -2.000000000000000000 ) ) ;
#2834 = ORIENTED_EDGE ( 'NONE', *, *, #3199, .T. ) ;
#2835 = CYLINDRICAL_SURFACE ( 'NONE', #1127, 2.174999999999999822 ) ;
#2836 = VECTOR ( 'NONE', #515, 1000.000000000000000 ) ;
#2837 = DIRECTION ( 'NONE',  ( 0.5692307692307688738, -0.8221777979007626191, 0.000000000000000000 ) ) ;
#2838 = CARTESIAN_POINT ( 'NONE',  ( -0.4999999999999997780, -1.500000000000000000, 6.000000000000000000 ) ) ;
#2839 = VERTEX_POINT ( 'NONE', #1212 ) ;
#2840 = CARTESIAN_POINT ( 'NONE',  ( 3.029851481508623490, -1.650000000000000133, -1.199999999999999734 ) ) ;
#2841 = CIRCLE ( 'NONE', #1414, 3.450000000000000178 ) ;
#2842 = CARTESIAN_POINT ( 'NONE',  ( -1.557432432432432678, 1.623854740550273901, 0.5000000000000004441 ) ) ;
#2843 = ORIENTED_EDGE ( 'NONE', *, *, #2625, .T. ) ;
#2844 = EDGE_CURVE ( 'NONE', #471, #779, #2981, .T. ) ;
#2845 = EDGE_CURVE ( 'NONE', #653, #536, #707, .T. ) ;
#2846 = DIRECTION ( 'NONE',  ( 1.000000000000000000, 0.000000000000000000, 0.000000000000000000 ) ) ;
#2847 = ORIENTED_EDGE ( 'NONE', *, *, #3298, .F. ) ;
#2848 = CARTESIAN_POINT ( 'NONE',  ( 0.05706034457347136657, -2.900089958553294878, -0.6501008156030003704 ) ) ;
#2849 = ORIENTED_EDGE ( 'NONE', *, *, #2560, .F. ) ;
#2850 = CARTESIAN_POINT ( 'NONE',  ( 1.562237770734733022, 2.871308612408246752, 1.187263407503507562 ) ) ;
#2851 = EDGE_LOOP ( 'NONE', ( #3302, #178, #63, #396, #2609, #927, #1260, #2085 ) ) ;
#2852 = DIRECTION ( 'NONE',  ( 0.000000000000000000, 0.000000000000000000, 1.000000000000000000 ) ) ;
#2853 = DIRECTION ( 'NONE',  ( -0.000000000000000000, -0.000000000000000000, -1.000000000000000000 ) ) ;
#2854 = CARTESIAN_POINT ( 'NONE',  ( 3.029851481508624378, 1.650000000000000577, -1.199999999999999734 ) ) ;
#2855 = PERSON_AND_ORGANIZATION ( #626, #3191 ) ;
#2856 = ORIENTED_EDGE ( 'NONE', *, *, #945, .F. ) ;
#2857 = CARTESIAN_POINT ( 'NONE',  ( 0.2387228233149885359, 2.990303320177029267, -0.7497101123789654542 ) ) ;
#2858 = ADVANCED_FACE ( 'NONE', ( #1487 ), #2530, .F. ) ;
#2859 = DIRECTION ( 'NONE',  ( 0.9659258262890697555, 0.000000000000000000, -0.2588190451025155214 ) ) ;
#2860 = ORIENTED_EDGE ( 'NONE', *, *, #2959, .F. ) ;
#2861 = DIRECTION ( 'NONE',  ( -1.000000000000000000, -8.673617379884029556E-16, 0.000000000000000000 ) ) ;
#2862 = ORIENTED_EDGE ( 'NONE', *, *, #1089, .T. ) ;
#2863 = DIRECTION ( 'NONE',  ( 1.470104640658311740E-16, -1.000000000000000000, 0.000000000000000000 ) ) ;
#2864 = EDGE_CURVE ( 'NONE', #1321, #3087, #1898, .T. ) ;
#2865 = EDGE_CURVE ( 'NONE', #113, #2765, #1755, .T. ) ;
#2866 = ADVANCED_FACE ( 'NONE', ( #1454, #480 ), #1500, .T. ) ;
#2867 = ORIENTED_EDGE ( 'NONE', *, *, #2522, .F. ) ;
#2868 = DIRECTION ( 'NONE',  ( -0.000000000000000000, -0.000000000000000000, -1.000000000000000000 ) ) ;
#2869 = CIRCLE ( 'NONE', #3250, 3.450000000000000178 ) ;
#2870 = ORIENTED_EDGE ( 'NONE', *, *, #167, .T. ) ;
#2871 = CARTESIAN_POINT ( 'NONE',  ( -0.6499999999999995781, 3.250000000000000000, 1.300000000000000044 ) ) ;
#2872 = CARTESIAN_POINT ( 'NONE',  ( -0.4999999999999995559, -2.116748686074943819, 6.000000000000000000 ) ) ;
#2873 = ADVANCED_FACE ( 'NONE', ( #1271 ), #199, .F. ) ;
#2874 = CARTESIAN_POINT ( 'NONE',  ( 0.9000000000000003553, -1.980056817366612432, 6.000000000000000000 ) ) ;
#2875 = PERSON_AND_ORGANIZATION ( #626, #3191 ) ;
#2876 = VERTEX_POINT ( 'NONE', #1723 ) ;
#2877 = DIRECTION ( 'NONE',  ( -0.000000000000000000, -1.000000000000000000, 0.000000000000000000 ) ) ;
#2878 = CARTESIAN_POINT ( 'NONE',  ( -1.750245360732263666, -1.650000000000000133, -0.1544646193955432623 ) ) ;
#2879 = EDGE_CURVE ( 'NONE', #779, #881, #182, .T. ) ;
#2880 = DIRECTION ( 'NONE',  ( -4.565061778886335030E-16, 1.000000000000000000, -0.000000000000000000 ) ) ;
#2881 = ORIENTED_EDGE ( 'NONE', *, *, #1671, .F. ) ;
#2882 = DIRECTION ( 'NONE',  ( -1.000000000000000000, 0.000000000000000000, 0.000000000000000000 ) ) ;
#2883 = VECTOR ( 'NONE', #1450, 1000.000000000000000 ) ;
#2884 = EDGE_CURVE ( 'NONE', #866, #2170, #1578, .T. ) ;
#2885 = ORIENTED_EDGE ( 'NONE', *, *, #3211, .T. ) ;
#2886 = CYLINDRICAL_SURFACE ( 'NONE', #387, 3.450000000000000178 ) ;
#2887 = ORIENTED_EDGE ( 'NONE', *, *, #1151, .F. ) ;
#2888 = CARTESIAN_POINT ( 'NONE',  ( -1.850000000000000311, -2.672077843177476986, 1.300000000000000044 ) ) ;
#2889 = CARTESIAN_POINT ( 'NONE',  ( -1.652647848824539079, 1.641009564853913139, -0.07828823125573203257 ) ) ;
#2890 = CIRCLE ( 'NONE', #1404, 0.6499999999999995781 ) ;
#2891 = CARTESIAN_POINT ( 'NONE',  ( -2.241476337462281254, -2.622648247210571881, -2.000000000000000000 ) ) ;
#2892 = AXIS2_PLACEMENT_3D ( 'NONE', #3008, #528, #2022 ) ;
#2893 = DIRECTION ( 'NONE',  ( 1.000000000000000000, 0.000000000000000000, 0.000000000000000000 ) ) ;
#2894 = CARTESIAN_POINT ( 'NONE',  ( -0.8758341209553720530, 1.991468212887505418, 6.238235713159570928 ) ) ;
#2895 = DIRECTION ( 'NONE',  ( -0.000000000000000000, -0.000000000000000000, -1.000000000000000000 ) ) ;
#2896 = CARTESIAN_POINT ( 'NONE',  ( 2.797034420842418712, -2.019677808122552598, 0.5000000000000000000 ) ) ;
#2897 = AXIS2_PLACEMENT_3D ( 'NONE', #3285, #724, #1742 ) ;
#2898 = CIRCLE ( 'NONE', #1514, 2.174999999999999822 ) ;
#2899 = VERTEX_POINT ( 'NONE', #554 ) ;
#2900 = DIRECTION ( 'NONE',  ( -0.000000000000000000, -0.000000000000000000, -1.000000000000000000 ) ) ;
#2901 = ORIENTED_EDGE ( 'NONE', *, *, #2473, .F. ) ;
#2902 = DIRECTION ( 'NONE',  ( -0.000000000000000000, 0.000000000000000000, 1.000000000000000000 ) ) ;
#2903 = ORIENTED_EDGE ( 'NONE', *, *, #484, .F. ) ;
#2904 = LINE ( 'NONE', #1691, #2922 ) ;
#2905 = DIRECTION ( 'NONE',  ( 1.000000000000000000, 0.000000000000000000, 0.000000000000000000 ) ) ;
#2906 = COORDINATED_UNIVERSAL_TIME_OFFSET ( 0, 0, .AHEAD. ) ;
#2907 = LINE ( 'NONE', #2955, #3301 ) ;
#2908 = CARTESIAN_POINT ( 'NONE',  ( 1.604716556485387358, -2.416091340363487383, -0.6498999197330501687 ) ) ;
#2909 = EDGE_CURVE ( 'NONE', #1376, #1209, #519, .T. ) ;
#2910 = EDGE_CURVE ( 'NONE', #2443, #2832, #571, .T. ) ;
#2911 = EDGE_CURVE ( 'NONE', #3189, #1189, #1569, .T. ) ;
#2912 = CYLINDRICAL_SURFACE ( 'NONE', #2201, 1.650000000000000133 ) ;
#2913 = EDGE_LOOP ( 'NONE', ( #212, #1952, #2691, #1362, #2271 ) ) ;
#2914 = DIRECTION ( 'NONE',  ( -1.000000000000000000, 0.000000000000000000, 0.000000000000000000 ) ) ;
#2915 = ORIENTED_EDGE ( 'NONE', *, *, #2189, .F. ) ;
#2916 = CIRCLE ( 'NONE', #3241, 0.6499999999999993561 ) ;
#2917 = CYLINDRICAL_SURFACE ( 'NONE', #1298, 0.8999999999999996891 ) ;
#2918 = VERTEX_POINT ( 'NONE', #2098 ) ;
#2919 = CARTESIAN_POINT ( 'NONE',  ( -1.467736486486485914, -1.605108907905100413, 4.623208822354684777 ) ) ;
#2920 = EDGE_CURVE ( 'NONE', #543, #372, #1837, .T. ) ;
#2921 = LOCAL_TIME ( 11, 33, 42.00000000000000000, #1070 ) ;
#2922 = VECTOR ( 'NONE', #869, 1000.000000000000000 ) ;
#2923 = DIRECTION ( 'NONE',  ( -1.000000000000000000, 0.000000000000000000, 0.000000000000000000 ) ) ;
#2924 = CARTESIAN_POINT ( 'NONE',  ( 1.557432432432432234, 1.623854740550274567, 0.5000000000000004441 ) ) ;
#2925 = CYLINDRICAL_SURFACE ( 'NONE', #2026, 1.149999999999999467 ) ;
#2926 = CARTESIAN_POINT ( 'NONE',  ( -0.3500000000000009215, -3.432200460346102933, -1.199999999999999734 ) ) ;
#2927 = ORIENTED_EDGE ( 'NONE', *, *, #904, .F. ) ;
#2928 = CARTESIAN_POINT ( 'NONE',  ( 1.850000000000000311, 2.672077843177476986, 1.300000000000000044 ) ) ;
#2929 = VERTEX_POINT ( 'NONE', #3070 ) ;
#2930 = CARTESIAN_POINT ( 'NONE',  ( -1.108172715006623843, -1.885435571217153772, 4.719553644550199323 ) ) ;
#2931 = ORIENTED_EDGE ( 'NONE', *, *, #518, .T. ) ;
#2932 = LINE ( 'NONE', #2952, #2180 ) ;
#2933 = CIRCLE ( 'NONE', #2141, 0.6499999999999993561 ) ;
#2934 = VECTOR ( 'NONE', #1428, 1000.000000000000000 ) ;
#2935 = CARTESIAN_POINT ( 'NONE',  ( 0.000000000000000000, 3.250000000000000000, 0.5000000000000000000 ) ) ;
#2936 = EDGE_LOOP ( 'NONE', ( #1292, #2432, #2232, #2903 ) ) ;
#2937 = CARTESIAN_POINT ( 'NONE',  ( -0.6344884488436142167, 3.391153846153846629, 1.300000000000000044 ) ) ;
#2938 = CIRCLE ( 'NONE', #1667, 1.149999999999999467 ) ;
#2939 = CARTESIAN_POINT ( 'NONE',  ( -0.3500000000000009215, -3.432200460346102933, -1.199999999999999734 ) ) ;
#2940 = CARTESIAN_POINT ( 'NONE',  ( -1.850000000000000311, 2.672077843177476986, -2.000000000000000000 ) ) ;
#2941 = CARTESIAN_POINT ( 'NONE',  ( 1.665951878931745789, 3.021109785672111858, -1.199999999999999734 ) ) ;
#2942 = AXIS2_PLACEMENT_3D ( 'NONE', #2245, #3294, #462 ) ;
#2943 = ORIENTED_EDGE ( 'NONE', *, *, #3200, .F. ) ;
#2944 = CARTESIAN_POINT ( 'NONE',  ( 1.850000000000000311, -2.672077843177476986, 0.5000000000000000000 ) ) ;
#2945 = EDGE_CURVE ( 'NONE', #72, #180, #2297, .T. ) ;
#2946 = ADVANCED_FACE ( 'NONE', ( #3103 ), #1060, .F. ) ;
#2947 = ORIENTED_EDGE ( 'NONE', *, *, #2363, .T. ) ;
#2948 = EDGE_CURVE ( 'NONE', #3122, #3035, #992, .T. ) ;
#2949 = AXIS2_PLACEMENT_3D ( 'NONE', #2113, #923, #1666 ) ;
#2950 = DIRECTION ( 'NONE',  ( -1.000000000000000000, 0.000000000000000000, 0.000000000000000000 ) ) ;
#2951 = ORIENTED_EDGE ( 'NONE', *, *, #2661, .T. ) ;
#2952 = CARTESIAN_POINT ( 'NONE',  ( 3.029851481508623934, -1.650000000000000355, -2.000000000000000000 ) ) ;
#2953 = FACE_OUTER_BOUND ( 'NONE', #2038, .T. ) ;
#2954 = VERTEX_POINT ( 'NONE', #1531 ) ;
#2955 = CARTESIAN_POINT ( 'NONE',  ( -0.9000000000000073497, 1.500000000000000000, 1.195160282462253821E-15 ) ) ;
#2956 = CARTESIAN_POINT ( 'NONE',  ( 1.983640831103969493, -2.345674716367014412, -0.8218713630599637776 ) ) ;
#2957 = CARTESIAN_POINT ( 'NONE',  ( -2.377121316667876627, 1.650000000000000133, -0.2501455524838661626 ) ) ;
#2958 = DIRECTION ( 'NONE',  ( 2.940209281316622988E-16, -1.000000000000000000, 0.000000000000000000 ) ) ;
#2959 = EDGE_CURVE ( 'NONE', #552, #28, #2841, .T. ) ;
#2960 = ORIENTED_EDGE ( 'NONE', *, *, #1583, .T. ) ;
#2961 = LINE ( 'NONE', #2293, #2295 ) ;
#2962 = ORIENTED_EDGE ( 'NONE', *, *, #2009, .T. ) ;
#2963 = DIRECTION ( 'NONE',  ( 0.000000000000000000, 0.000000000000000000, 1.000000000000000000 ) ) ;
#2964 = ORIENTED_EDGE ( 'NONE', *, *, #1110, .F. ) ;
#2965 = FACE_OUTER_BOUND ( 'NONE', #2970, .T. ) ;
#2966 = EDGE_CURVE ( 'NONE', #2929, #530, #3276, .T. ) ;
#2967 = CC_DESIGN_PERSON_AND_ORGANIZATION_ASSIGNMENT ( #2124, #309, ( #2382 ) ) ;
#2968 = CIRCLE ( 'NONE', #367, 0.6499999999999993561 ) ;
#2969 = CARTESIAN_POINT ( 'NONE',  ( -1.500000000000000222, 2.672077843177476986, -2.000000000000000000 ) ) ;
#2970 = EDGE_LOOP ( 'NONE', ( #1593, #2495, #3089, #1422 ) ) ;
#2971 = DIRECTION ( 'NONE',  ( 1.000000000000000000, 0.000000000000000000, 0.000000000000000000 ) ) ;
#2972 = CARTESIAN_POINT ( 'NONE',  ( 0.9000000000000005773, -1.500000000000000000, 4.775333355422418435 ) ) ;
#2973 = CC_DESIGN_APPROVAL ( #259, ( #2382 ) ) ;
#2974 = EDGE_CURVE ( 'NONE', #1626, #119, #2614, .T. ) ;
#2975 = DIRECTION ( 'NONE',  ( 1.000000000000000000, 0.000000000000000000, 0.000000000000000000 ) ) ;
#2976 = CARTESIAN_POINT ( 'NONE',  ( -1.500000000000000222, -2.672077843177476986, -2.000000000000000000 ) ) ;
#2977 = AXIS2_PLACEMENT_3D ( 'NONE', #2888, #1149, #2402 ) ;
#2978 = ORIENTED_EDGE ( 'NONE', *, *, #1007, .F. ) ;
#2979 = CARTESIAN_POINT ( 'NONE',  ( -1.467736486486485914, -1.605108907905100413, 1.300000000000000044 ) ) ;
#2980 = ORIENTED_EDGE ( 'NONE', *, *, #2910, .T. ) ;
#2981 = LINE ( 'NONE', #3238, #1740 ) ;
#2982 = ORIENTED_EDGE ( 'NONE', *, *, #650, .T. ) ;
#2983 = CARTESIAN_POINT ( 'NONE',  ( -1.849999999999999867, -1.650000000000000133, 1.300000000000000044 ) ) ;
#2984 = ORIENTED_EDGE ( 'NONE', *, *, #2217, .T. ) ;
#2985 = DIRECTION ( 'NONE',  ( 0.8221777979007616199, 0.5692307692307703171, -0.000000000000000000 ) ) ;
#2986 = ORIENTED_EDGE ( 'NONE', *, *, #1524, .T. ) ;
#2987 = DIRECTION ( 'NONE',  ( 0.000000000000000000, 0.000000000000000000, 1.000000000000000000 ) ) ;
#2988 = DIRECTION ( 'NONE',  ( 1.000000000000000000, 0.000000000000000000, 0.000000000000000000 ) ) ;
#2989 = AXIS2_PLACEMENT_3D ( 'NONE', #3061, #1277, #1265 ) ;
#2990 = CARTESIAN_POINT ( 'NONE',  ( 1.631385467262914224, -2.971183222029714077, -1.139588519289088220 ) ) ;
#2991 = AXIS2_PLACEMENT_3D ( 'NONE', #614, #1630, #2140 ) ;
#2992 = CARTESIAN_POINT ( 'NONE',  ( 2.168404344971008868E-15, -1.500000000000000000, 5.016487628610423855 ) ) ;
#2993 = PLANE ( 'NONE',  #117 ) ;
#2994 = EDGE_CURVE ( 'NONE', #2185, #2602, #186, .T. ) ;
#2995 = AXIS2_PLACEMENT_3D ( 'NONE', #3127, #102, #1163 ) ;
#2996 = AXIS2_PLACEMENT_3D ( 'NONE', #720, #1004, #3249 ) ;
#2997 = ORIENTED_EDGE ( 'NONE', *, *, #2994, .F. ) ;
#2998 = ORIENTED_EDGE ( 'NONE', *, *, #1245, .T. ) ;
#2999 = DIRECTION ( 'NONE',  ( 1.000000000000000000, 0.000000000000000000, 0.000000000000000000 ) ) ;
#3000 = EDGE_LOOP ( 'NONE', ( #2583, #32, #3126, #1506 ) ) ;
#3001 = LINE ( 'NONE', #1757, #95 ) ;
#3002 = EDGE_CURVE ( 'NONE', #1530, #2218, #828, .T. ) ;
#3003 = AXIS2_PLACEMENT_3D ( 'NONE', #1472, #2484, #242 ) ;
#3004 = CARTESIAN_POINT ( 'NONE',  ( -1.850000000000000311, -2.672077843177476986, 1.300000000000000044 ) ) ;
#3005 = ORIENTED_EDGE ( 'NONE', *, *, #1739, .F. ) ;
#3006 = CYLINDRICAL_SURFACE ( 'NONE', #1179, 0.5000000000000003331 ) ;
#3007 = DIRECTION ( 'NONE',  ( -0.000000000000000000, -0.000000000000000000, 1.000000000000000000 ) ) ;
#3008 = CARTESIAN_POINT ( 'NONE',  ( 0.000000000000000000, 0.000000000000000000, 1.300000000000000044 ) ) ;
#3009 = DIRECTION ( 'NONE',  ( -0.000000000000000000, -0.000000000000000000, -1.000000000000000000 ) ) ;
#3010 = LINE ( 'NONE', #255, #496 ) ;
#3011 = EDGE_CURVE ( 'NONE', #1325, #267, #1304, .T. ) ;
#3012 = EDGE_CURVE ( 'NONE', #378, #2612, #1040, .T. ) ;
#3013 = AXIS2_PLACEMENT_3D ( 'NONE', #2400, #2446, #1147 ) ;
#3014 = EDGE_CURVE ( 'NONE', #1612, #2097, #1358, .T. ) ;
#3015 = EDGE_CURVE ( 'NONE', #866, #446, #2641, .T. ) ;
#3016 = ORIENTED_EDGE ( 'NONE', *, *, #2219, .F. ) ;
#3017 = CARTESIAN_POINT ( 'NONE',  ( 1.850000000000000311, -2.672077843177476986, 0.5000000000000000000 ) ) ;
#3018 = ORIENTED_EDGE ( 'NONE', *, *, #3098, .T. ) ;
#3019 = CARTESIAN_POINT ( 'NONE',  ( -0.3500000000000009215, -3.250000000000000000, 1.187263407503507562 ) ) ;
#3020 = ORIENTED_EDGE ( 'NONE', *, *, #2659, .T. ) ;
#3021 = FACE_OUTER_BOUND ( 'NONE', #2851, .T. ) ;
#3022 = EDGE_CURVE ( 'NONE', #1918, #2445, #1816, .T. ) ;
#3023 = CARTESIAN_POINT ( 'NONE',  ( 1.408686796762323334, -3.149301749376757886, 0.5000000000000000000 ) ) ;
#3024 = CARTESIAN_POINT ( 'NONE',  ( 0.4999999999999992784, 2.116748686074943819, 6.000000000000000000 ) ) ;
#3025 = VECTOR ( 'NONE', #3072, 1000.000000000000000 ) ;
#3026 = CARTESIAN_POINT ( 'NONE',  ( -1.500000000000000222, -2.672077843177476986, -0.8143106892089118087 ) ) ;
#3027 = CARTESIAN_POINT ( 'NONE',  ( -1.254121907152578874, -3.437307692307693952, 4.680446676378717363 ) ) ;
#3028 = B_SPLINE_CURVE_WITH_KNOTS ( 'NONE', 3,
 ( #2744, #3240, #3034, #710 ),
 .UNSPECIFIED., .F., .F.,
 ( 4, 4 ),
 ( 2.488717854766457626E-07, 0.0003726460059676317939 ),
 .UNSPECIFIED. ) ;
#3029 = AXIS2_PLACEMENT_3D ( 'NONE', #1775, #2536, #1276 ) ;
#3030 = VERTEX_POINT ( 'NONE', #3050 ) ;
#3031 = DIRECTION ( 'NONE',  ( -1.000000000000000000, 0.000000000000000000, 0.000000000000000000 ) ) ;
#3032 = AXIS2_PLACEMENT_3D ( 'NONE', #3195, #645, #171 ) ;
#3033 = ORIENTED_EDGE ( 'NONE', *, *, #1150, .T. ) ;
#3034 = CARTESIAN_POINT ( 'NONE',  ( 1.652647848824538634, 1.641009564853913805, -0.07828823125573190767 ) ) ;
#3035 = VERTEX_POINT ( 'NONE', #2826 ) ;
#3036 = DIRECTION ( 'NONE',  ( -0.5692307692307703171, 0.8221777979007616199, 0.000000000000000000 ) ) ;
#3037 = EDGE_LOOP ( 'NONE', ( #1113, #2862, #296, #2887 ) ) ;
#3038 = CARTESIAN_POINT ( 'NONE',  ( 0.3500000000000009215, -3.250000000000000000, -1.018791825736230061 ) ) ;
#3039 = CARTESIAN_POINT ( 'NONE',  ( -0.8999999999999992450, -1.980056817366613098, 6.000000000000000000 ) ) ;
#3040 = CARTESIAN_POINT ( 'NONE',  ( 1.898445715727502314, 2.322672636044508465, -0.7497104074025180420 ) ) ;
#3041 = DIRECTION ( 'NONE',  ( 4.565061778886335030E-16, -1.000000000000000000, 0.000000000000000000 ) ) ;
#3042 = AXIS2_PLACEMENT_3D ( 'NONE', #1704, #1281, #1962 ) ;
#3043 = CARTESIAN_POINT ( 'NONE',  ( -1.626241421892660188, 2.399371129465411201, -0.6482254453620055479 ) ) ;
#3044 = B_SPLINE_CURVE_WITH_KNOTS ( 'NONE', 3,
 ( #1752, #2275, #2494, #442, #2045, #750, #1237, #2789, #2754, #1497 ),
 .UNSPECIFIED., .F., .F.,
 ( 4, 2, 2, 2, 4 ),
 ( 0.001568477751540047187, 0.001960492313274098380, 0.002352506875008149572, 0.002744521436742200764, 0.003136535998476251957 ),
 .UNSPECIFIED. ) ;
#3045 = VECTOR ( 'NONE', #2394, 1000.000000000000000 ) ;
#3046 = CLOSED_SHELL ( 'NONE', ( #548, #2519, #2423, #1738, #2421, #770, #154, #325, #2277, #2946, #1873, #3097, #1692, #2699, #2801, #111, #1835, #2027, #1208, #1426, #2258, #2873, #906, #858, #68, #897, #844, #2558, #1592, #550, #34, #1923, #3121, #3119, #2660, #1693, #2858, #2772, #2605, #1970, #300, #956, #1591, #1647, #1327, #2533, #2803, #1103, #196, #1791, #763, #2775, #348, #2458, #1604, #3259, #1436, #595, #864, #2830, #195, #1390, #2176, #96, #144, #314, #3120, #2866, #736, #402, #2329, #3162, #1238, #2133, #1297, #2800, #3297, #1339, #2719, #1282, #2433, #444, #773, #198, #694, #597, #2419, #1446, #54, #916, #1523, #1973 ) ) ;
#3047 = AXIS2_PLACEMENT_3D ( 'NONE', #2534, #1759, #2796 ) ;
#3048 = VERTEX_POINT ( 'NONE', #775 ) ;
#3049 = AXIS2_PLACEMENT_3D ( 'NONE', #2243, #2769, #308 ) ;
#3050 = CARTESIAN_POINT ( 'NONE',  ( 1.408686796762323334, 3.149301749376757886, 0.5000000000000000000 ) ) ;
#3051 = VERTEX_POINT ( 'NONE', #2081 ) ;
#3052 = CARTESIAN_POINT ( 'NONE',  ( 0.3500000000000009215, -3.250000000000000000, -1.018791825736230061 ) ) ;
#3053 = EDGE_CURVE ( 'NONE', #1272, #957, #955, .T. ) ;
#3054 = EDGE_CURVE ( 'NONE', #1325, #2549, #3248, .T. ) ;
#3055 = AXIS2_PLACEMENT_3D ( 'NONE', #1204, #1925, #1652 ) ;
#3056 = EDGE_CURVE ( 'NONE', #2204, #165, #3225, .T. ) ;
#3057 = EDGE_LOOP ( 'NONE', ( #2984, #1460, #2565, #2693, #2154 ) ) ;
#3058 = CARTESIAN_POINT ( 'NONE',  ( 0.000000000000000000, 0.000000000000000000, 5.972877042869646935 ) ) ;
#3059 = ORIENTED_EDGE ( 'NONE', *, *, #2814, .F. ) ;
#3060 = DIRECTION ( 'NONE',  ( -0.000000000000000000, -0.000000000000000000, 1.000000000000000000 ) ) ;
#3061 = CARTESIAN_POINT ( 'NONE',  ( 0.000000000000000000, 0.000000000000000000, -2.000000000000000000 ) ) ;
#3062 = DIRECTION ( 'NONE',  ( 1.000000000000000000, 0.000000000000000000, 0.000000000000000000 ) ) ;
#3063 = VECTOR ( 'NONE', #3009, 1000.000000000000000 ) ;
#3064 = DIRECTION ( 'NONE',  ( -0.000000000000000000, -0.000000000000000000, -1.000000000000000000 ) ) ;
#3065 = CARTESIAN_POINT ( 'NONE',  ( 1.849999999999999645, 1.650000000000000577, 0.5000000000000000000 ) ) ;
#3066 = CARTESIAN_POINT ( 'NONE',  ( -0.9000000000000010214, 1.980056817366612432, 4.775333355422418435 ) ) ;
#3067 = AXIS2_PLACEMENT_3D ( 'NONE', #83, #3086, #297 ) ;
#3068 = EDGE_CURVE ( 'NONE', #2401, #1395, #1220, .T. ) ;
#3069 = VERTEX_POINT ( 'NONE', #719 ) ;
#3070 = CARTESIAN_POINT ( 'NONE',  ( -2.452011428089749590, 2.426961053770182009, 1.300000000000000044 ) ) ;
#3071 = ORIENTED_EDGE ( 'NONE', *, *, #3211, .F. ) ;
#3072 = DIRECTION ( 'NONE',  ( 0.000000000000000000, 0.000000000000000000, 1.000000000000000000 ) ) ;
#3073 = ORIENTED_EDGE ( 'NONE', *, *, #98, .T. ) ;
#3074 = LINE ( 'NONE', #31, #551 ) ;
#3075 = ORIENTED_EDGE ( 'NONE', *, *, #1283, .F. ) ;
#3076 = DIRECTION ( 'NONE',  ( 1.000000000000000000, 0.000000000000000000, 0.000000000000000000 ) ) ;
#3077 = APPROVAL ( #38, 'UNSPECIFIED' ) ;
#3078 = DIRECTION ( 'NONE',  ( -4.565061778886335030E-16, 1.000000000000000000, -0.000000000000000000 ) ) ;
#3079 = DIRECTION ( 'NONE',  ( -0.000000000000000000, -0.000000000000000000, 1.000000000000000000 ) ) ;
#3080 = DIRECTION ( 'NONE',  ( -4.565061778886335030E-16, 1.000000000000000000, -0.000000000000000000 ) ) ;
#3081 = VERTEX_POINT ( 'NONE', #1465 ) ;
#3082 = CARTESIAN_POINT ( 'NONE',  ( -2.241476337462280810, -2.622648247210571437, -1.199999999999999734 ) ) ;
#3083 = CIRCLE ( 'NONE', #1650, 3.450000000000000178 ) ;
#3084 = LOCAL_TIME ( 11, 33, 42.00000000000000000, #2906 ) ;
#3085 = ORIENTED_EDGE ( 'NONE', *, *, #2911, .F. ) ;
#3086 = DIRECTION ( 'NONE',  ( -0.000000000000000000, 0.000000000000000000, 1.000000000000000000 ) ) ;
#3087 = VERTEX_POINT ( 'NONE', #393 ) ;
#3088 = CARTESIAN_POINT ( 'NONE',  ( 0.2033495328634011834, -2.960616679366733006, -0.7172634991252500036 ) ) ;
#3089 = ORIENTED_EDGE ( 'NONE', *, *, #802, .T. ) ;
#3090 = DIRECTION ( 'NONE',  ( 0.000000000000000000, -0.000000000000000000, -1.000000000000000000 ) ) ;
#3091 = ORIENTED_EDGE ( 'NONE', *, *, #2362, .T. ) ;
#3092 = FACE_OUTER_BOUND ( 'NONE', #2936, .T. ) ;
#3093 = CARTESIAN_POINT ( 'NONE',  ( 0.000000000000000000, 0.000000000000000000, 1.300000000000000044 ) ) ;
#3094 = CARTESIAN_POINT ( 'NONE',  ( 0.4554666065295409072, -2.129591062997461037, 6.785029892380511463 ) ) ;
#3095 = VERTEX_POINT ( 'NONE', #701 ) ;
#3096 = DIRECTION ( 'NONE',  ( -0.000000000000000000, 0.000000000000000000, 1.000000000000000000 ) ) ;
#3097 = ADVANCED_FACE ( 'NONE', ( #2676 ), #191, .F. ) ;
#3098 = EDGE_CURVE ( 'NONE', #1985, #1741, #217, .T. ) ;
#3099 = DIRECTION ( 'NONE',  ( 0.000000000000000000, 0.000000000000000000, 1.000000000000000000 ) ) ;
#3100 = PRODUCT ( 'OLY014_01921-', 'OLY014_01921-', '', ( #1123 ) ) ;
#3101 = AXIS2_PLACEMENT_3D ( 'NONE', #2672, #2717, #110 ) ;
#3102 = ORIENTED_EDGE ( 'NONE', *, *, #2216, .F. ) ;
#3103 = FACE_OUTER_BOUND ( 'NONE', #3299, .T. ) ;
#3104 = CIRCLE ( 'NONE', #1621, 2.250000000000000444 ) ;
#3105 = ORIENTED_EDGE ( 'NONE', *, *, #246, .T. ) ;
#3106 = CARTESIAN_POINT ( 'NONE',  ( 0.5000000000000008882, -1.500000000000000000, 6.000000000000000000 ) ) ;
#3107 = CIRCLE ( 'NONE', #2359, 3.450000000000000178 ) ;
#3108 = ORIENTED_EDGE ( 'NONE', *, *, #403, .F. ) ;
#3109 = EDGE_LOOP ( 'NONE', ( #92, #101, #162, #385 ) ) ;
#3110 = CARTESIAN_POINT ( 'NONE',  ( 1.200000000000001066, 2.672077843177476986, 0.5000000000000000000 ) ) ;
#3111 = AXIS2_PLACEMENT_3D ( 'NONE', #1958, #3247, #3182 ) ;
#3112 = CARTESIAN_POINT ( 'NONE',  ( 2.137762229265268044, -2.472847073946707219, 1.187263407503507562 ) ) ;
#3113 = EDGE_CURVE ( 'NONE', #3230, #1918, #1206, .T. ) ;
#3114 = CARTESIAN_POINT ( 'NONE',  ( 2.425672657086213903E-16, -1.649999999999999911, 0.5000000000000000000 ) ) ;
#3115 = ORIENTED_EDGE ( 'NONE', *, *, #412, .T. ) ;
#3116 = DIRECTION ( 'NONE',  ( 1.000000000000000000, -2.940209281316622988E-16, 0.000000000000000000 ) ) ;
#3117 = AXIS2_PLACEMENT_3D ( 'NONE', #2477, #1960, #2229 ) ;
#3118 = CARTESIAN_POINT ( 'NONE',  ( 2.452011428089749145, 2.426961053770182009, 1.300000000000000044 ) ) ;
#3119 = ADVANCED_FACE ( 'NONE', ( #649 ), #1112, .F. ) ;
#3120 = ADVANCED_FACE ( 'NONE', ( #973, #1417 ), #441, .F. ) ;
#3121 = ADVANCED_FACE ( 'NONE', ( #1735 ), #1976, .F. ) ;
#3122 = VERTEX_POINT ( 'NONE', #2941 ) ;
#3123 = DIRECTION ( 'NONE',  ( -0.000000000000000000, 0.000000000000000000, 1.000000000000000000 ) ) ;
#3124 = VERTEX_POINT ( 'NONE', #2992 ) ;
#3125 = CARTESIAN_POINT ( 'NONE',  ( 0.3432436499090996129, -3.170582668652099478, -0.9390940866578006974 ) ) ;
#3126 = ORIENTED_EDGE ( 'NONE', *, *, #55, .T. ) ;
#3127 = CARTESIAN_POINT ( 'NONE',  ( 4.958798357315283816E-16, -1.500000000000000000, 6.000000000000000000 ) ) ;
#3128 = ORIENTED_EDGE ( 'NONE', *, *, #1284, .T. ) ;
#3129 = CARTESIAN_POINT ( 'NONE',  ( -1.522350861747073125, 2.813697301198104128, -0.9491230606484125643 ) ) ;
#3130 = CARTESIAN_POINT ( 'NONE',  ( 1.850000000000000311, 2.672077843177476986, 0.5000000000000000000 ) ) ;
#3131 = CARTESIAN_POINT ( 'NONE',  ( -1.665951878931745567, -3.021109785672111858, -2.000000000000000000 ) ) ;
#3132 = EDGE_CURVE ( 'NONE', #2809, #2602, #2736, .T. ) ;
#3133 = PERSON_AND_ORGANIZATION ( #626, #3191 ) ;
#3134 = ORIENTED_EDGE ( 'NONE', *, *, #1245, .F. ) ;
#3135 = DIRECTION ( 'NONE',  ( 0.5692307692307695399, 0.8221777979007620640, 0.000000000000000000 ) ) ;
#3136 = CARTESIAN_POINT ( 'NONE',  ( 1.254121907152582205, -1.500000000000000000, 4.680446676378717363 ) ) ;
#3137 = AXIS2_PLACEMENT_3D ( 'NONE', #691, #1242, #1456 ) ;
#3138 = DIRECTION ( 'NONE',  ( -1.000000000000000000, -8.673617379884029556E-16, 0.000000000000000000 ) ) ;
#3139 = ORIENTED_EDGE ( 'NONE', *, *, #2517, .F. ) ;
#3140 = CARTESIAN_POINT ( 'NONE',  ( -0.5000000000000002220, -2.116748686074951813, 6.131976418827132846 ) ) ;
#3141 = EDGE_LOOP ( 'NONE', ( #2221, #2224, #1754, #695 ) ) ;
#3142 = CARTESIAN_POINT ( 'NONE',  ( -0.6663250314817400488, 1.096873080482511753, 5.195028882692593442 ) ) ;
#3143 = VECTOR ( 'NONE', #1906, 1000.000000000000000 ) ;
#3144 = ORIENTED_EDGE ( 'NONE', *, *, #1389, .F. ) ;
#3145 = FACE_OUTER_BOUND ( 'NONE', #1393, .T. ) ;
#3146 = DIRECTION ( 'NONE',  ( -1.000000000000000000, 0.000000000000000000, 0.000000000000000000 ) ) ;
#3147 = LINE ( 'NONE', #3114, #1249 ) ;
#3148 = DATE_AND_TIME ( #290, #3084 ) ;
#3149 = ORIENTED_EDGE ( 'NONE', *, *, #2084, .F. ) ;
#3150 = VECTOR ( 'NONE', #1991, 1000.000000000000000 ) ;
#3151 = CARTESIAN_POINT ( 'NONE',  ( -2.206909925793449911, -2.572721683568174544, -1.139588519289088886 ) ) ;
#3152 = CARTESIAN_POINT ( 'NONE',  ( 0.000000000000000000, 0.000000000000000000, -2.000000000000000000 ) ) ;
#3153 = ORIENTED_EDGE ( 'NONE', *, *, #36, .F. ) ;
#3154 = CARTESIAN_POINT ( 'NONE',  ( 3.029851481508623490, 1.650000000000000133, -2.000000000000000000 ) ) ;
#3155 = CIRCLE ( 'NONE', #2668, 2.174999999999999822 ) ;
#3156 = EDGE_LOOP ( 'NONE', ( #847, #1573, #1961, #449 ) ) ;
#3157 = AXIS2_PLACEMENT_3D ( 'NONE', #2642, #3163, #106 ) ;
#3158 = CARTESIAN_POINT ( 'NONE',  ( -1.850000000000000311, 2.672077843177476986, -2.000000000000000000 ) ) ;
#3159 = ORIENTED_EDGE ( 'NONE', *, *, #2509, .T. ) ;
#3160 = CARTESIAN_POINT ( 'NONE',  ( -1.850000000000000311, 1.650000000000000133, 0.5000000000000000000 ) ) ;
#3161 = EDGE_CURVE ( 'NONE', #806, #1130, #831, .T. ) ;
#3162 = ADVANCED_FACE ( 'NONE', ( #670 ), #1947, .F. ) ;
#3163 = DIRECTION ( 'NONE',  ( -0.000000000000000000, -1.000000000000000000, 0.000000000000000000 ) ) ;
#3164 = EDGE_CURVE ( 'NONE', #894, #285, #1943, .T. ) ;
#3165 = VECTOR ( 'NONE', #248, 1000.000000000000000 ) ;
#3166 = CARTESIAN_POINT ( 'NONE',  ( -1.665951878931745789, 3.021109785672111414, -1.199999999999999734 ) ) ;
#3167 = APPROVAL_STATUS ( 'not_yet_approved' ) ;
#3168 = CARTESIAN_POINT ( 'NONE',  ( 1.665951878931745345, -3.021109785672111414, -1.199999999999999734 ) ) ;
#3169 = FACE_OUTER_BOUND ( 'NONE', #51, .T. ) ;
#3170 = FACE_OUTER_BOUND ( 'NONE', #430, .T. ) ;
#3171 = AXIS2_PLACEMENT_3D ( 'NONE', #3158, #882, #898 ) ;
#3172 = EDGE_CURVE ( 'NONE', #3069, #2450, #2209, .T. ) ;
#3173 = ORIENTED_EDGE ( 'NONE', *, *, #57, .F. ) ;
#3174 = DIRECTION ( 'NONE',  ( -0.8221777979007616199, 0.5692307692307703171, 0.000000000000000000 ) ) ;
#3175 = VERTEX_POINT ( 'NONE', #1562 ) ;
#3176 = CARTESIAN_POINT ( 'NONE',  ( -1.849999999999999867, -1.650000000000000133, 0.5000000000000000000 ) ) ;
#3177 = ORIENTED_EDGE ( 'NONE', *, *, #1368, .T. ) ;
#3178 = CARTESIAN_POINT ( 'NONE',  ( 2.137762229265269820, 2.472847073946711660, -1.018791825736230061 ) ) ;
#3179 = DIRECTION ( 'NONE',  ( 1.000000000000000000, -0.000000000000000000, -0.000000000000000000 ) ) ;
#3180 = CARTESIAN_POINT ( 'NONE',  ( -1.665951878931745789, 3.021109785672111414, -1.199999999999999734 ) ) ;
#3181 = CARTESIAN_POINT ( 'NONE',  ( -0.3249999999999997335, -2.000000000000000000, -0.5000000000000000000 ) ) ;
#3182 = DIRECTION ( 'NONE',  ( 1.000000000000000000, 0.000000000000000000, 0.000000000000000000 ) ) ;
#3183 = EDGE_CURVE ( 'NONE', #1626, #127, #2525, .T. ) ;
#3184 = ORIENTED_EDGE ( 'NONE', *, *, #2365, .T. ) ;
#3185 = DIRECTION ( 'NONE',  ( -0.5692307692307703171, -0.8221777979007616199, 0.000000000000000000 ) ) ;
#3186 = ORIENTED_EDGE ( 'NONE', *, *, #1671, .T. ) ;
#3187 = AXIS2_PLACEMENT_3D ( 'NONE', #335, #1114, #2384 ) ;
#3188 = CARTESIAN_POINT ( 'NONE',  ( -0.8999999999999992450, -1.980056817366613098, 4.775333355422418435 ) ) ;
#3189 = VERTEX_POINT ( 'NONE', #2044 ) ;
#3190 = CARTESIAN_POINT ( 'NONE',  ( -1.850000000000000311, 2.672077843177476986, 0.5000000000000000000 ) ) ;
#3191 = ORGANIZATION ( 'UNSPECIFIED', 'UNSPECIFIED', '' ) ;
#3192 = VECTOR ( 'NONE', #1939, 1000.000000000000000 ) ;
#3193 = DIRECTION ( 'NONE',  ( -0.000000000000000000, -0.000000000000000000, -1.000000000000000000 ) ) ;
#3194 = ORIENTED_EDGE ( 'NONE', *, *, #1243, .F. ) ;
#3195 = CARTESIAN_POINT ( 'NONE',  ( 0.000000000000000000, -2.000000000000000000, -0.5000000000000000000 ) ) ;
#3196 = CARTESIAN_POINT ( 'NONE',  ( -1.850000000000000311, 0.000000000000000000, 0.5000000000000000000 ) ) ;
#3197 = CARTESIAN_POINT ( 'NONE',  ( 2.452011428089749145, -2.426961053770182009, 1.300000000000000044 ) ) ;
#3198 = CARTESIAN_POINT ( 'NONE',  ( 1.557432432432432012, -1.623854740550274123, 0.000000000000000000 ) ) ;
#3199 = EDGE_CURVE ( 'NONE', #1499, #1316, #23, .T. ) ;
#3200 = EDGE_CURVE ( 'NONE', #467, #3051, #1512, .T. ) ;
#3201 = ORIENTED_EDGE ( 'NONE', *, *, #706, .T. ) ;
#3202 = FACE_OUTER_BOUND ( 'NONE', #1703, .T. ) ;
#3203 = ORIENTED_EDGE ( 'NONE', *, *, #1846, .T. ) ;
#3204 = DIRECTION ( 'NONE',  ( -0.000000000000000000, 0.000000000000000000, 1.000000000000000000 ) ) ;
#3205 = VERTEX_POINT ( 'NONE', #2770 ) ;
#3206 = DIRECTION ( 'NONE',  ( 1.000000000000000000, 0.000000000000000000, 0.000000000000000000 ) ) ;
#3207 = CIRCLE ( 'NONE', #1820, 3.450000000000000178 ) ;
#3208 = CARTESIAN_POINT ( 'NONE',  ( -1.562237770734733910, 2.871308612408247196, -1.018791825736229839 ) ) ;
#3209 = ORIENTED_EDGE ( 'NONE', *, *, #3221, .F. ) ;
#3210 = DIRECTION ( 'NONE',  ( 1.000000000000000000, 1.470104640658311740E-16, 0.000000000000000000 ) ) ;
#3211 = EDGE_CURVE ( 'NONE', #398, #3030, #1545, .T. ) ;
#3212 = VECTOR ( 'NONE', #1821, 1000.000000000000000 ) ;
#3213 = DIRECTION ( 'NONE',  ( -0.000000000000000000, -0.000000000000000000, 1.000000000000000000 ) ) ;
#3214 = AXIS2_PLACEMENT_3D ( 'NONE', #1054, #1330, #326 ) ;
#3215 = B_SPLINE_CURVE_WITH_KNOTS ( 'NONE', 3,
 ( #2524, #1993, #785, #513, #765, #1266, #2786, #2538, #1763, #1034, #733, #222, #3040, #1251, #1796, #460 ),
 .UNSPECIFIED., .F., .F.,
 ( 4, 2, 2, 2, 2, 2, 2, 4 ),
 ( 3.382533391468186464E-07, 0.0001684237299304947467, 0.0003365092065218426771, 0.0005045946831131907159, 0.0006726801597045385921, 0.0008407656362958864683, 0.001008851112887234561, 0.001345022066069930314 ),
 .UNSPECIFIED. ) ;
#3216 = CARTESIAN_POINT ( 'NONE',  ( 1.200000000000001066, 2.672077843177476986, 1.300000000000000044 ) ) ;
#3217 = DIRECTION ( 'NONE',  ( 0.000000000000000000, 0.000000000000000000, 1.000000000000000000 ) ) ;
#3218 = VECTOR ( 'NONE', #1764, 1000.000000000000000 ) ;
#3219 = EDGE_CURVE ( 'NONE', #3087, #1275, #2474, .T. ) ;
#3220 = EDGE_CURVE ( 'NONE', #2236, #17, #3267, .T. ) ;
#3221 = EDGE_CURVE ( 'NONE', #3048, #2809, #621, .T. ) ;
#3222 = EDGE_LOOP ( 'NONE', ( #1955, #1164, #2102, #2779, #2502, #592, #499, #1805, #2997, #1618, #947, #627, #1302, #557, #761, #607, #3203, #104, #826, #2065, #218, #2951, #789, #2683, #3251, #170, #2234, #2465, #2715, #243, #1432, #84, #291, #1255, #200 ) ) ;
#3223 = CARTESIAN_POINT ( 'NONE',  ( -1.742105790026240442, 2.336638637194360157, -0.6643569807002416283 ) ) ;
#3224 = ORIENTED_EDGE ( 'NONE', *, *, #1350, .T. ) ;
#3225 = CIRCLE ( 'NONE', #3117, 3.450000000000000178 ) ;
#3226 = CYLINDRICAL_SURFACE ( 'NONE', #1155, 0.6499999999999993561 ) ;
#3227 = EDGE_LOOP ( 'NONE', ( #44, #2947, #517, #2385 ) ) ;
#3228 = CARTESIAN_POINT ( 'NONE',  ( -3.029851481508623490, -1.650000000000000577, -1.199999999999999734 ) ) ;
#3229 = CARTESIAN_POINT ( 'NONE',  ( 0.000000000000000000, 0.000000000000000000, 0.5000000000000000000 ) ) ;
#3230 = VERTEX_POINT ( 'NONE', #2539 ) ;
#3231 = CARTESIAN_POINT ( 'NONE',  ( 0.000000000000000000, 0.000000000000000000, 0.5000000000000004441 ) ) ;
#3232 = CARTESIAN_POINT ( 'NONE',  ( 2.114822839898218287, -2.439714190669024507, -0.9787245713504528766 ) ) ;
#3233 = CARTESIAN_POINT ( 'NONE',  ( 1.467736486486485914, -1.605108907905100413, 1.300000000000000044 ) ) ;
#3234 = DIRECTION ( 'NONE',  ( 1.000000000000000000, 0.000000000000000000, 0.000000000000000000 ) ) ;
#3235 = EDGE_LOOP ( 'NONE', ( #1098, #1730, #2435, #1556 ) ) ;
#3236 = DIRECTION ( 'NONE',  ( 1.000000000000000000, 0.000000000000000000, 0.000000000000000000 ) ) ;
#3237 = VERTEX_POINT ( 'NONE', #2307 ) ;
#3238 = CARTESIAN_POINT ( 'NONE',  ( 4.799999999999999822, 1.650000000000000355, -2.000000000000000000 ) ) ;
#3239 = VERTEX_POINT ( 'NONE', #1003 ) ;
#3240 = CARTESIAN_POINT ( 'NONE',  ( 1.750245360732263222, 1.650000000000000577, -0.1544646193955432067 ) ) ;
#3241 = AXIS2_PLACEMENT_3D ( 'NONE', #14, #2051, #792 ) ;
#3242 = EDGE_LOOP ( 'NONE', ( #2117, #1905, #2214, #2067 ) ) ;
#3243 = CARTESIAN_POINT ( 'NONE',  ( 2.241476337462281254, -2.622648247210572325, -2.000000000000000000 ) ) ;
#3244 = VERTEX_POINT ( 'NONE', #1780 ) ;
#3245 = CARTESIAN_POINT ( 'NONE',  ( 1.850000000000000311, -1.650000000000000355, -2.000000000000000000 ) ) ;
#3246 = DIRECTION ( 'NONE',  ( -0.8221777979007620640, 0.5692307692307695399, 0.000000000000000000 ) ) ;
#3247 = DIRECTION ( 'NONE',  ( 0.000000000000000000, 0.000000000000000000, 1.000000000000000000 ) ) ;
#3248 = LINE ( 'NONE', #684, #1784 ) ;
#3249 = DIRECTION ( 'NONE',  ( 1.000000000000000000, 0.000000000000000000, 0.000000000000000000 ) ) ;
#3250 = AXIS2_PLACEMENT_3D ( 'NONE', #931, #915, #1133 ) ;
#3251 = ORIENTED_EDGE ( 'NONE', *, *, #2575, .F. ) ;
#3252 = DIRECTION ( 'NONE',  ( 1.000000000000000000, 0.000000000000000000, 0.000000000000000000 ) ) ;
#3253 = ORIENTED_EDGE ( 'NONE', *, *, #2757, .T. ) ;
#3254 = CARTESIAN_POINT ( 'NONE',  ( 0.6344884488436142167, 3.391153846153846629, 1.300000000000000044 ) ) ;
#3255 = ORIENTED_EDGE ( 'NONE', *, *, #1982, .T. ) ;
#3256 = CARTESIAN_POINT ( 'NONE',  ( 0.6499999999999995781, 3.250000000000000000, 1.300000000000000044 ) ) ;
#3257 = EDGE_CURVE ( 'NONE', #975, #1950, #2898, .T. ) ;
#3258 = DIRECTION ( 'NONE',  ( -1.000000000000000000, 0.000000000000000000, 0.000000000000000000 ) ) ;
#3259 = ADVANCED_FACE ( 'NONE', ( #2788 ), #2244, .F. ) ;
#3260 = ORIENTED_EDGE ( 'NONE', *, *, #1058, .T. ) ;
#3261 = DIRECTION ( 'NONE',  ( -1.000000000000000000, 0.000000000000000000, 0.000000000000000000 ) ) ;
#3262 = EDGE_CURVE ( 'NONE', #1789, #229, #1527, .T. ) ;
#3263 = DIRECTION ( 'NONE',  ( -0.5692307692307695399, -0.8221777979007620640, 0.000000000000000000 ) ) ;
#3264 = AXIS2_PLACEMENT_3D ( 'NONE', #1547, #941, #2557 ) ;
#3265 = DIRECTION ( 'NONE',  ( -0.000000000000000000, -0.000000000000000000, 1.000000000000000000 ) ) ;
#3266 = CIRCLE ( 'NONE', #2031, 0.3500000000000002554 ) ;
#3267 = LINE ( 'NONE', #734, #181 ) ;
#3268 = LINE ( 'NONE', #1021, #1510 ) ;
#3269 = VECTOR ( 'NONE', #1745, 1000.000000000000000 ) ;
#3270 = AXIS2_PLACEMENT_3D ( 'NONE', #2230, #2723, #1036 ) ;
#3271 = ORIENTED_EDGE ( 'NONE', *, *, #3, .F. ) ;
#3272 = EDGE_CURVE ( 'NONE', #70, #1981, #22, .T. ) ;
#3273 = CARTESIAN_POINT ( 'NONE',  ( -0.3500000000000009215, -3.250000000000000000, -2.000000000000000000 ) ) ;
#3274 = ORIENTED_EDGE ( 'NONE', *, *, #1770, .F. ) ;
#3275 = LINE ( 'NONE', #230, #2118 ) ;
#3276 = CIRCLE ( 'NONE', #623, 3.450000000000000178 ) ;
#3277 = CARTESIAN_POINT ( 'NONE',  ( 0.6499999999999995781, -3.250000000000000000, 1.300000000000000044 ) ) ;
#3278 = ORIENTED_EDGE ( 'NONE', *, *, #1945, .T. ) ;
#3279 = CARTESIAN_POINT ( 'NONE',  ( -1.467736486486486136, 1.605108907905100413, 1.300000000000000044 ) ) ;
#3280 = LINE ( 'NONE', #783, #2561 ) ;
#3281 = CARTESIAN_POINT ( 'NONE',  ( -0.1311456481488112447, 2.174987948563915197, 6.499947576249057946 ) ) ;
#3282 = DIRECTION ( 'NONE',  ( 0.000000000000000000, 0.000000000000000000, 1.000000000000000000 ) ) ;
#3283 = FACE_OUTER_BOUND ( 'NONE', #969, .T. ) ;
#3284 = ORIENTED_EDGE ( 'NONE', *, *, #505, .F. ) ;
#3285 = CARTESIAN_POINT ( 'NONE',  ( 0.000000000000000000, 0.000000000000000000, -2.000000000000000000 ) ) ;
#3286 = ORIENTED_EDGE ( 'NONE', *, *, #360, .F. ) ;
#3287 = CARTESIAN_POINT ( 'NONE',  ( -0.3500000000000009215, 3.310742676744782731, -1.079185301351973880 ) ) ;
#3288 = ORIENTED_EDGE ( 'NONE', *, *, #1424, .T. ) ;
#3289 = CARTESIAN_POINT ( 'NONE',  ( 1.850000000000000311, -1.650000000000000355, -2.000000000000000000 ) ) ;
#3290 = ORIENTED_EDGE ( 'NONE', *, *, #2625, .F. ) ;
#3291 = CARTESIAN_POINT ( 'NONE',  ( 0.8754266835093391652, 1.991641936510184285, 6.239390907009656928 ) ) ;
#3292 = FACE_OUTER_BOUND ( 'NONE', #24, .T. ) ;
#3293 = CARTESIAN_POINT ( 'NONE',  ( 0.000000000000000000, 0.000000000000000000, -1.199999999999999734 ) ) ;
#3294 = DIRECTION ( 'NONE',  ( -0.000000000000000000, 0.000000000000000000, 1.000000000000000000 ) ) ;
#3295 = LOCAL_TIME ( 11, 33, 42.00000000000000000, #58 ) ;
#3296 = AXIS2_PLACEMENT_3D ( 'NONE', #643, #1919, #401 ) ;
#3297 = ADVANCED_FACE ( 'NONE', ( #1496 ), #209, .F. ) ;
#3298 = EDGE_CURVE ( 'NONE', #1789, #957, #107, .T. ) ;
#3299 = EDGE_LOOP ( 'NONE', ( #2700, #721, #610, #1075 ) ) ;
#3300 = DIRECTION ( 'NONE',  ( -0.000000000000000000, -0.000000000000000000, -1.000000000000000000 ) ) ;
#3301 = VECTOR ( 'NONE', #2687, 1000.000000000000000 ) ;
#3302 = ORIENTED_EDGE ( 'NONE', *, *, #3257, .T. ) ;
#3303 = CARTESIAN_POINT ( 'NONE',  ( 0.2956743210644752762, -3.057709726793814031, -0.8218699395925408435 ) ) ;
#3304 = ORIENTED_EDGE ( 'NONE', *, *, #2164, .F. ) ;
#3305 = DIRECTION ( 'NONE',  ( -1.000000000000000000, -8.673617379884029556E-16, 0.000000000000000000 ) ) ;
#3306 = ORIENTED_EDGE ( 'NONE', *, *, #2529, .F. ) ;
#3307 = CYLINDRICAL_SURFACE ( 'NONE', #1073, 2.250000000000000444 ) ;
ENDSEC;
END-ISO-10303-21;
