ISO-10303-21;
HEADER;
FILE_DESCRIPTION (( 'STEP AP203' ),
    '1' );
FILE_NAME ('OLY014_01297-A.step',
    '2025-10-16T12:14:05',
    ( '' ),
    ( '' ),
    'SwSTEP 2.0',
    'SolidWorks 2022',
    '' );
FILE_SCHEMA (( 'CONFIG_CONTROL_DESIGN' ));
ENDSEC;

DATA;
#1 = DIRECTION ( 'NONE',  ( 0.000000000000000000, -1.000000000000000000, -8.850629979473499848E-17 ) ) ;
#2 = DIRECTION ( 'NONE',  ( 1.000000000000000000, 0.000000000000000000, 0.000000000000000000 ) ) ;
#3 = CARTESIAN_POINT ( 'NONE',  ( -2.999999999999997335, 7.952986860293433935, 14.80000000000000071 ) ) ;
#4 = ORIENTED_EDGE ( 'NONE', *, *, #457, .F. ) ;
#5 = EDGE_LOOP ( 'NONE', ( #998, #1288, #400, #821 ) ) ;
#6 = FACE_OUTER_BOUND ( 'NONE', #1531, .T. ) ;
#7 = VERTEX_POINT ( 'NONE', #1226 ) ;
#8 = EDGE_CURVE ( 'NONE', #77, #360, #342, .T. ) ;
#9 = EDGE_CURVE ( 'NONE', #516, #1712, #1140, .T. ) ;
#10 = CARTESIAN_POINT ( 'NONE',  ( 0.000000000000000000, -1.261386203121774116E-15, 10.30000000000000071 ) ) ;
#11 = PERSON_AND_ORGANIZATION_ROLE ( 'design_owner' ) ;
#12 = DIRECTION ( 'NONE',  ( 0.000000000000000000, -1.224646799147353454E-16, 1.000000000000000000 ) ) ;
#13 = EDGE_LOOP ( 'NONE', ( #59, #581, #1170, #548 ) ) ;
#14 = ORIENTED_EDGE ( 'NONE', *, *, #772, .F. ) ;
#15 = CARTESIAN_POINT ( 'NONE',  ( 3.000000000000001776, 7.952986860293433935, 11.30000000000000071 ) ) ;
#16 = B_SPLINE_CURVE_WITH_KNOTS ( 'NONE', 3,
 ( #924, #1460, #1198, #262 ),
 .UNSPECIFIED., .F., .F.,
 ( 4, 4 ),
 ( 0.000000000000000000, 0.0006117363758275268541 ),
 .UNSPECIFIED. ) ;
#17 = ORIENTED_EDGE ( 'NONE', *, *, #825, .T. ) ;
#18 = AXIS2_PLACEMENT_3D ( 'NONE', #1695, #1550, #343 ) ;
#19 = CIRCLE ( 'NONE', #507, 10.00000000000000178 ) ;
#20 = CARTESIAN_POINT ( 'NONE',  ( 3.105693589122757725, 7.912406576772958111, 11.07464840802085249 ) ) ;
#21 = CONICAL_SURFACE ( 'NONE', #755, 2.000000000000001332, 0.7853981633974473908 ) ;
#22 = FACE_OUTER_BOUND ( 'NONE', #802, .T. ) ;
#23 = CONICAL_SURFACE ( 'NONE', #813, 2.000000000000000888, 0.7853981633974466137 ) ;
#24 = CARTESIAN_POINT ( 'NONE',  ( -3.053987058288978762, -7.647512257315954187, 11.75268326888112469 ) ) ;
#25 = VECTOR ( 'NONE', #358, 1000.000000000000000 ) ;
#26 = ORIENTED_EDGE ( 'NONE', *, *, #1520, .T. ) ;
#27 = ORIENTED_EDGE ( 'NONE', *, *, #896, .F. ) ;
#28 = CARTESIAN_POINT ( 'NONE',  ( -2.903641871419019527, 7.886349040251087850, 14.46689717442451339 ) ) ;
#29 = CC_DESIGN_APPROVAL ( #1246, ( #911 ) ) ;
#30 = EDGE_LOOP ( 'NONE', ( #1320, #567, #1143, #1258 ) ) ;
#31 = EDGE_CURVE ( 'NONE', #988, #1497, #898, .T. ) ;
#32 = DIRECTION ( 'NONE',  ( 0.000000000000000000, 0.000000000000000000, 1.000000000000000000 ) ) ;
#33 = DATE_AND_TIME ( #166, #985 ) ;
#34 = DIRECTION ( 'NONE',  ( 0.000000000000000000, 1.000000000000000000, 8.673617379884034239E-17 ) ) ;
#35 = EDGE_LOOP ( 'NONE', ( #556, #1421, #199, #1228 ) ) ;
#36 = ORIENTED_EDGE ( 'NONE', *, *, #999, .F. ) ;
#37 = CARTESIAN_POINT ( 'NONE',  ( -3.053987091394434916, 7.647508479212201671, 11.75268882317884156 ) ) ;
#38 = EDGE_LOOP ( 'NONE', ( #163, #895, #1427, #1018 ) ) ;
#39 = FACE_OUTER_BOUND ( 'NONE', #673, .T. ) ;
#40 = EDGE_CURVE ( 'NONE', #364, #1654, #560, .T. ) ;
#41 = CARTESIAN_POINT ( 'NONE',  ( -3.780039054568380852, 7.257686952346324105, 10.84929555348775843 ) ) ;
#42 = DATE_AND_TIME ( #609, #489 ) ;
#43 = DIRECTION ( 'NONE',  ( 0.8660254037844425934, 0.000000000000000000, 0.4999999999999932276 ) ) ;
#44 = ORIENTED_EDGE ( 'NONE', *, *, #235, .F. ) ;
#45 = CARTESIAN_POINT ( 'NONE',  ( -3.764775761157990175, 6.966996534938131980, 11.30610102300155262 ) ) ;
#46 = PERSON ( 'UNSPECIFIED', 'UNSPECIFIED', 'UNSPECIFIED', ('UNSPECIFIED'), ('UNSPECIFIED'), ('UNSPECIFIED') ) ;
#47 = CARTESIAN_POINT ( 'NONE',  ( -3.412912646225313207, 7.785325452246737221, 10.46646165733491607 ) ) ;
#48 = PRODUCT_DEFINITION ( 'UNKNOWN', '', #911, #1002 ) ;
#49 = TOROIDAL_SURFACE ( 'NONE', #1439, 8.800000000000002487, 0.2999999999999999889 ) ;
#50 = CARTESIAN_POINT ( 'NONE',  ( 3.056496822687872594, -8.310076143963398110, 10.71875228184145179 ) ) ;
#51 = PERSON_AND_ORGANIZATION_ROLE ( 'classification_officer' ) ;
#52 = CIRCLE ( 'NONE', #1727, 9.800000000000006040 ) ;
#53 = CARTESIAN_POINT ( 'NONE',  ( -2.499726660517334942, 4.536967860350169524, 4.527257184916178338E-18 ) ) ;
#54 = DIRECTION ( 'NONE',  ( -1.000000000000000000, 0.000000000000000000, 0.000000000000000000 ) ) ;
#55 = VECTOR ( 'NONE', #276, 1000.000000000000114 ) ;
#56 = FACE_OUTER_BOUND ( 'NONE', #38, .T. ) ;
#57 = CIRCLE ( 'NONE', #377, 8.500000000000001776 ) ;
#58 = PLANE ( 'NONE',  #515 ) ;
#59 = ORIENTED_EDGE ( 'NONE', *, *, #1001, .F. ) ;
#60 = CARTESIAN_POINT ( 'NONE',  ( -3.339548250484339675, 7.816735268689197547, 10.55750663877218365 ) ) ;
#61 = TOROIDAL_SURFACE ( 'NONE', #1556, 1.700000000000001066, 0.2999999999999999889 ) ;
#62 = LOCAL_TIME ( 13, 14, 5.000000000000000000, #1277 ) ;
#63 = DIRECTION ( 'NONE',  ( 1.000000000000000000, 0.000000000000000000, 0.000000000000000000 ) ) ;
#64 = SECURITY_CLASSIFICATION_LEVEL ( 'unclassified' ) ;
#65 = DIRECTION ( 'NONE',  ( 0.000000000000000000, -1.224646799147356905E-16, 1.000000000000000000 ) ) ;
#66 = EDGE_CURVE ( 'NONE', #1570, #1119, #1070, .T. ) ;
#67 = CARTESIAN_POINT ( 'NONE',  ( 3.000000000000002665, 7.952986860293432159, 11.30000000000000071 ) ) ;
#68 = EDGE_CURVE ( 'NONE', #156, #836, #977, .T. ) ;
#69 = DIRECTION ( 'NONE',  ( -0.000000000000000000, 1.224646799147353207E-16, -1.000000000000000000 ) ) ;
#70 = ORIENTED_EDGE ( 'NONE', *, *, #1676, .T. ) ;
#71 = DIRECTION ( 'NONE',  ( -0.000000000000000000, 1.000000000000000000, -0.000000000000000000 ) ) ;
#72 = CARTESIAN_POINT ( 'NONE',  ( 0.000000000000000000, -5.755839955992559655E-16, 4.699999999999999289 ) ) ;
#73 = EDGE_LOOP ( 'NONE', ( #1185, #189, #1252, #1218 ) ) ;
#74 = EDGE_CURVE ( 'NONE', #396, #1595, #780, .T. ) ;
#75 = CARTESIAN_POINT ( 'NONE',  ( 3.897114317029979347, -2.249999999999989786, 9.700000000000001066 ) ) ;
#76 = CARTESIAN_POINT ( 'NONE',  ( 0.000000000000000000, -5.388445916248354013E-16, 4.399999999999999467 ) ) ;
#77 = VERTEX_POINT ( 'NONE', #1543 ) ;
#78 = CARTESIAN_POINT ( 'NONE',  ( 3.000000000000002665, 7.952986860293432159, 14.80000000000000071 ) ) ;
#79 = CARTESIAN_POINT ( 'NONE',  ( -2.999999999999997335, 7.952986860293433935, 14.80000000000000071 ) ) ;
#80 = ORIENTED_EDGE ( 'NONE', *, *, #1315, .F. ) ;
#81 = VECTOR ( 'NONE', #1709, 1000.000000000000000 ) ;
#82 = DIRECTION ( 'NONE',  ( -0.000000000000000000, 1.224646799147353454E-16, -1.000000000000000000 ) ) ;
#83 = CIRCLE ( 'NONE', #1240, 2.500000000000003109 ) ;
#84 = CARTESIAN_POINT ( 'NONE',  ( 0.000000000000000000, -1.383850883036509462E-15, 11.30000000000000071 ) ) ;
#85 = AXIS2_PLACEMENT_3D ( 'NONE', #72, #1145, #475 ) ;
#86 = VERTEX_POINT ( 'NONE', #351 ) ;
#87 = ADVANCED_FACE ( 'NONE', ( #1428 ), #1211, .F. ) ;
#88 = CARTESIAN_POINT ( 'NONE',  ( 1.212400331155879505E-15, 9.799999999999997158, 4.700000000000000178 ) ) ;
#89 = B_SPLINE_CURVE_WITH_KNOTS ( 'NONE', 3,
 ( #1065, #1737, #1462, #273 ),
 .UNSPECIFIED., .F., .F.,
 ( 4, 4 ),
 ( 0.000000000000000000, 0.0006117363758275249025 ),
 .UNSPECIFIED. ) ;
#90 = CIRCLE ( 'NONE', #288, 8.500000000000001776 ) ;
#91 = AXIS2_PLACEMENT_3D ( 'NONE', #658, #625, #526 ) ;
#92 = EDGE_CURVE ( 'NONE', #322, #1331, #1706, .T. ) ;
#93 = DIRECTION ( 'NONE',  ( -1.000000000000000000, 0.000000000000000000, 0.000000000000000000 ) ) ;
#94 = VERTEX_POINT ( 'NONE', #1286 ) ;
#95 = CARTESIAN_POINT ( 'NONE',  ( 0.000000000000000000, -1.812477262738083269E-15, 14.80000000000000071 ) ) ;
#96 = CARTESIAN_POINT ( 'NONE',  ( -5.897114317029980235, -2.249999999999990230, 9.700000000000001066 ) ) ;
#97 = ORIENTED_EDGE ( 'NONE', *, *, #675, .T. ) ;
#98 = CARTESIAN_POINT ( 'NONE',  ( -3.222668668973592165, -7.865649404781668963, 10.75322928660879818 ) ) ;
#99 = EDGE_CURVE ( 'NONE', #280, #139, #804, .T. ) ;
#100 = ORIENTED_EDGE ( 'NONE', *, *, #637, .F. ) ;
#101 = CARTESIAN_POINT ( 'NONE',  ( 3.776483378052070794, 7.185560705871610665, 10.96341188785159915 ) ) ;
#102 = CARTESIAN_POINT ( 'NONE',  ( -2.922835737772483622, -3.996648576560255517, 0.5000000000000022204 ) ) ;
#103 = CARTESIAN_POINT ( 'NONE',  ( 3.787121127773641849, 7.400476539238146856, 10.62354238171454845 ) ) ;
#104 = ORIENTED_EDGE ( 'NONE', *, *, #1087, .F. ) ;
#105 = DIRECTION ( 'NONE',  ( -0.000000000000000000, 1.224646799147358138E-16, -1.000000000000000000 ) ) ;
#106 = ADVANCED_FACE ( 'NONE', ( #1020 ), #1041, .F. ) ;
#107 = ORIENTED_EDGE ( 'NONE', *, *, #8, .T. ) ;
#108 = CARTESIAN_POINT ( 'NONE',  ( 3.897114317029979347, -2.249999999999989786, 9.700000000000001066 ) ) ;
#109 = CARTESIAN_POINT ( 'NONE',  ( 4.922617066186346868, -0.5329257117198541449, 0.5000000000000038858 ) ) ;
#110 = AXIS2_PLACEMENT_3D ( 'NONE', #1756, #546, #170 ) ;
#111 = CARTESIAN_POINT ( 'NONE',  ( 0.000000000000000000, -9.184850993605159777E-16, 7.500000000000007105 ) ) ;
#112 = ORIENTED_EDGE ( 'NONE', *, *, #1172, .T. ) ;
#113 = AXIS2_PLACEMENT_3D ( 'NONE', #1309, #517, #366 ) ;
#114 = CARTESIAN_POINT ( 'NONE',  ( -3.105693589122754616, -7.912406576772961664, 11.07464840802085071 ) ) ;
#115 = CONICAL_SURFACE ( 'NONE', #399, 10.00000000000000178, 0.7853981633974569387 ) ;
#116 = CIRCLE ( 'NONE', #91, 0.2999999999999999889 ) ;
#117 = ORIENTED_EDGE ( 'NONE', *, *, #469, .T. ) ;
#118 = APPROVAL_PERSON_ORGANIZATION ( #1146, #1690, #1547 ) ;
#119 = CARTESIAN_POINT ( 'NONE',  ( 3.055706500027399741, 8.090120665879013018, 11.06450962765652335 ) ) ;
#120 = DIRECTION ( 'NONE',  ( -1.000000000000000000, 0.000000000000000000, 0.000000000000000000 ) ) ;
#121 =( BOUNDED_SURFACE ( )  B_SPLINE_SURFACE ( 3, 2, ( 
 ( #1526, #837, #327 ),
 ( #1385, #1668, #462 ),
 ( #1259, #320, #1394 ),
 ( #37, #1253, #45 ) ),
 .UNSPECIFIED., .F., .F., .F. ) 
 B_SPLINE_SURFACE_WITH_KNOTS ( ( 4, 4 ),
 ( 3, 3 ),
 ( 0.01217251162008268356, 0.01340322342146627911 ),
 ( 0.2574447508305259258, 1.000000000000000000 ),
 .UNSPECIFIED. ) 
 GEOMETRIC_REPRESENTATION_ITEM ( )  RATIONAL_B_SPLINE_SURFACE ( (
 ( 0.9359770810095185967, 0.8756569734206249844, 1.000000000000000000),
 ( 0.9368928382056072035, 0.8774355243390925541, 1.000000000000000000),
 ( 0.9378592206197906567, 0.8793123977479813114, 1.000000000000000000),
 ( 0.9388847116471399357, 0.8813040697941989521, 1.000000000000000000) ) ) 
 REPRESENTATION_ITEM ( '' )  SURFACE ( )  );
#122 = EDGE_CURVE ( 'NONE', #1119, #1593, #362, .T. ) ;
#123 = CARTESIAN_POINT ( 'NONE',  ( -3.764984115255199271, 6.970887559628674346, 11.30000000000000071 ) ) ;
#124 = VERTEX_POINT ( 'NONE', #1422 ) ;
#125 = EDGE_CURVE ( 'NONE', #1712, #418, #720, .T. ) ;
#126 = CARTESIAN_POINT ( 'NONE',  ( 1.040949779275250337E-15, -8.500000000000003553, 14.29999999999999893 ) ) ;
#127 = CC_DESIGN_PERSON_AND_ORGANIZATION_ASSIGNMENT ( #1238, #1492, ( #48 ) ) ;
#128 = EDGE_LOOP ( 'NONE', ( #1733, #699, #179, #1745 ) ) ;
#129 = DIRECTION ( 'NONE',  ( -0.7071067811865469066, 0.000000000000000000, -0.7071067811865482389 ) ) ;
#130 = CARTESIAN_POINT ( 'NONE',  ( -3.897114317029979347, -2.249999999999990230, 0.5000000000000022204 ) ) ;
#131 = DIRECTION ( 'NONE',  ( -0.000000000000000000, 1.224646799147353454E-16, -1.000000000000000000 ) ) ;
#132 = ORIENTED_EDGE ( 'NONE', *, *, #9, .F. ) ;
#133 = CARTESIAN_POINT ( 'NONE',  ( 0.000000000000000000, 9.800000000000004263, 7.700000000000000178 ) ) ;
#134 = CARTESIAN_POINT ( 'NONE',  ( 0.000000000000000000, -1.261386203121774116E-15, 10.30000000000000071 ) ) ;
#135 = CARTESIAN_POINT ( 'NONE',  ( 1.212400331155880294E-15, -9.800000000000007816, 7.699999999999998401 ) ) ;
#136 =( NAMED_UNIT ( * ) PLANE_ANGLE_UNIT ( ) SI_UNIT ( $, .RADIAN. ) );
#138 = AXIS2_PLACEMENT_3D ( 'NONE', #471, #1678, #996 ) ;
#137 = LINE ( 'NONE', #672, #703 ) ;
#139 = VERTEX_POINT ( 'NONE', #1132 ) ;
#140 = DIRECTION ( 'NONE',  ( 0.000000000000000000, 1.000000000000000000, 1.224646799147353454E-16 ) ) ;
#141 = AXIS2_PLACEMENT_3D ( 'NONE', #1617, #303, #1208 ) ;
#142 = ADVANCED_FACE ( 'NONE', ( #1658 ), #1410, .T. ) ;
#143 = VECTOR ( 'NONE', #1339, 1000.000000000000000 ) ;
#144 = CIRCLE ( 'NONE', #536, 2.000000000000000888 ) ;
#145 = VECTOR ( 'NONE', #1381, 1000.000000000000000 ) ;
#146 = DIRECTION ( 'NONE',  ( 0.000000000000000000, 1.000000000000000000, 8.673617379884034239E-17 ) ) ;
#147 = APPROVAL_ROLE ( '' ) ;
#148 = VECTOR ( 'NONE', #719, 1000.000000000000000 ) ;
#149 = SECURITY_CLASSIFICATION ( '', '', #64 ) ;
#150 = LINE ( 'NONE', #1090, #1417 ) ;
#151 = EDGE_LOOP ( 'NONE', ( #869, #1312, #1726, #1649 ) ) ;
#152 = DIRECTION ( 'NONE',  ( 0.000000000000000000, -1.000000000000000000, -8.673617379884034239E-17 ) ) ;
#153 = EDGE_CURVE ( 'NONE', #545, #991, #1009, .T. ) ;
#154 = EDGE_LOOP ( 'NONE', ( #188, #1501, #777 ) ) ;
#155 = EDGE_CURVE ( 'NONE', #691, #1078, #1282, .T. ) ;
#156 = VERTEX_POINT ( 'NONE', #737 ) ;
#157 = DIRECTION ( 'NONE',  ( 0.000000000000000000, 0.000000000000000000, 1.000000000000000000 ) ) ;
#158 = DIRECTION ( 'NONE',  ( 0.000000000000000000, 1.000000000000000000, 1.224646799147353454E-16 ) ) ;
#159 = FACE_OUTER_BOUND ( 'NONE', #832, .T. ) ;
#160 = VERTEX_POINT ( 'NONE', #746 ) ;
#161 = VERTEX_POINT ( 'NONE', #614 ) ;
#162 = LINE ( 'NONE', #555, #1239 ) ;
#163 = ORIENTED_EDGE ( 'NONE', *, *, #204, .T. ) ;
#164 = ADVANCED_FACE ( 'NONE', ( #39 ), #1290, .F. ) ;
#165 = DIRECTION ( 'NONE',  ( 0.000000000000000000, -0.7071067811865354713, 0.7071067811865596742 ) ) ;
#166 = CALENDAR_DATE ( 2025, 16, 10 ) ;
#167 = CARTESIAN_POINT ( 'NONE',  ( -3.055706500027241646, -8.090120665879359407, 11.06450962765673651 ) ) ;
#168 = EDGE_LOOP ( 'NONE', ( #1255, #1553, #4, #1080 ) ) ;
#169 = CARTESIAN_POINT ( 'NONE',  ( 3.201688854364293402, -7.548984333442846584, 11.29999999999999538 ) ) ;
#170 = DIRECTION ( 'NONE',  ( -1.000000000000000000, 0.000000000000000000, 0.000000000000000000 ) ) ;
#171 = VERTEX_POINT ( 'NONE', #992 ) ;
#172 = VECTOR ( 'NONE', #1688, 999.9999999999998863 ) ;
#173 = VECTOR ( 'NONE', #129, 999.9999999999998863 ) ;
#174 = DIRECTION ( 'NONE',  ( -0.8733242882801318663, -0.4871392896287479179, 0.000000000000000000 ) ) ;
#175 = APPROVAL_STATUS ( 'not_yet_approved' ) ;
#176 = CIRCLE ( 'NONE', #599, 9.799999999999997158 ) ;
#177 = DIRECTION ( 'NONE',  ( 0.000000000000000000, -1.224646799147353454E-16, 1.000000000000000000 ) ) ;
#178 = CIRCLE ( 'NONE', #1165, 9.799999999999997158 ) ;
#179 = ORIENTED_EDGE ( 'NONE', *, *, #975, .F. ) ;
#180 = ORIENTED_EDGE ( 'NONE', *, *, #647, .F. ) ;
#181 = DIRECTION ( 'NONE',  ( 0.000000000000000000, 0.000000000000000000, -1.000000000000000000 ) ) ;
#182 = LOCAL_TIME ( 13, 14, 5.000000000000000000, #855 ) ;
#183 = EDGE_LOOP ( 'NONE', ( #70, #312 ) ) ;
#184 = CC_DESIGN_PERSON_AND_ORGANIZATION_ASSIGNMENT ( #731, #1156, ( #911 ) ) ;
#185 = DIRECTION ( 'NONE',  ( 0.000000000000000000, -1.224646799147356905E-16, 1.000000000000000000 ) ) ;
#186 = PERSON_AND_ORGANIZATION ( #46, #1419 ) ;
#187 = FACE_OUTER_BOUND ( 'NONE', #619, .T. ) ;
#188 = ORIENTED_EDGE ( 'NONE', *, *, #1541, .F. ) ;
#189 = ORIENTED_EDGE ( 'NONE', *, *, #1044, .F. ) ;
#190 = CARTESIAN_POINT ( 'NONE',  ( -3.057061580177617977, 7.931227805012406762, 11.30000000000216964 ) ) ;
#191 = EDGE_CURVE ( 'NONE', #1225, #1004, #1407, .T. ) ;
#192 = DIRECTION ( 'NONE',  ( -0.000000000000000000, 1.224646799147353454E-16, -1.000000000000000000 ) ) ;
#193 = CARTESIAN_POINT ( 'NONE',  ( -3.897114317029979347, -2.249999999999990230, 0.5000000000000022204 ) ) ;
#194 = DIRECTION ( 'NONE',  ( 0.000000000000000000, -1.000000000000000000, -1.224646799147353700E-16 ) ) ;
#195 = DIRECTION ( 'NONE',  ( -1.000000000000000000, 0.000000000000000000, 0.000000000000000000 ) ) ;
#196 = PLANE ( 'NONE',  #1043 ) ;
#197 = CARTESIAN_POINT ( 'NONE',  ( -5.597114317029980413, -2.249999999999990230, 9.700000000000001066 ) ) ;
#198 = B_SPLINE_CURVE_WITH_KNOTS ( 'NONE', 3,
 ( #298, #1237, #20, #569, #686, #704, #1643, #679, #438, #414 ),
 .UNSPECIFIED., .F., .F.,
 ( 4, 2, 2, 2, 4 ),
 ( -0.0008248883737065447344, -0.0004764495213485187095, -0.0001280106689904926846, 0.0002204281833675332319, 0.0005688670357255593652 ),
 .UNSPECIFIED. ) ;
#199 = ORIENTED_EDGE ( 'NONE', *, *, #386, .T. ) ;
#200 = DIRECTION ( 'NONE',  ( -0.000000000000000000, 1.224646799147353454E-16, -1.000000000000000000 ) ) ;
#201 = AXIS2_PLACEMENT_3D ( 'NONE', #480, #607, #883 ) ;
#202 = ADVANCED_FACE ( 'NONE', ( #1396 ), #1539, .T. ) ;
#203 = CARTESIAN_POINT ( 'NONE',  ( 3.764775761157994616, -6.966996534938132868, 11.30610102300155084 ) ) ;
#204 = EDGE_CURVE ( 'NONE', #156, #171, #807, .T. ) ;
#205 = CIRCLE ( 'NONE', #113, 2.500000000000003109 ) ;
#206 = CARTESIAN_POINT ( 'NONE',  ( 0.000000000000000000, 10.00000000000000000, 7.500000000000007994 ) ) ;
#207 = DIRECTION ( 'NONE',  ( 0.000000000000000000, 0.000000000000000000, -1.000000000000000000 ) ) ;
#208 = AXIS2_PLACEMENT_3D ( 'NONE', #544, #1620, #410 ) ;
#209 = VECTOR ( 'NONE', #921, 1000.000000000000000 ) ;
#210 = DIRECTION ( 'NONE',  ( 0.000000000000000000, 0.000000000000000000, -1.000000000000000000 ) ) ;
#211 = ORIENTED_EDGE ( 'NONE', *, *, #435, .F. ) ;
#212 = DIRECTION ( 'NONE',  ( 0.000000000000000000, -1.224646799147353700E-16, 1.000000000000000000 ) ) ;
#213 = ADVANCED_FACE ( 'NONE', ( #1014 ), #49, .F. ) ;
#214 = EDGE_CURVE ( 'NONE', #418, #1657, #1694, .T. ) ;
#215 = DIRECTION ( 'NONE',  ( 0.000000000000000000, -1.224646799147353454E-16, 1.000000000000000000 ) ) ;
#216 = ORIENTED_EDGE ( 'NONE', *, *, #1088, .T. ) ;
#217 = CARTESIAN_POINT ( 'NONE',  ( 1.200153863164405754E-15, 9.799999999999997158, 4.700000000000000178 ) ) ;
#218 = DIRECTION ( 'NONE',  ( 0.000000000000000000, -1.000000000000000000, 0.000000000000000000 ) ) ;
#219 = EDGE_LOOP ( 'NONE', ( #1305, #356, #419, #441 ) ) ;
#220 = CARTESIAN_POINT ( 'NONE',  ( 0.000000000000000000, -1.812477262738083269E-15, 14.80000000000000071 ) ) ;
#221 = CARTESIAN_POINT ( 'NONE',  ( -3.790502616087775944, 7.468654501462125062, 10.51575166985572629 ) ) ;
#222 = EDGE_CURVE ( 'NONE', #1755, #1657, #1500, .T. ) ;
#223 = DIRECTION ( 'NONE',  ( -1.000000000000000000, 0.000000000000000000, 0.000000000000000000 ) ) ;
#224 = DIRECTION ( 'NONE',  ( -1.000000000000000000, 0.000000000000000000, 0.000000000000000000 ) ) ;
#225 = ORIENTED_EDGE ( 'NONE', *, *, #1472, .T. ) ;
#226 = EDGE_CURVE ( 'NONE', #1225, #841, #671, .T. ) ;
#227 = DIRECTION ( 'NONE',  ( -1.000000000000000000, 0.000000000000000000, 0.000000000000000000 ) ) ;
#228 = CARTESIAN_POINT ( 'NONE',  ( 3.772672011793573699, -7.114509646722735781, 11.07479540680339625 ) ) ;
#229 = VERTEX_POINT ( 'NONE', #889 ) ;
#230 = AXIS2_PLACEMENT_3D ( 'NONE', #1628, #1641, #420 ) ;
#231 = CARTESIAN_POINT ( 'NONE',  ( -1.999781328413866355, 4.529574288280135974, 0.5000000000000038858 ) ) ;
#232 = AXIS2_PLACEMENT_3D ( 'NONE', #576, #174, #974 ) ;
#233 = DIRECTION ( 'NONE',  ( -0.000000000000000000, 1.224646799147353454E-16, -1.000000000000000000 ) ) ;
#234 = ORIENTED_EDGE ( 'NONE', *, *, #1573, .F. ) ;
#235 = EDGE_CURVE ( 'NONE', #836, #442, #1664, .T. ) ;
#236 = PLANE ( 'NONE',  #899 ) ;
#237 = CIRCLE ( 'NONE', #1354, 10.00000000000000178 ) ;
#238 = CIRCLE ( 'NONE', #1135, 2.000000000000000888 ) ;
#239 = DIRECTION ( 'NONE',  ( 0.000000000000000000, 1.000000000000000000, 0.000000000000000000 ) ) ;
#240 = ORIENTED_EDGE ( 'NONE', *, *, #1588, .T. ) ;
#241 = CARTESIAN_POINT ( 'NONE',  ( 0.000000000000000000, 8.500000000000000000, 14.30000000000000249 ) ) ;
#242 = CARTESIAN_POINT ( 'NONE',  ( 2.903641871419023968, -7.886349040251089626, 14.46689717442450984 ) ) ;
#243 = DIRECTION ( 'NONE',  ( 0.000000000000000000, -1.224646799147353454E-16, 1.000000000000000000 ) ) ;
#244 = ORIENTED_EDGE ( 'NONE', *, *, #1749, .T. ) ;
#245 = CARTESIAN_POINT ( 'NONE',  ( 0.000000000000000000, 4.500000000000000000, 0.5000000000000038858 ) ) ;
#246 = ADVANCED_FACE ( 'NONE', ( #751, #582 ), #1122, .T. ) ;
#247 = EDGE_LOOP ( 'NONE', ( #1106, #1716, #1292, #353 ) ) ;
#248 = DIRECTION ( 'NONE',  ( -0.000000000000000000, -0.000000000000000000, -1.000000000000000000 ) ) ;
#249 = CARTESIAN_POINT ( 'NONE',  ( 5.178992753475439415, -0.1036571396498194991, -5.637853980444010724E-16 ) ) ;
#250 = CARTESIAN_POINT ( 'NONE',  ( 9.797174393178825657E-16, -8.000000000000000000, 4.399999999999998579 ) ) ;
#251 = ORIENTED_EDGE ( 'NONE', *, *, #942, .T. ) ;
#252 = DIRECTION ( 'NONE',  ( 0.000000000000000000, -1.224646799147353454E-16, 1.000000000000000000 ) ) ;
#253 = EDGE_CURVE ( 'NONE', #902, #572, #1372, .T. ) ;
#254 = ADVANCED_FACE ( 'NONE', ( #661, #897 ), #1440, .T. ) ;
#255 = CARTESIAN_POINT ( 'NONE',  ( 0.000000000000000000, 4.500000000000000000, -4.062508476441825628E-32 ) ) ;
#256 = DIRECTION ( 'NONE',  ( 1.000000000000000000, 0.000000000000000000, 0.000000000000000000 ) ) ;
#257 = AXIS2_PLACEMENT_3D ( 'NONE', #220, #1416, #452 ) ;
#258 = VECTOR ( 'NONE', #1580, 1000.000000000000114 ) ;
#259 = DIRECTION ( 'NONE',  ( 0.000000000000000000, 1.000000000000000000, 1.224646799147353700E-16 ) ) ;
#260 = EDGE_LOOP ( 'NONE', ( #1626, #1646, #14, #1091 ) ) ;
#261 = AXIS2_PLACEMENT_3D ( 'NONE', #844, #1634, #695 ) ;
#262 = CARTESIAN_POINT ( 'NONE',  ( -2.711324865405189577, -7.750778897598434192, 14.80000000000000071 ) ) ;
#263 = CONICAL_SURFACE ( 'NONE', #1244, 6.000000000000000000, 0.7853981633974466137 ) ;
#264 = AXIS2_PLACEMENT_3D ( 'NONE', #470, #865, #194 ) ;
#265 = CIRCLE ( 'NONE', #1753, 6.000000000000000000 ) ;
#266 = CIRCLE ( 'NONE', #1079, 2.000000000000001332 ) ;
#267 = DIRECTION ( 'NONE',  ( -0.000000000000000000, -0.000000000000000000, -1.000000000000000000 ) ) ;
#268 = DIRECTION ( 'NONE',  ( -1.000000000000000000, 0.000000000000000000, 0.000000000000000000 ) ) ;
#269 = CARTESIAN_POINT ( 'NONE',  ( 3.764984115255203267, 6.970887559628672570, 11.30000000000000071 ) ) ;
#270 = ORIENTED_EDGE ( 'NONE', *, *, #710, .F. ) ;
#271 = FACE_OUTER_BOUND ( 'NONE', #1059, .T. ) ;
#272 = DIRECTION ( 'NONE',  ( 0.000000000000000000, -1.000000000000000000, -2.040851148208007998E-16 ) ) ;
#273 = CARTESIAN_POINT ( 'NONE',  ( 3.000000000000001776, 7.952986860293433935, 14.30000000000000071 ) ) ;
#274 =( LENGTH_UNIT ( ) NAMED_UNIT ( * ) SI_UNIT ( .MILLI., .METRE. ) );
#275 = EDGE_CURVE ( 'NONE', #593, #287, #16, .T. ) ;
#276 = DIRECTION ( 'NONE',  ( 0.3625699740269581750, -0.6070774365219715474, 0.7071067811865492381 ) ) ;
#277 = ORIENTED_EDGE ( 'NONE', *, *, #761, .F. ) ;
#278 = DIRECTION ( 'NONE',  ( 0.5127513745781850929, 0.8585371441400668768, 0.000000000000000000 ) ) ;
#279 = ADVANCED_FACE ( 'NONE', ( #271 ), #752, .F. ) ;
#280 = VERTEX_POINT ( 'NONE', #361 ) ;
#281 = DIRECTION ( 'NONE',  ( -0.01478714414006898972, 0.9998906642069326223, 0.000000000000000000 ) ) ;
#282 = EDGE_CURVE ( 'NONE', #1207, #1078, #19, .T. ) ;
#283 = AXIS2_PLACEMENT_3D ( 'NONE', #1279, #734, #1029 ) ;
#284 = ORIENTED_EDGE ( 'NONE', *, *, #1373, .T. ) ;
#285 = CARTESIAN_POINT ( 'NONE',  ( -2.999999999999997335, -7.952986860293437488, 11.29999999999999893 ) ) ;
#286 = ADVANCED_FACE ( 'NONE', ( #1313, #514 ), #236, .T. ) ;
#287 = VERTEX_POINT ( 'NONE', #644 ) ;
#288 = AXIS2_PLACEMENT_3D ( 'NONE', #642, #1311, #793 ) ;
#289 = AXIS2_PLACEMENT_3D ( 'NONE', #1604, #1738, #651 ) ;
#290 = DIRECTION ( 'NONE',  ( -0.000000000000000000, 1.224646799147353454E-16, -1.000000000000000000 ) ) ;
#291 = COORDINATED_UNIVERSAL_TIME_OFFSET ( 0, 0, .AHEAD. ) ;
#292 = CARTESIAN_POINT ( 'NONE',  ( -3.897114317029979347, -2.249999999999990230, -8.266365894244623486E-16 ) ) ;
#293 = EDGE_CURVE ( 'NONE', #1497, #396, #1060, .T. ) ;
#294 = ORIENTED_EDGE ( 'NONE', *, *, #986, .T. ) ;
#295 = ORIENTED_EDGE ( 'NONE', *, *, #1081, .T. ) ;
#296 = CYLINDRICAL_SURFACE ( 'NONE', #925, 2.000000000000000888 ) ;
#297 = ORIENTED_EDGE ( 'NONE', *, *, #662, .F. ) ;
#298 = CARTESIAN_POINT ( 'NONE',  ( 3.057061580178077165, 7.931227805012047050, 11.30000000000000249 ) ) ;
#299 = DIRECTION ( 'NONE',  ( 0.000000000000000000, 0.000000000000000000, 1.000000000000000000 ) ) ;
#300 = CARTESIAN_POINT ( 'NONE',  ( -3.056494599805059664, -8.309471454108161126, 10.71970312969907901 ) ) ;
#301 = ORIENTED_EDGE ( 'NONE', *, *, #413, .F. ) ;
#302 = CARTESIAN_POINT ( 'NONE',  ( 3.116649978395508391, -7.734837708080460672, 11.29999999999999716 ) ) ;
#303 = DIRECTION ( 'NONE',  ( 0.000000000000000000, 0.000000000000000000, -1.000000000000000000 ) ) ;
#304 = ORIENTED_EDGE ( 'NONE', *, *, #350, .F. ) ;
#305 = LINE ( 'NONE', #833, #1522 ) ;
#306 = DIRECTION ( 'NONE',  ( 0.000000000000000000, 0.000000000000000000, -1.000000000000000000 ) ) ;
#307 = CC_DESIGN_PERSON_AND_ORGANIZATION_ASSIGNMENT ( #186, #1533, ( #911 ) ) ;
#308 = CARTESIAN_POINT ( 'NONE',  ( -3.793819063148528681, -7.536744009041766112, 10.40790290666469708 ) ) ;
#309 = ORIENTED_EDGE ( 'NONE', *, *, #598, .T. ) ;
#310 = ORIENTED_EDGE ( 'NONE', *, *, #1393, .F. ) ;
#311 = CARTESIAN_POINT ( 'NONE',  ( -7.999125313655461866, 4.618297153120543008, 9.700000000000001066 ) ) ;
#312 = ORIENTED_EDGE ( 'NONE', *, *, #1001, .T. ) ;
#313 = TOROIDAL_SURFACE ( 'NONE', #566, 6.299999999999999822, 0.2999999999999999889 ) ;
#314 = DIRECTION ( 'NONE',  ( 0.000000000000000000, 0.000000000000000000, -1.000000000000000000 ) ) ;
#315 = VECTOR ( 'NONE', #1390, 1000.000000000000000 ) ;
#316 = DIRECTION ( 'NONE',  ( -0.000000000000000000, -0.000000000000000000, -1.000000000000000000 ) ) ;
#317 = AXIS2_PLACEMENT_3D ( 'NONE', #328, #69, #1697 ) ;
#318 = ORIENTED_EDGE ( 'NONE', *, *, #1591, .F. ) ;
#319 = ORIENTED_EDGE ( 'NONE', *, *, #772, .T. ) ;
#320 = CARTESIAN_POINT ( 'NONE',  ( -3.227341621503160063, 7.388674578446233987, 11.09430318905657664 ) ) ;
#321 = DIRECTION ( 'NONE',  ( 0.000000000000000000, -1.000000000000000000, -1.224646799147353700E-16 ) ) ;
#322 = VERTEX_POINT ( 'NONE', #88 ) ;
#323 = CARTESIAN_POINT ( 'NONE',  ( 2.922835737772484510, -3.996648576560254629, 0.5000000000000022204 ) ) ;
#324 = APPROVAL_ROLE ( '' ) ;
#325 = DIRECTION ( 'NONE',  ( -1.000000000000000000, 0.000000000000000000, 0.000000000000000000 ) ) ;
#326 = ORIENTED_EDGE ( 'NONE', *, *, #873, .T. ) ;
#327 = CARTESIAN_POINT ( 'NONE',  ( -3.797849829067543315, 7.620983734207110061, 10.27423979874338045 ) ) ;
#328 = CARTESIAN_POINT ( 'NONE',  ( 0.000000000000000000, -1.261386203121774116E-15, 10.30000000000000071 ) ) ;
#329 = ORIENTED_EDGE ( 'NONE', *, *, #282, .T. ) ;
#330 = CARTESIAN_POINT ( 'NONE',  ( 0.000000000000000000, -1.383850883036509659E-15, 11.30000000000000071 ) ) ;
#331 = CARTESIAN_POINT ( 'NONE',  ( 4.922617066186346868, -0.5329257117198541449, 10.00000000000000000 ) ) ;
#332 = LINE ( 'NONE', #206, #959 ) ;
#333 = DIRECTION ( 'NONE',  ( 0.000000000000000000, 1.000000000000000000, 1.224646799147353207E-16 ) ) ;
#334 = ADVANCED_FACE ( 'NONE', ( #1069 ), #763, .T. ) ;
#335 = EDGE_CURVE ( 'NONE', #1127, #229, #425, .T. ) ;
#336 = CARTESIAN_POINT ( 'NONE',  ( 3.887430600636993577E-16, -9.236594306241048713, 9.700000000000001066 ) ) ;
#337 = ORIENTED_EDGE ( 'NONE', *, *, #999, .T. ) ;
#338 = DIRECTION ( 'NONE',  ( 0.000000000000000000, -1.000000000000000000, -1.224646799147353454E-16 ) ) ;
#339 = CARTESIAN_POINT ( 'NONE',  ( 3.776494007615124104, -7.185759003238746168, 10.96310100054857806 ) ) ;
#340 = ORIENTED_EDGE ( 'NONE', *, *, #1124, .T. ) ;
#341 = AXIS2_PLACEMENT_3D ( 'NONE', #1623, #947, #1619 ) ;
#342 = B_SPLINE_CURVE_WITH_KNOTS ( 'NONE', 3,
 ( #432, #1509, #302, #169, #611, #478, #1150, #866, #1267, #1007 ),
 .UNSPECIFIED., .F., .F.,
 ( 4, 2, 2, 2, 4 ),
 ( 0.0004571323368332971078, 0.0007612950203836509793, 0.001065457703934004959, 0.001369620387484358614, 0.001673783071034712702 ),
 .UNSPECIFIED. ) ;
#343 = DIRECTION ( 'NONE',  ( -1.000000000000000000, 0.000000000000000000, 0.000000000000000000 ) ) ;
#344 = AXIS2_PLACEMENT_3D ( 'NONE', #1257, #43, #218 ) ;
#345 = DIRECTION ( 'NONE',  ( 0.000000000000000000, 1.000000000000000000, 1.224646799147353454E-16 ) ) ;
#346 = ORIENTED_EDGE ( 'NONE', *, *, #1336, .T. ) ;
#347 = CARTESIAN_POINT ( 'NONE',  ( 0.000000000000000000, 6.748919021978361425E-32, -5.510910596163089556E-16 ) ) ;
#348 = DIRECTION ( 'NONE',  ( -0.000000000000000000, -0.000000000000000000, -1.000000000000000000 ) ) ;
#349 = VERTEX_POINT ( 'NONE', #1332 ) ;
#350 = EDGE_CURVE ( 'NONE', #7, #830, #1042, .T. ) ;
#351 = CARTESIAN_POINT ( 'NONE',  ( -2.922835737772483622, -3.996648576560255517, 9.700000000000001066 ) ) ;
#352 = DIRECTION ( 'NONE',  ( 0.000000000000000000, -1.000000000000000000, -1.224646799147353454E-16 ) ) ;
#353 = ORIENTED_EDGE ( 'NONE', *, *, #708, .T. ) ;
#354 = DIRECTION ( 'NONE',  ( 0.000000000000000000, 1.000000000000000000, 1.224646799147353454E-16 ) ) ;
#355 = DIRECTION ( 'NONE',  ( 0.000000000000000000, 1.000000000000000000, 1.219727444046192488E-16 ) ) ;
#356 = ORIENTED_EDGE ( 'NONE', *, *, #877, .F. ) ;
#357 = EDGE_CURVE ( 'NONE', #171, #1450, #1071, .T. ) ;
#358 = DIRECTION ( 'NONE',  ( 0.000000000000000000, -1.000000000000000000, 0.000000000000000000 ) ) ;
#359 = DIRECTION ( 'NONE',  ( -0.000000000000000000, -1.000000000000000000, -0.000000000000000000 ) ) ;
#360 = VERTEX_POINT ( 'NONE', #1032 ) ;
#361 = CARTESIAN_POINT ( 'NONE',  ( -2.499726660517334942, 4.536967860350169524, 4.527257184916178338E-18 ) ) ;
#362 = CIRCLE ( 'NONE', #283, 6.000000000000000000 ) ;
#363 = DIRECTION ( 'NONE',  ( -0.000000000000000000, 1.224646799147353454E-16, -1.000000000000000000 ) ) ;
#364 = VERTEX_POINT ( 'NONE', #934 ) ;
#365 = AXIS2_PLACEMENT_3D ( 'NONE', #330, #1425, #863 ) ;
#366 = DIRECTION ( 'NONE',  ( 0.000000000000000000, 1.000000000000000000, 1.224646799147353454E-16 ) ) ;
#367 = AXIS2_PLACEMENT_3D ( 'NONE', #1491, #185, #146 ) ;
#368 = CARTESIAN_POINT ( 'NONE',  ( -3.057061580178072280, -7.931227805012052379, 11.29999999999999893 ) ) ;
#369 =( BOUNDED_SURFACE ( )  B_SPLINE_SURFACE ( 3, 2, ( 
 ( #392, #1035, #1327 ),
 ( #926, #380, #119 ),
 ( #101, #1721, #1730 ),
 ( #1469, #508, #663 ) ),
 .UNSPECIFIED., .F., .F., .F. ) 
 B_SPLINE_SURFACE_WITH_KNOTS ( ( 4, 4 ),
 ( 3, 3 ),
 ( 0.01217364065553730619, 0.01340321668765641176 ),
 ( 0.000000000000000000, 0.7425553604213275261 ),
 .UNSPECIFIED. ) 
 GEOMETRIC_REPRESENTATION_ITEM ( )  RATIONAL_B_SPLINE_SURFACE ( (
 ( 1.000000000000000000, 0.8756618496934411855, 0.9359796194168983341),
 ( 1.000000000000000000, 0.8774389403300230095, 0.9368946243337652469),
 ( 1.000000000000000000, 0.8793141860475730542, 0.9378601682495173453),
 ( 1.000000000000000000, 0.8813040193170773584, 0.9388847120672958457) ) ) 
 REPRESENTATION_ITEM ( '' )  SURFACE ( )  );
#370 = CC_DESIGN_PERSON_AND_ORGANIZATION_ASSIGNMENT ( #687, #11, ( #1342 ) ) ;
#371 = VECTOR ( 'NONE', #165, 1000.000000000000114 ) ;
#372 = CARTESIAN_POINT ( 'NONE',  ( 3.793819063148533122, 7.536744009041762560, 10.40790290666469886 ) ) ;
#373 = AXIS2_PLACEMENT_3D ( 'NONE', #884, #215, #622 ) ;
#374 = EDGE_LOOP ( 'NONE', ( #1270, #17 ) ) ;
#375 = CARTESIAN_POINT ( 'NONE',  ( -3.588800851810844961, -7.705841649550955630, 10.33655251694550437 ) ) ;
#376 = CIRCLE ( 'NONE', #653, 8.000000000000000000 ) ;
#377 = AXIS2_PLACEMENT_3D ( 'NONE', #749, #1176, #1715 ) ;
#378 = FACE_OUTER_BOUND ( 'NONE', #219, .T. ) ;
#379 = VERTEX_POINT ( 'NONE', #126 ) ;
#380 = CARTESIAN_POINT ( 'NONE',  ( 3.231044621168483566, 7.604095453330389276, 10.74885516871644242 ) ) ;
#381 = CARTESIAN_POINT ( 'NONE',  ( -1.999781328413866355, 4.529574288280135974, 9.700000000000001066 ) ) ;
#382 = CARTESIAN_POINT ( 'NONE',  ( 1.224646799147353651E-15, -10.00000000000000355, 7.500000000000007105 ) ) ;
#383 = ORIENTED_EDGE ( 'NONE', *, *, #1221, .F. ) ;
#384 = CARTESIAN_POINT ( 'NONE',  ( 1.999781328413866355, 4.529574288280135974, 10.00000000000000000 ) ) ;
#385 = ADVANCED_FACE ( 'NONE', ( #503 ), #1475, .T. ) ;
#386 = EDGE_CURVE ( 'NONE', #841, #643, #630, .T. ) ;
#387 = CARTESIAN_POINT ( 'NONE',  ( 1.224646799147353454E-15, -10.00000000000000178, -1.224646799147353848E-15 ) ) ;
#388 = DIRECTION ( 'NONE',  ( -0.000000000000000000, -0.000000000000000000, 1.000000000000000000 ) ) ;
#389 = ORIENTED_EDGE ( 'NONE', *, *, #1289, .F. ) ;
#390 = DIRECTION ( 'NONE',  ( -0.000000000000000000, -0.000000000000000000, 1.000000000000000000 ) ) ;
#391 = ADVANCED_FACE ( 'NONE', ( #910 ), #973, .T. ) ;
#392 = CARTESIAN_POINT ( 'NONE',  ( 3.797821290704101571, 7.620385817931755845, 10.27518874194874066 ) ) ;
#393 = DIRECTION ( 'NONE',  ( -0.000000000000000000, 1.224646799147353454E-16, -1.000000000000000000 ) ) ;
#394 = AXIS2_PLACEMENT_3D ( 'NONE', #474, #1000, #1700 ) ;
#395 = CARTESIAN_POINT ( 'NONE',  ( -3.673846722050705615, 7.020110966947409992, 11.30000000000000249 ) ) ;
#396 = VERTEX_POINT ( 'NONE', #956 ) ;
#397 = CIRCLE ( 'NONE', #1015, 8.500000000000001776 ) ;
#398 = DIRECTION ( 'NONE',  ( 1.000000000000000000, -1.224646799147353207E-16, -1.499759782661857882E-32 ) ) ;
#399 = AXIS2_PLACEMENT_3D ( 'NONE', #111, #1195, #1473 ) ;
#400 = ORIENTED_EDGE ( 'NONE', *, *, #717, .T. ) ;
#401 = EDGE_CURVE ( 'NONE', #1450, #1570, #666, .T. ) ;
#402 = DIRECTION ( 'NONE',  ( 0.000000000000000000, 0.000000000000000000, -1.000000000000000000 ) ) ;
#403 = DIRECTION ( 'NONE',  ( -0.000000000000000000, 1.224646799147353454E-16, -1.000000000000000000 ) ) ;
#404 = EDGE_CURVE ( 'NONE', #593, #528, #1366, .T. ) ;
#405 = CARTESIAN_POINT ( 'NONE',  ( 0.000000000000000000, -1.383850883036509659E-15, 11.30000000000000071 ) ) ;
#406 = ORIENTED_EDGE ( 'NONE', *, *, #1010, .T. ) ;
#407 = DIRECTION ( 'NONE',  ( 0.000000000000000000, 1.000000000000000000, 1.224646799147353454E-16 ) ) ;
#408 = CARTESIAN_POINT ( 'NONE',  ( 7.999125313655461866, 4.618297153120543896, 1.448722299173179533E-17 ) ) ;
#409 = ADVANCED_FACE ( 'NONE', ( #684 ), #296, .F. ) ;
#410 = DIRECTION ( 'NONE',  ( 0.000000000000000000, 1.000000000000000000, 1.224646799147353454E-16 ) ) ;
#411 = EDGE_LOOP ( 'NONE', ( #750, #1566, #769, #465, #476 ) ) ;
#412 = DIRECTION ( 'NONE',  ( -0.000000000000000000, 1.224646799147353454E-16, -1.000000000000000000 ) ) ;
#413 = EDGE_CURVE ( 'NONE', #502, #418, #823, .T. ) ;
#414 = CARTESIAN_POINT ( 'NONE',  ( 3.797073968079209827, 7.604750441726226384, 10.30000000000000249 ) ) ;
#415 = DIRECTION ( 'NONE',  ( 0.000000000000000000, 1.000000000000000000, 1.219727444046192488E-16 ) ) ;
#417 = VECTOR ( 'NONE', #1153, 1000.000000000000000 ) ;
#416 = CARTESIAN_POINT ( 'NONE',  ( -3.787121127773637408, -7.400476539238151297, 10.62354238171454845 ) ) ;
#418 = VERTEX_POINT ( 'NONE', #15 ) ;
#419 = ORIENTED_EDGE ( 'NONE', *, *, #1194, .F. ) ;
#420 = DIRECTION ( 'NONE',  ( 0.000000000000000000, 1.000000000000000000, 1.224646799147353454E-16 ) ) ;
#421 = AXIS2_PLACEMENT_3D ( 'NONE', #1487, #945, #140 ) ;
#422 = AXIS2_PLACEMENT_3D ( 'NONE', #1056, #1742, #532 ) ;
#423 = ORIENTED_EDGE ( 'NONE', *, *, #662, .T. ) ;
#424 = B_SPLINE_CURVE_WITH_KNOTS ( 'NONE', 3,
 ( #820, #308, #1241, #416, #571, #1513, #976 ),
 .UNSPECIFIED., .F., .F.,
 ( 4, 3, 4 ),
 ( 1.939479807224432123E-18, 0.0003827617523125576991, 0.001184406305010908501 ),
 .UNSPECIFIED. ) ;
#425 = B_SPLINE_CURVE_WITH_KNOTS ( 'NONE', 3,
 ( #1306, #529, #114, #1734, #98, #1321, #1728, #375, #636, #1608 ),
 .UNSPECIFIED., .F., .F.,
 ( 4, 2, 2, 2, 4 ),
 ( -0.0008248883737065407229, -0.0004764495213485150774, -0.0001280106689904894320, 0.0002204281833675361593, 0.0005688670357255618589 ),
 .UNSPECIFIED. ) ;
#426 = CIRCLE ( 'NONE', #1669, 8.800000000000002487 ) ;
#427 = MANIFOLD_SOLID_BREP ( 'Fillet2', #1723 ) ;
#428 = CIRCLE ( 'NONE', #568, 8.211324865405194018 ) ;
#429 = DIRECTION ( 'NONE',  ( -1.000000000000000000, 0.000000000000000000, 0.000000000000000000 ) ) ;
#430 = CARTESIAN_POINT ( 'NONE',  ( 9.797174393178825657E-16, -8.000000000000000000, -9.797174393178827630E-16 ) ) ;
#431 = ORIENTED_EDGE ( 'NONE', *, *, #335, .F. ) ;
#432 = CARTESIAN_POINT ( 'NONE',  ( 3.057061580177623306, -7.931227805012410315, 11.30000000000216609 ) ) ;
#433 = CARTESIAN_POINT ( 'NONE',  ( 3.000000000000001776, 7.952986860293433935, 14.30000000000000071 ) ) ;
#434 = EDGE_LOOP ( 'NONE', ( #584, #1196, #107, #506, #958, #578 ) ) ;
#435 = EDGE_CURVE ( 'NONE', #1607, #1593, #162, .T. ) ;
#436 = EDGE_CURVE ( 'NONE', #1078, #1207, #621, .T. ) ;
#437 = CC_DESIGN_DATE_AND_TIME_ASSIGNMENT ( #33, #1263, ( #48 ) ) ;
#438 = CARTESIAN_POINT ( 'NONE',  ( 3.691808101519445717, 7.657309994430056221, 10.29999999999999005 ) ) ;
#439 = DIRECTION ( 'NONE',  ( 0.000000000000000000, 0.000000000000000000, -1.000000000000000000 ) ) ;
#440 = CARTESIAN_POINT ( 'NONE',  ( -3.227337948793864708, -7.388477271044885164, 11.09461754355944763 ) ) ;
#441 = ORIENTED_EDGE ( 'NONE', *, *, #1461, .F. ) ;
#442 = VERTEX_POINT ( 'NONE', #831 ) ;
#443 = CARTESIAN_POINT ( 'NONE',  ( 4.768791653812891163, -0.7904868549618744300, 9.700000000000001066 ) ) ;
#444 = CARTESIAN_POINT ( 'NONE',  ( 1.699814129151786535, 4.525138145038114956, 9.700000000000001066 ) ) ;
#445 = CALENDAR_DATE ( 2025, 16, 10 ) ;
#446 = CARTESIAN_POINT ( 'NONE',  ( -3.764775953510126616, -6.967000125871457783, 11.30609539273843822 ) ) ;
#447 = ORIENTED_EDGE ( 'NONE', *, *, #564, .T. ) ;
#448 = ORIENTED_EDGE ( 'NONE', *, *, #1502, .F. ) ;
#449 = DIRECTION ( 'NONE',  ( -1.000000000000000000, 0.000000000000000000, -0.000000000000000000 ) ) ;
#450 = ORIENTED_EDGE ( 'NONE', *, *, #1081, .F. ) ;
#451 = VECTOR ( 'NONE', #880, 1000.000000000000114 ) ;
#452 = DIRECTION ( 'NONE',  ( 1.000000000000000000, 0.000000000000000000, 0.000000000000000000 ) ) ;
#453 = AXIS2_PLACEMENT_3D ( 'NONE', #1023, #200, #354 ) ;
#454 = CIRCLE ( 'NONE', #232, 0.2999999999999999889 ) ;
#455 = LINE ( 'NONE', #711, #1074 ) ;
#456 = AXIS2_PLACEMENT_3D ( 'NONE', #1154, #595, #1398 ) ;
#457 = EDGE_CURVE ( 'NONE', #988, #364, #1188, .T. ) ;
#458 = AXIS2_PLACEMENT_3D ( 'NONE', #962, #177, #1636 ) ;
#459 = FACE_OUTER_BOUND ( 'NONE', #35, .T. ) ;
#460 = CIRCLE ( 'NONE', #317, 8.500000000000001776 ) ;
#461 = ORIENTED_EDGE ( 'NONE', *, *, #689, .F. ) ;
#462 = CARTESIAN_POINT ( 'NONE',  ( -3.787480850814910038, 7.403728738560445777, 10.61904340641489419 ) ) ;
#463 = ORIENTED_EDGE ( 'NONE', *, *, #896, .T. ) ;
#464 = DIRECTION ( 'NONE',  ( 0.000000000000000000, 0.000000000000000000, 1.000000000000000000 ) ) ;
#465 = ORIENTED_EDGE ( 'NONE', *, *, #1139, .T. ) ;
#466 = CARTESIAN_POINT ( 'NONE',  ( 2.499726660517334054, 4.536967860350169524, 4.527257184916176797E-18 ) ) ;
#467 = DATE_TIME_ROLE ( 'classification_date' ) ;
#468 = EDGE_CURVE ( 'NONE', #360, #1755, #701, .T. ) ;
#469 = EDGE_CURVE ( 'NONE', #853, #1406, #533, .T. ) ;
#470 = CARTESIAN_POINT ( 'NONE',  ( 0.000000000000000000, 6.748919021978361425E-32, -5.510910596163089556E-16 ) ) ;
#471 = CARTESIAN_POINT ( 'NONE',  ( -7.999125313655461866, 4.618297153120543008, 10.00000000000000000 ) ) ;
#472 = DIRECTION ( 'NONE',  ( 0.000000000000000000, 1.224646799147349263E-16, -1.000000000000000000 ) ) ;
#473 = ORIENTED_EDGE ( 'NONE', *, *, #1096, .F. ) ;
#474 = CARTESIAN_POINT ( 'NONE',  ( -7.999125313655461866, 4.618297153120543008, 10.00000000000000000 ) ) ;
#475 = DIRECTION ( 'NONE',  ( 0.000000000000000000, 1.000000000000000000, 1.045014142154702998E-16 ) ) ;
#476 = ORIENTED_EDGE ( 'NONE', *, *, #770, .T. ) ;
#477 = DIRECTION ( 'NONE',  ( 0.000000000000000000, -1.000000000000000000, -9.856383386231855129E-17 ) ) ;
#478 = CARTESIAN_POINT ( 'NONE',  ( 3.370180906676482735, -7.295768213176135220, 11.30000000000000249 ) ) ;
#479 = ORIENTED_EDGE ( 'NONE', *, *, #825, .F. ) ;
#480 = CARTESIAN_POINT ( 'NONE',  ( -4.768791653812895603, -0.7904868549618766504, 9.700000000000001066 ) ) ;
#481 = AXIS2_PLACEMENT_3D ( 'NONE', #443, #1227, #278 ) ;
#482 = LINE ( 'NONE', #79, #596 ) ;
#483 = ORIENTED_EDGE ( 'NONE', *, *, #1221, .T. ) ;
#484 = AXIS2_PLACEMENT_3D ( 'NONE', #1603, #782, #799 ) ;
#485 = CIRCLE ( 'NONE', #1471, 8.800000000000002487 ) ;
#486 = CARTESIAN_POINT ( 'NONE',  ( -3.764984115255197050, -6.970887559628678787, 11.30000000000000071 ) ) ;
#487 = VERTEX_POINT ( 'NONE', #133 ) ;
#488 = CARTESIAN_POINT ( 'NONE',  ( 3.057061580178077165, 7.931227805012047050, 11.30000000000000249 ) ) ;
#489 = LOCAL_TIME ( 13, 14, 5.000000000000000000, #994 ) ;
#490 = CARTESIAN_POINT ( 'NONE',  ( 3.234569308164243928, -7.819206291792978547, 10.40210712108074986 ) ) ;
#491 = ORIENTED_EDGE ( 'NONE', *, *, #591, .T. ) ;
#492 = DIRECTION ( 'NONE',  ( 0.000000000000000000, 0.000000000000000000, 1.000000000000000000 ) ) ;
#493 = CARTESIAN_POINT ( 'NONE',  ( 0.000000000000000000, 4.500000000000000000, 9.700000000000001066 ) ) ;
#494 = ORIENTED_EDGE ( 'NONE', *, *, #547, .F. ) ;
#495 = CARTESIAN_POINT ( 'NONE',  ( -3.897114317029979347, -2.249999999999990230, 9.700000000000001066 ) ) ;
#496 = DIRECTION ( 'NONE',  ( 0.000000000000000000, -1.000000000000000000, -8.850629979473499848E-17 ) ) ;
#497 = ADVANCED_FACE ( 'NONE', ( #6 ), #1521, .F. ) ;
#498 = ORIENTED_EDGE ( 'NONE', *, *, #564, .F. ) ;
#499 = CARTESIAN_POINT ( 'NONE',  ( -3.897114317029979347, -2.249999999999990230, 10.00000000000000000 ) ) ;
#500 = CARTESIAN_POINT ( 'NONE',  ( -3.401243141152397786, -7.167344463839229185, 11.30000000000000071 ) ) ;
#501 = CARTESIAN_POINT ( 'NONE',  ( -3.057061580178072280, -7.931227805012052379, 11.29999999999999893 ) ) ;
#502 = VERTEX_POINT ( 'NONE', #433 ) ;
#503 = FACE_OUTER_BOUND ( 'NONE', #1667, .T. ) ;
#504 = VECTOR ( 'NONE', #602, 1000.000000000000000 ) ;
#505 = CARTESIAN_POINT ( 'NONE',  ( 3.787121127773641405, -7.400476539238149520, 10.62354238171454845 ) ) ;
#506 = ORIENTED_EDGE ( 'NONE', *, *, #468, .T. ) ;
#507 = AXIS2_PLACEMENT_3D ( 'NONE', #1451, #105, #771 ) ;
#508 = CARTESIAN_POINT ( 'NONE',  ( 3.223404710967300968, 7.171479630333714717, 11.44028560536356132 ) ) ;
#509 = DIRECTION ( 'NONE',  ( -0.000000000000000000, 1.224646799147353454E-16, -1.000000000000000000 ) ) ;
#510 = ADVANCED_FACE ( 'NONE', ( #674 ), #949, .T. ) ;
#511 = FACE_OUTER_BOUND ( 'NONE', #1401, .T. ) ;
#512 = VERTEX_POINT ( 'NONE', #1510 ) ;
#513 = EDGE_CURVE ( 'NONE', #512, #939, #1632, .T. ) ;
#514 = FACE_OUTER_BOUND ( 'NONE', #183, .T. ) ;
#515 = AXIS2_PLACEMENT_3D ( 'NONE', #1011, #1429, #1151 ) ;
#516 = VERTEX_POINT ( 'NONE', #1377 ) ;
#517 = DIRECTION ( 'NONE',  ( 0.000000000000000000, -1.224646799147353454E-16, 1.000000000000000000 ) ) ;
#518 = EDGE_CURVE ( 'NONE', #1164, #1503, #1606, .T. ) ;
#519 = DIRECTION ( 'NONE',  ( 0.000000000000000000, -1.224646799147353454E-16, 1.000000000000000000 ) ) ;
#520 = EDGE_CURVE ( 'NONE', #1654, #512, #870, .T. ) ;
#521 = APPLICATION_CONTEXT ( 'configuration controlled 3d designs of mechanical parts and assemblies' ) ;
#522 = CARTESIAN_POINT ( 'NONE',  ( -2.711324865405189577, 7.750778897598430639, 14.80000000000000071 ) ) ;
#523 = EDGE_LOOP ( 'NONE', ( #1364, #1133, #277, #44 ) ) ;
#524 = CARTESIAN_POINT ( 'NONE',  ( 0.000000000000000000, 10.00000000000000000, 4.700000000000000178 ) ) ;
#525 = DIRECTION ( 'NONE',  ( 0.000000000000000000, 0.000000000000000000, -1.000000000000000000 ) ) ;
#526 = DIRECTION ( 'NONE',  ( -0.4871392896287479735, -0.8733242882801317553, 0.000000000000000000 ) ) ;
#527 = LINE ( 'NONE', #922, #875 ) ;
#528 = VERTEX_POINT ( 'NONE', #285 ) ;
#529 = CARTESIAN_POINT ( 'NONE',  ( -3.078203224844623165, -7.923078838516468103, 11.18608222940181562 ) ) ;
#530 = B_SPLINE_CURVE_WITH_KNOTS ( 'NONE', 3,
 ( #801, #372, #1577, #103, #1344, #1599, #269 ),
 .UNSPECIFIED., .F., .F.,
 ( 4, 3, 4 ),
 ( 0.000000000000000000, 0.0003827617523125566691, 0.001184406305010908067 ),
 .UNSPECIFIED. ) ;
#531 = ADVANCED_FACE ( 'NONE', ( #1746 ), #1086, .T. ) ;
#532 = DIRECTION ( 'NONE',  ( -5.329070518200751394E-15, -1.000000000000000000, -2.040851148208007998E-16 ) ) ;
#533 = CIRCLE ( 'NONE', #421, 5.499999999999999112 ) ;
#534 = CARTESIAN_POINT ( 'NONE',  ( -4.922617066186351309, -0.5329257117198569205, 0.5000000000000038858 ) ) ;
#535 = ORIENTED_EDGE ( 'NONE', *, *, #814, .F. ) ;
#536 = AXIS2_PLACEMENT_3D ( 'NONE', #1455, #402, #936 ) ;
#537 = DIRECTION ( 'NONE',  ( -0.000000000000000000, -0.000000000000000000, -1.000000000000000000 ) ) ;
#538 = DIRECTION ( 'NONE',  ( -0.000000000000000000, 1.224646799147353454E-16, -1.000000000000000000 ) ) ;
#539 = AXIS2_PLACEMENT_3D ( 'NONE', #405, #1615, #1457 ) ;
#540 = AXIS2_PLACEMENT_3D ( 'NONE', #1036, #1705, #268 ) ;
#541 = ADVANCED_FACE ( 'NONE', ( #859 ), #196, .T. ) ;
#542 = CARTESIAN_POINT ( 'NONE',  ( -3.764984115255199271, 6.970887559628674346, 11.30000000000000071 ) ) ;
#543 = APPLICATION_PROTOCOL_DEFINITION ( 'international standard', 'config_control_design', 1994, #521 ) ;
#544 = CARTESIAN_POINT ( 'NONE',  ( 0.000000000000000000, 0.000000000000000000, 0.000000000000000000 ) ) ;
#545 = VERTEX_POINT ( 'NONE', #1128 ) ;
#546 = DIRECTION ( 'NONE',  ( -0.000000000000000000, -0.000000000000000000, 1.000000000000000000 ) ) ;
#547 = EDGE_CURVE ( 'NONE', #1496, #7, #872, .T. ) ;
#548 = ORIENTED_EDGE ( 'NONE', *, *, #717, .F. ) ;
#549 = ADVANCED_FACE ( 'NONE', ( #56 ), #702, .F. ) ;
#550 = CARTESIAN_POINT ( 'NONE',  ( -1.699814129151786535, 4.525138145038114956, 9.700000000000001066 ) ) ;
#551 = DATE_AND_TIME ( #680, #1590 ) ;
#552 = DIRECTION ( 'NONE',  ( 1.000000000000000000, 0.000000000000000000, -0.000000000000000000 ) ) ;
#553 = EDGE_LOOP ( 'NONE', ( #1355, #848, #112, #1118 ) ) ;
#554 = ORIENTED_EDGE ( 'NONE', *, *, #647, .T. ) ;
#555 = CARTESIAN_POINT ( 'NONE',  ( -1.999781328413866355, 4.529574288280135974, 10.00000000000000000 ) ) ;
#556 = ORIENTED_EDGE ( 'NONE', *, *, #191, .F. ) ;
#557 = DIRECTION ( 'NONE',  ( 0.9998906642069326223, -0.01478714414006898972, 0.000000000000000000 ) ) ;
#558 = CARTESIAN_POINT ( 'NONE',  ( -3.897114317029979347, -2.249999999999990230, 9.700000000000001066 ) ) ;
#560 = CIRCLE ( 'NONE', #1548, 1.700000000000001066 ) ;
#559 = DIRECTION ( 'NONE',  ( 0.000000000000000000, 1.224646799147349263E-16, -1.000000000000000000 ) ) ;
#561 = ORIENTED_EDGE ( 'NONE', *, *, #1274, .T. ) ;
#562 = EDGE_LOOP ( 'NONE', ( #1123, #1392, #80, #535 ) ) ;
#563 = DIRECTION ( 'NONE',  ( -0.000000000000000000, 1.224646799147358138E-16, -1.000000000000000000 ) ) ;
#564 = EDGE_CURVE ( 'NONE', #442, #364, #1441, .T. ) ;
#565 = ADVANCED_FACE ( 'NONE', ( #1403 ), #121, .F. ) ;
#566 = AXIS2_PLACEMENT_3D ( 'NONE', #1389, #314, #1097 ) ;
#567 = ORIENTED_EDGE ( 'NONE', *, *, #950, .T. ) ;
#568 = AXIS2_PLACEMENT_3D ( 'NONE', #95, #492, #256 ) ;
#569 = CARTESIAN_POINT ( 'NONE',  ( 3.177919268800301289, 7.883675515054247462, 10.85859990733274039 ) ) ;
#570 = DIRECTION ( 'NONE',  ( -1.000000000000000000, 0.000000000000000000, 0.000000000000000000 ) ) ;
#571 = CARTESIAN_POINT ( 'NONE',  ( -3.780039054568380852, -7.257686952346326770, 10.84929555348775665 ) ) ;
#572 = VERTEX_POINT ( 'NONE', #190 ) ;
#573 = ORIENTED_EDGE ( 'NONE', *, *, #386, .F. ) ;
#574 = DIRECTION ( 'NONE',  ( -0.000000000000000000, -0.000000000000000000, -1.000000000000000000 ) ) ;
#575 = VERTEX_POINT ( 'NONE', #989 ) ;
#576 = CARTESIAN_POINT ( 'NONE',  ( -3.068977524661108180, -3.734651290076215879, 9.700000000000001066 ) ) ;
#577 = CARTESIAN_POINT ( 'NONE',  ( 0.000000000000000000, 10.00000000000000000, 7.500000000000007994 ) ) ;
#578 = ORIENTED_EDGE ( 'NONE', *, *, #214, .F. ) ;
#579 = EDGE_LOOP ( 'NONE', ( #1111, #1559, #1064, #1525 ) ) ;
#580 = DIRECTION ( 'NONE',  ( 0.000000000000000000, -1.000000000000000000, -2.040851148208007998E-16 ) ) ;
#581 = ORIENTED_EDGE ( 'NONE', *, *, #92, .T. ) ;
#582 = FACE_OUTER_BOUND ( 'NONE', #1046, .T. ) ;
#583 = EDGE_CURVE ( 'NONE', #7, #1496, #397, .T. ) ;
#584 = ORIENTED_EDGE ( 'NONE', *, *, #125, .F. ) ;
#585 = CARTESIAN_POINT ( 'NONE',  ( 3.227341621503175162, -7.388674578446495111, 11.09430318905675783 ) ) ;
#586 = EDGE_CURVE ( 'NONE', #1607, #171, #1297, .T. ) ;
#587 = FACE_OUTER_BOUND ( 'NONE', #13, .T. ) ;
#588 = ORIENTED_EDGE ( 'NONE', *, *, #1172, .F. ) ;
#589 = DIRECTION ( 'NONE',  ( 0.000000000000000000, -1.224646799147353454E-16, 1.000000000000000000 ) ) ;
#590 = CARTESIAN_POINT ( 'NONE',  ( 3.764984115255203267, 6.970887559628672570, 11.30000000000000071 ) ) ;
#591 = EDGE_CURVE ( 'NONE', #545, #502, #89, .T. ) ;
#592 = CIRCLE ( 'NONE', #808, 0.3000000000000000999 ) ;
#593 = VERTEX_POINT ( 'NONE', #650 ) ;
#594 = CIRCLE ( 'NONE', #1581, 8.500000000000001776 ) ;
#595 = DIRECTION ( 'NONE',  ( -0.000000000000000000, -0.000000000000000000, -1.000000000000000000 ) ) ;
#596 = VECTOR ( 'NONE', #729, 1000.000000000000000 ) ;
#597 = SHAPE_DEFINITION_REPRESENTATION ( #1075, #762 ) ;
#598 = EDGE_CURVE ( 'NONE', #1570, #1616, #1343, .T. ) ;
#599 = AXIS2_PLACEMENT_3D ( 'NONE', #1209, #363, #1747 ) ;
#600 = DIRECTION ( 'NONE',  ( -0.000000000000000000, -0.000000000000000000, 1.000000000000000000 ) ) ;
#601 = AXIS2_PLACEMENT_3D ( 'NONE', #1057, #393, #1066 ) ;
#602 = DIRECTION ( 'NONE',  ( -0.000000000000000000, -0.000000000000000000, -1.000000000000000000 ) ) ;
#603 = DIRECTION ( 'NONE',  ( 0.000000000000000000, 0.000000000000000000, -1.000000000000000000 ) ) ;
#604 = APPROVAL_PERSON_ORGANIZATION ( #1351, #796, #147 ) ;
#605 = CARTESIAN_POINT ( 'NONE',  ( 0.000000000000000000, 8.000000000000000000, 9.797174393178827630E-16 ) ) ;
#606 = ORIENTED_EDGE ( 'NONE', *, *, #1629, .T. ) ;
#607 = DIRECTION ( 'NONE',  ( -0.8585371441400665438, -0.5127513745781854260, 0.000000000000000000 ) ) ;
#608 = EDGE_CURVE ( 'NONE', #139, #1616, #205, .T. ) ;
#609 = CALENDAR_DATE ( 2025, 16, 10 ) ;
#610 = DIRECTION ( 'NONE',  ( 0.000000000000000000, -1.000000000000000000, -8.850629979473508477E-17 ) ) ;
#611 = CARTESIAN_POINT ( 'NONE',  ( 3.252147381016743832, -7.461015766440334929, 11.29999999999999893 ) ) ;
#612 = FACE_OUTER_BOUND ( 'NONE', #411, .T. ) ;
#613 = ORIENTED_EDGE ( 'NONE', *, *, #1062, .T. ) ;
#614 = CARTESIAN_POINT ( 'NONE',  ( 0.000000000000000000, -8.800000000000004263, 7.699999999999997513 ) ) ;
#615 = DIRECTION ( 'NONE',  ( -0.000000000000000000, 1.224646799147353454E-16, -1.000000000000000000 ) ) ;
#616 = ORIENTED_EDGE ( 'NONE', *, *, #742, .F. ) ;
#617 = DIRECTION ( 'NONE',  ( -1.000000000000000000, 0.000000000000000000, 0.000000000000000000 ) ) ;
#618 = FACE_OUTER_BOUND ( 'NONE', #1430, .T. ) ;
#619 = EDGE_LOOP ( 'NONE', ( #1338, #1308, #491, #448 ) ) ;
#620 = CARTESIAN_POINT ( 'NONE',  ( 3.401243141152403116, 7.167344463839222968, 11.30000000000000071 ) ) ;
#621 = CIRCLE ( 'NONE', #838, 10.00000000000000178 ) ;
#622 = DIRECTION ( 'NONE',  ( 0.000000000000000000, 1.000000000000000000, 1.224646799147353454E-16 ) ) ;
#623 = EDGE_LOOP ( 'NONE', ( #692, #346, #97, #244 ) ) ;
#624 = CIRCLE ( 'NONE', #261, 8.500000000000001776 ) ;
#625 = DIRECTION ( 'NONE',  ( -0.8733242882801318663, 0.4871392896287479179, -1.262480120850234810E-15 ) ) ;
#626 = CARTESIAN_POINT ( 'NONE',  ( -7.999125313655461866, 4.618297153120543008, 1.448722299173169364E-17 ) ) ;
#627 = AXIS2_PLACEMENT_3D ( 'NONE', #861, #894, #744 ) ;
#628 = DIRECTION ( 'NONE',  ( -0.000000000000000000, 1.224646799147353454E-16, -1.000000000000000000 ) ) ;
#629 = ORIENTED_EDGE ( 'NONE', *, *, #235, .T. ) ;
#630 = LINE ( 'NONE', #1571, #258 ) ;
#631 = CARTESIAN_POINT ( 'NONE',  ( 0.000000000000000000, -9.429780353434621002E-16, 7.699999999999999289 ) ) ;
#632 = ORIENTED_EDGE ( 'NONE', *, *, #1027, .F. ) ;
#633 = CARTESIAN_POINT ( 'NONE',  ( 3.887430600636993577E-16, -9.236594306241048713, 9.700000000000001066 ) ) ;
#634 = CARTESIAN_POINT ( 'NONE',  ( 1.999781328413866355, 4.529574288280135974, 9.700000000000001066 ) ) ;
#635 = VERTEX_POINT ( 'NONE', #241 ) ;
#636 = CARTESIAN_POINT ( 'NONE',  ( -3.691808101519442165, -7.657309994430058886, 10.29999999999999538 ) ) ;
#637 = EDGE_CURVE ( 'NONE', #964, #280, #83, .T. ) ;
#638 = CARTESIAN_POINT ( 'NONE',  ( 0.000000000000000000, 8.000000000000000000, 0.2000000000000044520 ) ) ;
#639 = ORIENTED_EDGE ( 'NONE', *, *, #856, .T. ) ;
#640 = FACE_OUTER_BOUND ( 'NONE', #5, .T. ) ;
#641 = DIRECTION ( 'NONE',  ( 0.000000000000000000, 1.224646799147349263E-16, -1.000000000000000000 ) ) ;
#642 = CARTESIAN_POINT ( 'NONE',  ( 0.000000000000000000, -1.751244922780715498E-15, 14.30000000000000071 ) ) ;
#643 = VERTEX_POINT ( 'NONE', #1477 ) ;
#644 = CARTESIAN_POINT ( 'NONE',  ( -2.711324865405189577, -7.750778897598434192, 14.80000000000000071 ) ) ;
#645 = ADVANCED_FACE ( 'NONE', ( #640 ), #1665, .T. ) ;
#646 = AXIS2_PLACEMENT_3D ( 'NONE', #347, #212, #321 ) ;
#647 = EDGE_CURVE ( 'NONE', #1095, #349, #1380, .T. ) ;
#648 = EDGE_LOOP ( 'NONE', ( #654, #1212, #431 ) ) ;
#649 = AXIS2_PLACEMENT_3D ( 'NONE', #940, #965, #1482 ) ;
#650 = CARTESIAN_POINT ( 'NONE',  ( -2.999999999999997335, -7.952986860293437488, 14.29999999999999893 ) ) ;
#651 = DIRECTION ( 'NONE',  ( 0.000000000000000000, 1.000000000000000000, 2.112598763794258724E-16 ) ) ;
#652 = DIRECTION ( 'NONE',  ( 1.000000000000000000, 0.000000000000000000, 0.000000000000000000 ) ) ;
#653 = AXIS2_PLACEMENT_3D ( 'NONE', #901, #538, #764 ) ;
#654 = ORIENTED_EDGE ( 'NONE', *, *, #1652, .F. ) ;
#655 = CARTESIAN_POINT ( 'NONE',  ( -3.057061580177617977, 7.931227805012406762, 11.30000000000216964 ) ) ;
#656 = TOROIDAL_SURFACE ( 'NONE', #1107, 8.300000000000000711, 0.2999999999999999889 ) ;
#657 = CARTESIAN_POINT ( 'NONE',  ( 0.000000000000000000, -9.797174393178825657E-16, 7.999999999999998224 ) ) ;
#658 = CARTESIAN_POINT ( 'NONE',  ( 3.068977524661108625, -3.734651290076215879, 9.700000000000001066 ) ) ;
#659 = CARTESIAN_POINT ( 'NONE',  ( -5.178992753475444744, -0.1036571396498229686, -5.637853980444014668E-16 ) ) ;
#660 = ORIENTED_EDGE ( 'NONE', *, *, #849, .T. ) ;
#661 = FACE_BOUND ( 'NONE', #754, .T. ) ;
#662 = EDGE_CURVE ( 'NONE', #528, #1127, #783, .T. ) ;
#663 = CARTESIAN_POINT ( 'NONE',  ( 3.053987058288981427, 7.647512257315950635, 11.75268326888112647 ) ) ;
#664 = LINE ( 'NONE', #786, #1751 ) ;
#665 = ORIENTED_EDGE ( 'NONE', *, *, #191, .T. ) ;
#666 = LINE ( 'NONE', #693, #143 ) ;
#667 = DIRECTION ( 'NONE',  ( -0.000000000000000000, 1.224646799147353207E-16, -1.000000000000000000 ) ) ;
#668 = ADVANCED_FACE ( 'NONE', ( #766 ), #369, .F. ) ;
#669 = FACE_OUTER_BOUND ( 'NONE', #876, .T. ) ;
#670 = FACE_OUTER_BOUND ( 'NONE', #623, .T. ) ;
#671 = CIRCLE ( 'NONE', #453, 7.799999999999992717 ) ;
#672 = CARTESIAN_POINT ( 'NONE',  ( 2.499726660517334054, 4.536967860350169524, 4.527257184916176797E-18 ) ) ;
#673 = EDGE_LOOP ( 'NONE', ( #1251, #1345, #301, #1367 ) ) ;
#674 = FACE_OUTER_BOUND ( 'NONE', #73, .T. ) ;
#675 = EDGE_CURVE ( 'NONE', #86, #1640, #1334, .T. ) ;
#676 = AXIS2_PLACEMENT_3D ( 'NONE', #3, #552, #1494 ) ;
#677 = AXIS2_PLACEMENT_3D ( 'NONE', #1534, #1677, #325 ) ;
#678 = CIRCLE ( 'NONE', #1303, 8.000000000000000000 ) ;
#679 = CARTESIAN_POINT ( 'NONE',  ( 3.588800851810847625, 7.705841649550952965, 10.33655251694550437 ) ) ;
#680 = CALENDAR_DATE ( 2025, 16, 10 ) ;
#681 = LINE ( 'NONE', #834, #1611 ) ;
#682 = ORIENTED_EDGE ( 'NONE', *, *, #1718, .F. ) ;
#683 = EDGE_LOOP ( 'NONE', ( #383, #1515, #917, #251 ) ) ;
#684 = FACE_OUTER_BOUND ( 'NONE', #736, .T. ) ;
#685 = ORIENTED_EDGE ( 'NONE', *, *, #468, .F. ) ;
#686 = CARTESIAN_POINT ( 'NONE',  ( 3.222668668973597050, 7.865649404781661858, 10.75322928660879995 ) ) ;
#687 = PERSON_AND_ORGANIZATION ( #46, #1419 ) ;
#688 = ADVANCED_FACE ( 'NONE', ( #1205 ), #1072, .F. ) ;
#689 = EDGE_CURVE ( 'NONE', #1593, #396, #144, .T. ) ;
#690 = LINE ( 'NONE', #846, #315 ) ;
#691 = VERTEX_POINT ( 'NONE', #135 ) ;
#692 = ORIENTED_EDGE ( 'NONE', *, *, #401, .F. ) ;
#693 = CARTESIAN_POINT ( 'NONE',  ( -5.897114317029980235, -2.249999999999990230, 10.00000000000000000 ) ) ;
#694 = ADVANCED_FACE ( 'NONE', ( #669 ), #1713, .F. ) ;
#695 = DIRECTION ( 'NONE',  ( 3.552713678800500929E-15, -1.000000000000000000, -2.040851148208007998E-16 ) ) ;
#696 = DIRECTION ( 'NONE',  ( -0.000000000000000000, -0.000000000000000000, -1.000000000000000000 ) ) ;
#697 = CARTESIAN_POINT ( 'NONE',  ( -3.234559510278326666, -7.818614199279823040, 10.40306162587447680 ) ) ;
#698 = ORIENTED_EDGE ( 'NONE', *, *, #357, .F. ) ;
#699 = ORIENTED_EDGE ( 'NONE', *, *, #74, .T. ) ;
#700 = CARTESIAN_POINT ( 'NONE',  ( 0.000000000000000000, -1.383850883036509659E-15, 11.30000000000000071 ) ) ;
#701 = CIRCLE ( 'NONE', #1099, 7.922649730810380930 ) ;
#702 = TOROIDAL_SURFACE ( 'NONE', #1551, 6.299999999999999822, 0.2999999999999999889 ) ;
#703 = VECTOR ( 'NONE', #1330, 1000.000000000000000 ) ;
#704 = CARTESIAN_POINT ( 'NONE',  ( 3.339848494719154015, 7.816613457325902736, 10.55684703021171700 ) ) ;
#705 = CARTESIAN_POINT ( 'NONE',  ( 0.000000000000000000, 4.500000000000000000, 9.700000000000001066 ) ) ;
#706 = ORIENTED_EDGE ( 'NONE', *, *, #583, .T. ) ;
#707 = ORIENTED_EDGE ( 'NONE', *, *, #608, .T. ) ;
#708 = EDGE_CURVE ( 'NONE', #94, #988, #1130, .T. ) ;
#709 = DIRECTION ( 'NONE',  ( -1.000000000000000000, 0.000000000000000000, 0.000000000000000000 ) ) ;
#710 = EDGE_CURVE ( 'NONE', #1647, #798, #1467, .T. ) ;
#711 = CARTESIAN_POINT ( 'NONE',  ( 0.000000000000000000, 8.211324865405192241, 14.80000000000000249 ) ) ;
#712 = CARTESIAN_POINT ( 'NONE',  ( 0.000000000000000000, -1.812477262738082875E-15, 14.80000000000000071 ) ) ;
#713 = ORIENTED_EDGE ( 'NONE', *, *, #1435, .F. ) ;
#714 = ORIENTED_EDGE ( 'NONE', *, *, #404, .F. ) ;
#715 = CARTESIAN_POINT ( 'NONE',  ( 0.000000000000000000, -9.797174393178825657E-16, 7.999999999999998224 ) ) ;
#716 = CARTESIAN_POINT ( 'NONE',  ( -3.691834030264471878, 7.657297048132407191, 10.30000000000000604 ) ) ;
#717 = EDGE_CURVE ( 'NONE', #888, #575, #1378, .T. ) ;
#718 = CARTESIAN_POINT ( 'NONE',  ( -2.999999999999997335, 7.952986860293433935, 11.30000000000000071 ) ) ;
#719 = DIRECTION ( 'NONE',  ( 0.000000000000000000, -1.000000000000000000, 0.000000000000000000 ) ) ;
#720 = LINE ( 'NONE', #67, #1264 ) ;
#721 = CARTESIAN_POINT ( 'NONE',  ( 7.999125313655461866, 4.618297153120543896, 10.00000000000000000 ) ) ;
#722 = ADVANCED_FACE ( 'NONE', ( #967 ), #1129, .T. ) ;
#723 = CARTESIAN_POINT ( 'NONE',  ( 2.679266092958109802, -4.433310720700321284, -1.094015037989438772E-15 ) ) ;
#724 = ORIENTED_EDGE ( 'NONE', *, *, #31, .F. ) ;
#725 = VECTOR ( 'NONE', #1498, 1000.000000000000000 ) ;
#726 = CARTESIAN_POINT ( 'NONE',  ( 3.158484444891029863, 7.536332516823224026, 11.30000000000000249 ) ) ;
#727 = AXIS2_PLACEMENT_3D ( 'NONE', #1574, #525, #1199 ) ;
#728 = ADVANCED_FACE ( 'NONE', ( #1505 ), #313, .F. ) ;
#729 = DIRECTION ( 'NONE',  ( -0.000000000000000000, -0.000000000000000000, -1.000000000000000000 ) ) ;
#730 = CIRCLE ( 'NONE', #812, 8.211324865405194018 ) ;
#731 = PERSON_AND_ORGANIZATION ( #46, #1419 ) ;
#732 = AXIS2_PLACEMENT_3D ( 'NONE', #1302, #519, #1166 ) ;
#733 = DIRECTION ( 'NONE',  ( 0.000000000000000000, 0.7071067811865536790, -0.7071067811865413555 ) ) ;
#734 = DIRECTION ( 'NONE',  ( -0.000000000000000000, -0.000000000000000000, 1.000000000000000000 ) ) ;
#735 = CARTESIAN_POINT ( 'NONE',  ( 3.797073968079209383, -7.604750441726228161, 10.29999999999999893 ) ) ;
#736 = EDGE_LOOP ( 'NONE', ( #1243, #1578, #1085, #745 ) ) ;
#737 = CARTESIAN_POINT ( 'NONE',  ( -4.768791653812895603, -0.7904868549618766504, 10.00000000000000000 ) ) ;
#738 = DIRECTION ( 'NONE',  ( 0.000000000000000000, -1.224646799147353700E-16, 1.000000000000000000 ) ) ;
#739 = ORIENTED_EDGE ( 'NONE', *, *, #969, .T. ) ;
#740 = EDGE_CURVE ( 'NONE', #1503, #635, #624, .T. ) ;
#741 = DIRECTION ( 'NONE',  ( 0.000000000000000000, 0.000000000000000000, -1.000000000000000000 ) ) ;
#742 = EDGE_CURVE ( 'NONE', #1657, #124, #198, .T. ) ;
#743 = PRODUCT_RELATED_PRODUCT_CATEGORY ( 'detail', '', ( #1342 ) ) ;
#744 = DIRECTION ( 'NONE',  ( 0.000000000000000000, 1.000000000000000000, 2.040851148208007998E-16 ) ) ;
#745 = ORIENTED_EDGE ( 'NONE', *, *, #1229, .T. ) ;
#746 = CARTESIAN_POINT ( 'NONE',  ( 3.797073968079209383, -7.604750441726228161, 10.29999999999999893 ) ) ;
#747 = DIRECTION ( 'NONE',  ( -0.000000000000000000, -0.000000000000000000, 1.000000000000000000 ) ) ;
#748 = CARTESIAN_POINT ( 'NONE',  ( 3.000000000000002665, -7.952986860293435711, 14.80000000000000071 ) ) ;
#749 = CARTESIAN_POINT ( 'NONE',  ( 0.000000000000000000, -1.751244922780715498E-15, 14.30000000000000071 ) ) ;
#750 = ORIENTED_EDGE ( 'NONE', *, *, #153, .T. ) ;
#751 = FACE_BOUND ( 'NONE', #1234, .T. ) ;
#752 = CONICAL_SURFACE ( 'NONE', #781, 2.000000000000000888, 0.7853981633974469467 ) ;
#753 = CARTESIAN_POINT ( 'NONE',  ( 0.000000000000000000, -9.797174393178825657E-16, 7.999999999999998224 ) ) ;
#754 = EDGE_LOOP ( 'NONE', ( #1488, #1012 ) ) ;
#755 = AXIS2_PLACEMENT_3D ( 'NONE', #193, #1262, #1432 ) ;
#756 = CARTESIAN_POINT ( 'NONE',  ( 3.057061580177623306, -7.931227805012410315, 11.30000000000216609 ) ) ;
#757 = VECTOR ( 'NONE', #1038, 1000.000000000000000 ) ;
#758 = AXIS2_PLACEMENT_3D ( 'NONE', #1666, #65, #610 ) ;
#759 = CYLINDRICAL_SURFACE ( 'NONE', #1051, 8.000000000000000000 ) ;
#760 = ORIENTED_EDGE ( 'NONE', *, *, #742, .T. ) ;
#761 = EDGE_CURVE ( 'NONE', #442, #1497, #1100, .T. ) ;
#762 = ADVANCED_BREP_SHAPE_REPRESENTATION ( 'OLY014_01297-A', ( #427, #1530 ), #1673 ) ;
#763 = PLANE ( 'NONE',  #1013 ) ;
#764 = DIRECTION ( 'NONE',  ( 0.000000000000000000, 1.000000000000000000, 1.084202172485504434E-16 ) ) ;
#765 = ORIENTED_EDGE ( 'NONE', *, *, #1062, .F. ) ;
#766 = FACE_OUTER_BOUND ( 'NONE', #923, .T. ) ;
#767 = LINE ( 'NONE', #387, #209 ) ;
#768 = CARTESIAN_POINT ( 'NONE',  ( -3.252147381016739391, 7.461015766440333152, 11.30000000000000249 ) ) ;
#769 = ORIENTED_EDGE ( 'NONE', *, *, #1148, .T. ) ;
#770 = EDGE_CURVE ( 'NONE', #1387, #545, #305, .T. ) ;
#771 = DIRECTION ( 'NONE',  ( 0.000000000000000000, -1.000000000000000000, -8.673617379884034239E-17 ) ) ;
#772 = EDGE_CURVE ( 'NONE', #86, #512, #454, .T. ) ;
#773 = EDGE_LOOP ( 'NONE', ( #1131, #1670, #240, #908 ) ) ;
#774 = DIRECTION ( 'NONE',  ( 0.000000000000000000, -1.224646799147356905E-16, 1.000000000000000000 ) ) ;
#775 = CARTESIAN_POINT ( 'NONE',  ( -2.922835737772483622, -3.996648576560255517, 0.5000000000000022204 ) ) ;
#776 = CARTESIAN_POINT ( 'NONE',  ( -3.590821401530196688, 7.079854681125757665, 11.30000000000000426 ) ) ;
#777 = ORIENTED_EDGE ( 'NONE', *, *, #8, .F. ) ;
#778 = DIRECTION ( 'NONE',  ( 0.000000000000000000, -1.224646799147353454E-16, 1.000000000000000000 ) ) ;
#779 = ORIENTED_EDGE ( 'NONE', *, *, #1710, .F. ) ;
#780 = CIRCLE ( 'NONE', #18, 6.000000000000000000 ) ;
#781 = AXIS2_PLACEMENT_3D ( 'NONE', #245, #1203, #1594 ) ;
#782 = DIRECTION ( 'NONE',  ( 1.000000000000000000, 1.224646799147353207E-16, 1.499759782661857882E-32 ) ) ;
#783 = CIRCLE ( 'NONE', #422, 8.500000000000001776 ) ;
#784 = FACE_OUTER_BOUND ( 'NONE', #128, .T. ) ;
#785 = CIRCLE ( 'NONE', #373, 2.500000000000001776 ) ;
#786 = CARTESIAN_POINT ( 'NONE',  ( 4.922617066186346868, -0.5329257117198541449, 0.5000000000000038858 ) ) ;
#787 = AXIS2_PLACEMENT_3D ( 'NONE', #1683, #600, #1126 ) ;
#788 = ORIENTED_EDGE ( 'NONE', *, *, #986, .F. ) ;
#789 = DIRECTION ( 'NONE',  ( -0.000000000000000000, 1.224646799147353454E-16, -1.000000000000000000 ) ) ;
#790 = CONICAL_SURFACE ( 'NONE', #289, 8.211324865405194018, 0.5235987755982910441 ) ;
#791 = CARTESIAN_POINT ( 'NONE',  ( -5.897114317029980235, -2.249999999999990230, 0.5000000000000022204 ) ) ;
#792 = FACE_OUTER_BOUND ( 'NONE', #1686, .T. ) ;
#793 = DIRECTION ( 'NONE',  ( 4.440892098500626162E-15, -1.000000000000000000, -2.040851148208007998E-16 ) ) ;
#794 = ORIENTED_EDGE ( 'NONE', *, *, #1610, .T. ) ;
#795 = DIRECTION ( 'NONE',  ( 0.000000000000000000, -1.000000000000000000, -2.189574870678232147E-16 ) ) ;
#796 = APPROVAL ( #1506, 'UNSPECIFIED' ) ;
#797 = CARTESIAN_POINT ( 'NONE',  ( 3.793819063148533122, -7.536744009041764336, 10.40790290666469531 ) ) ;
#798 = VERTEX_POINT ( 'NONE', #805 ) ;
#799 = DIRECTION ( 'NONE',  ( -1.224646799147353207E-16, 1.000000000000000000, 0.000000000000000000 ) ) ;
#800 = CARTESIAN_POINT ( 'NONE',  ( 3.764984115255203267, 6.970887559628672570, 11.30000000000000071 ) ) ;
#801 = CARTESIAN_POINT ( 'NONE',  ( 3.797073968079209827, 7.604750441726226384, 10.30000000000000249 ) ) ;
#802 = EDGE_LOOP ( 'NONE', ( #682, #225, #698, #1114 ) ) ;
#803 = CARTESIAN_POINT ( 'NONE',  ( -2.999999999999997335, 7.952986860293433935, 14.30000000000000249 ) ) ;
#804 = CIRCLE ( 'NONE', #1436, 5.499999999999998224 ) ;
#805 = CARTESIAN_POINT ( 'NONE',  ( 0.000000000000000000, 8.300000000000000711, 4.700000000000000178 ) ) ;
#806 = CARTESIAN_POINT ( 'NONE',  ( 0.000000000000000000, 0.000000000000000000, 0.000000000000000000 ) ) ;
#807 = CIRCLE ( 'NONE', #201, 0.2999999999999998779 ) ;
#808 = AXIS2_PLACEMENT_3D ( 'NONE', #550, #1222, #557 ) ;
#809 = CARTESIAN_POINT ( 'NONE',  ( 0.000000000000000000, -6.000769315822044545E-16, 4.900000000000010125 ) ) ;
#810 = EDGE_LOOP ( 'NONE', ( #794, #972, #1348, #1699, #1112 ) ) ;
#811 = CARTESIAN_POINT ( 'NONE',  ( 0.000000000000000000, 4.500000000000000000, 10.00000000000000000 ) ) ;
#812 = AXIS2_PLACEMENT_3D ( 'NONE', #1605, #1319, #652 ) ;
#813 = AXIS2_PLACEMENT_3D ( 'NONE', #1340, #1299, #93 ) ;
#814 = EDGE_CURVE ( 'NONE', #1496, #161, #1609, .T. ) ;
#815 = CONICAL_SURFACE ( 'NONE', #677, 2.000000000000001332, 0.7853981633974473908 ) ;
#816 = EDGE_LOOP ( 'NONE', ( #1433, #309, #1585, #613 ) ) ;
#817 = EDGE_CURVE ( 'NONE', #1331, #575, #1216, .T. ) ;
#818 = DIRECTION ( 'NONE',  ( 0.000000000000000000, 1.000000000000000000, 1.224646799147353207E-16 ) ) ;
#819 = DIRECTION ( 'NONE',  ( 0.000000000000000000, 0.000000000000000000, -1.000000000000000000 ) ) ;
#820 = CARTESIAN_POINT ( 'NONE',  ( -3.797073968079205386, -7.604750441726229937, 10.29999999999999893 ) ) ;
#821 = ORIENTED_EDGE ( 'NONE', *, *, #817, .F. ) ;
#822 = VERTEX_POINT ( 'NONE', #542 ) ;
#823 = LINE ( 'NONE', #1356, #900 ) ;
#824 = EDGE_CURVE ( 'NONE', #836, #1607, #592, .T. ) ;
#825 = EDGE_CURVE ( 'NONE', #691, #487, #52, .T. ) ;
#826 = ORIENTED_EDGE ( 'NONE', *, *, #1652, .T. ) ;
#827 = FACE_OUTER_BOUND ( 'NONE', #944, .T. ) ;
#828 = CARTESIAN_POINT ( 'NONE',  ( -3.231044621168090547, -7.604095453330804943, 10.74885516871669111 ) ) ;
#829 = ORIENTED_EDGE ( 'NONE', *, *, #873, .F. ) ;
#830 = VERTEX_POINT ( 'NONE', #1752 ) ;
#831 = CARTESIAN_POINT ( 'NONE',  ( 1.699814129151786535, 4.525138145038114956, 10.00000000000000000 ) ) ;
#832 = EDGE_LOOP ( 'NONE', ( #1375, #714, #1508, #294 ) ) ;
#833 = CARTESIAN_POINT ( 'NONE',  ( 2.711324865405194906, 7.952986860293433935, 14.80000000000000071 ) ) ;
#834 = CARTESIAN_POINT ( 'NONE',  ( 2.922835737772484510, -3.996648576560254629, 10.00000000000000000 ) ) ;
#835 = ORIENTED_EDGE ( 'NONE', *, *, #401, .T. ) ;
#836 = VERTEX_POINT ( 'NONE', #1089 ) ;
#837 = CARTESIAN_POINT ( 'NONE',  ( -3.234569308164241708, 7.819206291792978547, 10.40210712108075519 ) ) ;
#838 = AXIS2_PLACEMENT_3D ( 'NONE', #1235, #563, #152 ) ;
#839 = ADVANCED_FACE ( 'NONE', ( #1082 ), #1413, .T. ) ;
#840 = AXIS2_PLACEMENT_3D ( 'NONE', #1350, #1249, #32 ) ;
#841 = VERTEX_POINT ( 'NONE', #941 ) ;
#842 = CIRCLE ( 'NONE', #85, 8.300000000000000711 ) ;
#843 = CIRCLE ( 'NONE', #787, 2.000000000000001332 ) ;
#844 = CARTESIAN_POINT ( 'NONE',  ( 0.000000000000000000, -1.751244922780715498E-15, 14.30000000000000071 ) ) ;
#845 = AXIS2_PLACEMENT_3D ( 'NONE', #1098, #306, #948 ) ;
#846 = CARTESIAN_POINT ( 'NONE',  ( 1.040949779275250337E-15, -8.500000000000001776, -1.040949779275250731E-15 ) ) ;
#847 = ORIENTED_EDGE ( 'NONE', *, *, #457, .T. ) ;
#848 = ORIENTED_EDGE ( 'NONE', *, *, #436, .T. ) ;
#849 = EDGE_CURVE ( 'NONE', #1545, #964, #951, .T. ) ;
#850 = DIRECTION ( 'NONE',  ( 0.000000000000000000, 1.000000000000000000, 1.224646799147353700E-16 ) ) ;
#851 = ORIENTED_EDGE ( 'NONE', *, *, #1373, .F. ) ;
#852 = DIRECTION ( 'NONE',  ( 0.000000000000000000, 0.000000000000000000, -1.000000000000000000 ) ) ;
#853 = VERTEX_POINT ( 'NONE', #1361 ) ;
#854 = CYLINDRICAL_SURFACE ( 'NONE', #456, 6.000000000000000000 ) ;
#855 = COORDINATED_UNIVERSAL_TIME_OFFSET ( 0, 0, .AHEAD. ) ;
#856 = EDGE_CURVE ( 'NONE', #841, #1225, #1384, .T. ) ;
#857 = LINE ( 'NONE', #1400, #148 ) ;
#858 = ORIENTED_EDGE ( 'NONE', *, *, #1273, .F. ) ;
#859 = FACE_OUTER_BOUND ( 'NONE', #1314, .T. ) ;
#860 = ADVANCED_FACE ( 'NONE', ( #1558 ), #21, .F. ) ;
#861 = CARTESIAN_POINT ( 'NONE',  ( 0.000000000000000000, -1.261386203121774116E-15, 10.30000000000000071 ) ) ;
#862 = ORIENTED_EDGE ( 'NONE', *, *, #1210, .T. ) ;
#863 = DIRECTION ( 'NONE',  ( 0.000000000000000000, -1.000000000000000000, -2.040851148208007998E-16 ) ) ;
#864 = CARTESIAN_POINT ( 'NONE',  ( 0.000000000000000000, -2.449293598294749678E-17, 0.2000000000000034805 ) ) ;
#865 = DIRECTION ( 'NONE',  ( 0.000000000000000000, -1.224646799147353700E-16, 1.000000000000000000 ) ) ;
#866 = CARTESIAN_POINT ( 'NONE',  ( 3.590821401530199353, -7.079854681125761218, 11.29999999999999893 ) ) ;
#867 = AXIS2_PLACEMENT_3D ( 'NONE', #78, #1564, #464 ) ;
#868 = DIRECTION ( 'NONE',  ( 0.000000000000000000, 0.000000000000000000, -1.000000000000000000 ) ) ;
#869 = ORIENTED_EDGE ( 'NONE', *, *, #1610, .F. ) ;
#870 = CIRCLE ( 'NONE', #110, 6.299999999999999822 ) ;
#871 = CARTESIAN_POINT ( 'NONE',  ( 0.000000000000000000, -9.797174393178825657E-16, 7.999999999999998224 ) ) ;
#872 = CIRCLE ( 'NONE', #1579, 8.500000000000001776 ) ;
#873 = EDGE_CURVE ( 'NONE', #171, #1119, #1703, .T. ) ;
#874 = CARTESIAN_POINT ( 'NONE',  ( 3.053987091394438469, -7.647508479212205224, 11.75268882317884511 ) ) ;
#875 = VECTOR ( 'NONE', #1464, 1000.000000000000000 ) ;
#876 = EDGE_LOOP ( 'NONE', ( #1285, #835, #1177, #829 ) ) ;
#877 = EDGE_CURVE ( 'NONE', #1406, #1545, #785, .T. ) ;
#878 = AXIS2_PLACEMENT_3D ( 'NONE', #633, #1335, #120 ) ;
#879 = CIRCLE ( 'NONE', #845, 1.700000000000001510 ) ;
#880 = DIRECTION ( 'NONE',  ( 8.659560562354782482E-17, 0.7071067811865351382, 0.7071067811865598962 ) ) ;
#881 = FACE_OUTER_BOUND ( 'NONE', #523, .T. ) ;
#882 = ORIENTED_EDGE ( 'NONE', *, *, #1063, .T. ) ;
#883 = DIRECTION ( 'NONE',  ( 0.5127513745781852039, -0.8585371441400668768, 0.000000000000000000 ) ) ;
#884 = CARTESIAN_POINT ( 'NONE',  ( 3.897114317029979347, -2.249999999999989786, -8.266365894244623486E-16 ) ) ;
#885 = ORIENTED_EDGE ( 'NONE', *, *, #122, .T. ) ;
#886 = CARTESIAN_POINT ( 'NONE',  ( 3.897114317029979347, -2.249999999999989786, 10.00000000000000000 ) ) ;
#887 = DIRECTION ( 'NONE',  ( -1.000000000000000000, 0.000000000000000000, 0.000000000000000000 ) ) ;
#888 = VERTEX_POINT ( 'NONE', #1284 ) ;
#889 = CARTESIAN_POINT ( 'NONE',  ( -3.797073968079205386, -7.604750441726229937, 10.29999999999999893 ) ) ;
#890 = FACE_OUTER_BOUND ( 'NONE', #579, .T. ) ;
#891 = ORIENTED_EDGE ( 'NONE', *, *, #40, .T. ) ;
#892 = ADVANCED_FACE ( 'NONE', ( #1661 ), #263, .T. ) ;
#893 = CARTESIAN_POINT ( 'NONE',  ( 3.068977524661108625, -3.734651290076215435, 10.00000000000000000 ) ) ;
#894 = DIRECTION ( 'NONE',  ( -0.000000000000000000, 1.224646799147353207E-16, -1.000000000000000000 ) ) ;
#895 = ORIENTED_EDGE ( 'NONE', *, *, #586, .F. ) ;
#896 = EDGE_CURVE ( 'NONE', #798, #349, #842, .T. ) ;
#897 = FACE_OUTER_BOUND ( 'NONE', #374, .T. ) ;
#898 = CIRCLE ( 'NONE', #946, 6.000000000000000000 ) ;
#899 = AXIS2_PLACEMENT_3D ( 'NONE', #524, #789, #1171 ) ;
#900 = VECTOR ( 'NONE', #574, 1000.000000000000000 ) ;
#901 = CARTESIAN_POINT ( 'NONE',  ( 0.000000000000000000, -5.388445916248354013E-16, 4.399999999999999467 ) ) ;
#902 = VERTEX_POINT ( 'NONE', #1003 ) ;
#903 = AXIS2_PLACEMENT_3D ( 'NONE', #1596, #774, #1182 ) ;
#904 = DIRECTION ( 'NONE',  ( 0.000000000000000000, -1.000000000000000000, -2.040851148208007998E-16 ) ) ;
#905 = CARTESIAN_POINT ( 'NONE',  ( 3.057061580178077165, 7.931227805012047050, 11.30000000000000249 ) ) ;
#906 = CIRCLE ( 'NONE', #1444, 7.922649730810380930 ) ;
#907 = CARTESIAN_POINT ( 'NONE',  ( -3.057061580177617977, 7.931227805012406762, 11.30000000000216964 ) ) ;
#908 = ORIENTED_EDGE ( 'NONE', *, *, #1323, .F. ) ;
#909 = ADVANCED_FACE ( 'NONE', ( #1025 ), #1268, .F. ) ;
#910 = FACE_OUTER_BOUND ( 'NONE', #1152, .T. ) ;
#911 = PRODUCT_DEFINITION_FORMATION_WITH_SPECIFIED_SOURCE ( 'ANY', '', #1342, .NOT_KNOWN. ) ;
#912 = CARTESIAN_POINT ( 'NONE',  ( 0.000000000000000000, 8.211324865405192241, 14.80000000000000071 ) ) ;
#913 = ORIENTED_EDGE ( 'NONE', *, *, #740, .T. ) ;
#914 = DIRECTION ( 'NONE',  ( -1.000000000000000000, 0.000000000000000000, 0.000000000000000000 ) ) ;
#915 = CARTESIAN_POINT ( 'NONE',  ( 3.165999864500343985, -7.889371075714021408, 10.84788974346013468 ) ) ;
#916 = LINE ( 'NONE', #659, #55 ) ;
#917 = ORIENTED_EDGE ( 'NONE', *, *, #1485, .T. ) ;
#918 = DIRECTION ( 'NONE',  ( -0.8660254037844425934, -0.000000000000000000, 0.4999999999999932276 ) ) ;
#919 = ORIENTED_EDGE ( 'NONE', *, *, #849, .F. ) ;
#920 = DIRECTION ( 'NONE',  ( 0.000000000000000000, -1.224646799147353454E-16, 1.000000000000000000 ) ) ;
#921 = DIRECTION ( 'NONE',  ( -0.000000000000000000, 1.224646799147353454E-16, -1.000000000000000000 ) ) ;
#922 = CARTESIAN_POINT ( 'NONE',  ( 0.000000000000000000, 10.00000000000000178, 1.224646799147353848E-15 ) ) ;
#923 = EDGE_LOOP ( 'NONE', ( #1092, #1294, #616 ) ) ;
#924 = CARTESIAN_POINT ( 'NONE',  ( -2.999999999999997335, -7.952986860293437488, 14.29999999999999893 ) ) ;
#925 = AXIS2_PLACEMENT_3D ( 'NONE', #811, #537, #1113 ) ;
#926 = CARTESIAN_POINT ( 'NONE',  ( 3.787460744564673298, 7.403329983945466708, 10.61967279656153273 ) ) ;
#927 = AXIS2_PLACEMENT_3D ( 'NONE', #108, #1369, #1483 ) ;
#928 = LINE ( 'NONE', #775, #1586 ) ;
#929 = CC_DESIGN_PERSON_AND_ORGANIZATION_ASSIGNMENT ( #1560, #51, ( #149 ) ) ;
#930 = VECTOR ( 'NONE', #348, 1000.000000000000000 ) ;
#931 = DIRECTION ( 'NONE',  ( 1.000000000000000000, 0.000000000000000000, 0.000000000000000000 ) ) ;
#932 = CONICAL_SURFACE ( 'NONE', #1134, 6.000000000000000000, 0.7853981633974466137 ) ;
#933 = VERTEX_POINT ( 'NONE', #323 ) ;
#934 = CARTESIAN_POINT ( 'NONE',  ( 4.768791653812891163, -0.7904868549618738749, 10.00000000000000000 ) ) ;
#935 = AXIS2_PLACEMENT_3D ( 'NONE', #1223, #403, #158 ) ;
#936 = DIRECTION ( 'NONE',  ( -1.000000000000000000, 0.000000000000000000, 0.000000000000000000 ) ) ;
#937 = DIRECTION ( 'NONE',  ( -1.000000000000000000, 0.000000000000000000, 0.000000000000000000 ) ) ;
#938 = CARTESIAN_POINT ( 'NONE',  ( -3.438822149029208131, 7.217564939208395813, 11.30000000000000249 ) ) ;
#939 = VERTEX_POINT ( 'NONE', #1125 ) ;
#940 = CARTESIAN_POINT ( 'NONE',  ( 0.000000000000000000, -9.184850993605159777E-16, 7.500000000000007105 ) ) ;
#941 = CARTESIAN_POINT ( 'NONE',  ( 0.000000000000000000, -7.799999999999992717, -1.506315562951243821E-15 ) ) ;
#942 = EDGE_CURVE ( 'NONE', #1004, #643, #1298, .T. ) ;
#943 = CARTESIAN_POINT ( 'NONE',  ( 0.000000000000000000, -9.429780353434619030E-16, 7.699999999999999289 ) ) ;
#944 = EDGE_LOOP ( 'NONE', ( #389, #1602, #1454, #423, #1300, #337, #1655, #104, #788, #913, #966, #706 ) ) ;
#945 = DIRECTION ( 'NONE',  ( -0.000000000000000000, 1.224646799147353454E-16, -1.000000000000000000 ) ) ;
#946 = AXIS2_PLACEMENT_3D ( 'NONE', #1167, #1684, #617 ) ;
#947 = DIRECTION ( 'NONE',  ( -0.000000000000000000, -0.000000000000000000, 1.000000000000000000 ) ) ;
#948 = DIRECTION ( 'NONE',  ( -1.000000000000000000, 0.000000000000000000, 0.000000000000000000 ) ) ;
#949 = CONICAL_SURFACE ( 'NONE', #649, 10.00000000000000178, 0.7853981633974569387 ) ;
#950 = EDGE_CURVE ( 'NONE', #991, #635, #455, .T. ) ;
#951 = CIRCLE ( 'NONE', #1698, 5.499999999999999112 ) ;
#952 = DIRECTION ( 'NONE',  ( -0.000000000000000000, 1.224646799147353454E-16, -1.000000000000000000 ) ) ;
#953 = ADVANCED_FACE ( 'NONE', ( #890 ), #854, .T. ) ;
#954 = ORIENTED_EDGE ( 'NONE', *, *, #710, .T. ) ;
#955 = VERTEX_POINT ( 'NONE', #718 ) ;
#956 = CARTESIAN_POINT ( 'NONE',  ( 1.999781328413866355, 4.529574288280135974, 0.5000000000000038858 ) ) ;
#957 = AXIS2_PLACEMENT_3D ( 'NONE', #705, #1645, #1110 ) ;
#958 = ORIENTED_EDGE ( 'NONE', *, *, #222, .T. ) ;
#959 = VECTOR ( 'NONE', #733, 1000.000000000000114 ) ;
#960 = CARTESIAN_POINT ( 'NONE',  ( 0.000000000000000000, 8.300000000000000711, 4.400000000000000355 ) ) ;
#961 = DIRECTION ( 'NONE',  ( -1.000000000000000000, 0.000000000000000000, 0.000000000000000000 ) ) ;
#962 = CARTESIAN_POINT ( 'NONE',  ( 0.000000000000000000, -5.755839955992559655E-16, 4.699999999999999289 ) ) ;
#963 = ORIENTED_EDGE ( 'NONE', *, *, #253, .F. ) ;
#964 = VERTEX_POINT ( 'NONE', #466 ) ;
#965 = DIRECTION ( 'NONE',  ( -0.000000000000000000, 1.224646799147358138E-16, -1.000000000000000000 ) ) ;
#966 = ORIENTED_EDGE ( 'NONE', *, *, #1316, .T. ) ;
#967 = FACE_OUTER_BOUND ( 'NONE', #1190, .T. ) ;
#968 =( NAMED_UNIT ( * ) SI_UNIT ( $, .STERADIAN. ) SOLID_ANGLE_UNIT ( ) );
#969 = EDGE_CURVE ( 'NONE', #822, #902, #1168, .T. ) ;
#970 = DIRECTION ( 'NONE',  ( 0.000000000000000000, 1.000000000000000000, 2.112598763794258724E-16 ) ) ;
#971 = ORIENTED_EDGE ( 'NONE', *, *, #814, .T. ) ;
#972 = ORIENTED_EDGE ( 'NONE', *, *, #1139, .F. ) ;
#973 = CYLINDRICAL_SURFACE ( 'NONE', #1322, 8.500000000000001776 ) ;
#974 = DIRECTION ( 'NONE',  ( 0.4871392896287479735, -0.8733242882801317553, 0.000000000000000000 ) ) ;
#975 = EDGE_CURVE ( 'NONE', #988, #1595, #1691, .T. ) ;
#977 = CIRCLE ( 'NONE', #138, 6.299999999999999822 ) ;
#976 = CARTESIAN_POINT ( 'NONE',  ( -3.764984115255197050, -6.970887559628678787, 11.30000000000000071 ) ) ;
#978 = ORIENTED_EDGE ( 'NONE', *, *, #155, .T. ) ;
#979 = ORIENTED_EDGE ( 'NONE', *, *, #1273, .T. ) ;
#980 = DIRECTION ( 'NONE',  ( -1.000000000000000000, 0.000000000000000000, 0.000000000000000000 ) ) ;
#981 = AXIS2_PLACEMENT_3D ( 'NONE', #444, #281, #1511 ) ;
#982 = CARTESIAN_POINT ( 'NONE',  ( 0.000000000000000000, 8.000000000000000000, 4.286263797015737088E-16 ) ) ;
#983 = CIRCLE ( 'NONE', #458, 8.300000000000000711 ) ;
#984 = CARTESIAN_POINT ( 'NONE',  ( 0.000000000000000000, 6.748919021978363614E-32, -5.510910596163089556E-16 ) ) ;
#985 = LOCAL_TIME ( 13, 14, 5.000000000000000000, #291 ) ;
#986 = EDGE_CURVE ( 'NONE', #1503, #955, #482, .T. ) ;
#987 = DIRECTION ( 'NONE',  ( -0.000000000000000000, 1.224646799147353454E-16, -1.000000000000000000 ) ) ;
#988 = VERTEX_POINT ( 'NONE', #1572 ) ;
#989 = CARTESIAN_POINT ( 'NONE',  ( 1.224646799147353454E-15, -10.00000000000000178, 4.900000000000009237 ) ) ;
#990 = LINE ( 'NONE', #605, #1388 ) ;
#991 = VERTEX_POINT ( 'NONE', #912 ) ;
#992 = CARTESIAN_POINT ( 'NONE',  ( -4.922617066186351309, -0.5329257117198569205, 9.700000000000001066 ) ) ;
#993 = CARTESIAN_POINT ( 'NONE',  ( -3.793819063148527793, 7.536744009041764336, 10.40790290666469886 ) ) ;
#994 = COORDINATED_UNIVERSAL_TIME_OFFSET ( 0, 0, .AHEAD. ) ;
#995 = DIRECTION ( 'NONE',  ( 0.7070294691058420788, -0.01045608989582522998, 0.7071067811865485719 ) ) ;
#996 = DIRECTION ( 'NONE',  ( -1.000000000000000000, 0.000000000000000000, 0.000000000000000000 ) ) ;
#997 = PLANE ( 'NONE',  #1672 ) ;
#998 = ORIENTED_EDGE ( 'NONE', *, *, #92, .F. ) ;
#999 = EDGE_CURVE ( 'NONE', #229, #902, #594, .T. ) ;
#1000 = DIRECTION ( 'NONE',  ( -0.000000000000000000, -0.000000000000000000, -1.000000000000000000 ) ) ;
#1001 = EDGE_CURVE ( 'NONE', #322, #888, #176, .T. ) ;
#1002 = DESIGN_CONTEXT ( 'detailed design', #1061, 'design' ) ;
#1003 = CARTESIAN_POINT ( 'NONE',  ( -3.797073968079204942, 7.604750441726228161, 10.30000000000000249 ) ) ;
#1004 = VERTEX_POINT ( 'NONE', #638 ) ;
#1005 = CALENDAR_DATE ( 2025, 16, 10 ) ;
#1006 = FACE_OUTER_BOUND ( 'NONE', #151, .T. ) ;
#1007 = CARTESIAN_POINT ( 'NONE',  ( 3.764984115255203267, -6.970887559628675234, 11.30000000000000071 ) ) ;
#1008 = EDGE_CURVE ( 'NONE', #1095, #1647, #376, .T. ) ;
#1009 = CIRCLE ( 'NONE', #257, 8.211324865405194018 ) ;
#1010 = EDGE_CURVE ( 'NONE', #360, #160, #1368, .T. ) ;
#1011 = CARTESIAN_POINT ( 'NONE',  ( 0.000000000000000000, -1.383850883036509265E-15, 14.80000000000000071 ) ) ;
#1012 = ORIENTED_EDGE ( 'NONE', *, *, #1347, .T. ) ;
#1013 = AXIS2_PLACEMENT_3D ( 'NONE', #1741, #252, #1178 ) ;
#1014 = FACE_OUTER_BOUND ( 'NONE', #1333, .T. ) ;
#1015 = AXIS2_PLACEMENT_3D ( 'NONE', #657, #1447, #904 ) ;
#1016 = DIRECTION ( 'NONE',  ( 0.000000000000000000, 1.000000000000000000, 1.224646799147353454E-16 ) ) ;
#1017 = CONICAL_SURFACE ( 'NONE', #264, 7.799999999999992717, 0.7853981633974569387 ) ;
#1018 = ORIENTED_EDGE ( 'NONE', *, *, #68, .F. ) ;
#1019 = CONICAL_SURFACE ( 'NONE', #758, 9.799999999999997158, 0.7853981633974309595 ) ;
#1020 = FACE_OUTER_BOUND ( 'NONE', #168, .T. ) ;
#1021 = FACE_OUTER_BOUND ( 'NONE', #810, .T. ) ;
#1022 = ORIENTED_EDGE ( 'NONE', *, *, #637, .T. ) ;
#1023 = CARTESIAN_POINT ( 'NONE',  ( 0.000000000000000000, 6.748919021978363614E-32, -5.510910596163089556E-16 ) ) ;
#1024 = ADVANCED_FACE ( 'NONE', ( #1476 ), #1468, .F. ) ;
#1025 = FACE_OUTER_BOUND ( 'NONE', #154, .T. ) ;
#1026 = ORIENTED_EDGE ( 'NONE', *, *, #1194, .T. ) ;
#1027 = EDGE_CURVE ( 'NONE', #593, #1503, #1719, .T. ) ;
#1028 = CARTESIAN_POINT ( 'NONE',  ( 0.000000000000000000, 8.000000000000000000, 4.400000000000000355 ) ) ;
#1029 = DIRECTION ( 'NONE',  ( -1.000000000000000000, 0.000000000000000000, 0.000000000000000000 ) ) ;
#1030 = DIRECTION ( 'NONE',  ( -0.000000000000000000, -0.000000000000000000, 1.000000000000000000 ) ) ;
#1031 = EDGE_LOOP ( 'NONE', ( #1720, #724, #847, #498 ) ) ;
#1032 = CARTESIAN_POINT ( 'NONE',  ( 3.764984115255203267, -6.970887559628675234, 11.30000000000000071 ) ) ;
#1033 = CARTESIAN_POINT ( 'NONE',  ( 3.797073968079209383, -7.604750441726228161, 10.29999999999999893 ) ) ;
#1034 = ADVANCED_FACE ( 'NONE', ( #378 ), #23, .F. ) ;
#1035 = CARTESIAN_POINT ( 'NONE',  ( 3.234559510278328887, 7.818614199279822152, 10.40306162587447680 ) ) ;
#1036 = CARTESIAN_POINT ( 'NONE',  ( 7.999125313655461866, 4.618297153120543896, 10.00000000000000000 ) ) ;
#1037 = B_SPLINE_CURVE_WITH_KNOTS ( 'NONE', 3,
 ( #735, #1280, #1562, #1731, #1456, #915, #1200, #756 ),
 .UNSPECIFIED., .F., .F.,
 ( 4, 2, 2, 4 ),
 ( -0.0005716943060850060605, -0.0002273081267104651044, 0.0001170780526640758518, 0.0008058504114131627514 ),
 .UNSPECIFIED. ) ;
#1038 = DIRECTION ( 'NONE',  ( 0.000000000000000000, -1.000000000000000000, 0.000000000000000000 ) ) ;
#1039 = ORIENTED_EDGE ( 'NONE', *, *, #1536, .F. ) ;
#1040 = CARTESIAN_POINT ( 'NONE',  ( -2.711324865405189577, -1.383850883036509265E-15, 14.80000000000000071 ) ) ;
#1041 = TOROIDAL_SURFACE ( 'NONE', #1659, 1.700000000000001066, 0.2999999999999999889 ) ;
#1042 = CIRCLE ( 'NONE', #1724, 0.2999999999999999334 ) ;
#1043 = AXIS2_PLACEMENT_3D ( 'NONE', #1656, #603, #449 ) ;
#1044 = EDGE_CURVE ( 'NONE', #487, #691, #1163, .T. ) ;
#1045 = CARTESIAN_POINT ( 'NONE',  ( 3.764984115255203267, -6.970887559628675234, 11.30000000000000071 ) ) ;
#1046 = EDGE_LOOP ( 'NONE', ( #639, #1486 ) ) ;
#1047 = VECTOR ( 'NONE', #1084, 1000.000000000000114 ) ;
#1048 = CARTESIAN_POINT ( 'NONE',  ( -2.922835737772483622, -3.996648576560255517, 10.00000000000000000 ) ) ;
#1049 = DIRECTION ( 'NONE',  ( 0.000000000000000000, 1.000000000000000000, 8.850629979473508477E-17 ) ) ;
#1050 = CIRCLE ( 'NONE', #601, 8.000000000000000000 ) ;
#1051 = AXIS2_PLACEMENT_3D ( 'NONE', #1437, #233, #345 ) ;
#1052 = LINE ( 'NONE', #1725, #757 ) ;
#1053 = ORIENTED_EDGE ( 'NONE', *, *, #99, .F. ) ;
#1054 = CARTESIAN_POINT ( 'NONE',  ( 0.000000000000000000, 8.500000000000000000, 7.700000000000000178 ) ) ;
#1055 = TOROIDAL_SURFACE ( 'NONE', #1359, 1.700000000000001066, 0.2999999999999999889 ) ;
#1056 = CARTESIAN_POINT ( 'NONE',  ( 0.000000000000000000, -1.383850883036509659E-15, 11.30000000000000071 ) ) ;
#1057 = CARTESIAN_POINT ( 'NONE',  ( 0.000000000000000000, -5.388445916248354013E-16, 4.399999999999999467 ) ) ;
#1058 = CARTESIAN_POINT ( 'NONE',  ( -3.370180906676478738, 7.295768213176131667, 11.30000000000000426 ) ) ;
#1059 = EDGE_LOOP ( 'NONE', ( #295, #461, #851, #100 ) ) ;
#1060 = LINE ( 'NONE', #384, #81 ) ;
#1061 = APPLICATION_CONTEXT ( 'configuration controlled 3d designs of mechanical parts and assemblies' ) ;
#1062 = EDGE_CURVE ( 'NONE', #139, #1119, #916, .T. ) ;
#1063 = EDGE_CURVE ( 'NONE', #124, #1755, #530, .T. ) ;
#1064 = ORIENTED_EDGE ( 'NONE', *, *, #675, .F. ) ;
#1065 = CARTESIAN_POINT ( 'NONE',  ( 2.711324865405194906, 7.750778897598428863, 14.80000000000000071 ) ) ;
#1066 = DIRECTION ( 'NONE',  ( 0.000000000000000000, 1.000000000000000000, 1.084202172485504434E-16 ) ) ;
#1067 = DIRECTION ( 'NONE',  ( 0.000000000000000000, -1.000000000000000000, -2.189574870678232147E-16 ) ) ;
#1068 = EDGE_LOOP ( 'NONE', ( #450, #919, #1538, #1631 ) ) ;
#1069 = FACE_OUTER_BOUND ( 'NONE', #1415, .T. ) ;
#1070 = CIRCLE ( 'NONE', #1187, 2.000000000000001332 ) ;
#1071 = CIRCLE ( 'NONE', #1489, 2.000000000000001332 ) ;
#1072 = CYLINDRICAL_SURFACE ( 'NONE', #1073, 2.000000000000000888 ) ;
#1073 = AXIS2_PLACEMENT_3D ( 'NONE', #1587, #1612, #914 ) ;
#1074 = VECTOR ( 'NONE', #1532, 1000.000000000000000 ) ;
#1075 = PRODUCT_DEFINITION_SHAPE ( 'NONE', 'NONE',  #48 ) ;
#1076 = CARTESIAN_POINT ( 'NONE',  ( 2.922835737772484066, -3.996648576560255517, 0.5000000000000022204 ) ) ;
#1077 = AXIS2_PLACEMENT_3D ( 'NONE', #712, #559, #970 ) ;
#1078 = VERTEX_POINT ( 'NONE', #382 ) ;
#1079 = AXIS2_PLACEMENT_3D ( 'NONE', #130, #819, #961 ) ;
#1080 = ORIENTED_EDGE ( 'NONE', *, *, #708, .F. ) ;
#1081 = EDGE_CURVE ( 'NONE', #964, #396, #137, .T. ) ;
#1082 = FACE_OUTER_BOUND ( 'NONE', #1068, .T. ) ;
#1083 = MECHANICAL_CONTEXT ( 'NONE', #521, 'mechanical' ) ;
#1084 = DIRECTION ( 'NONE',  ( -0.3444594950788841814, -0.6175335264177946870, -0.7071067811865496822 ) ) ;
#1085 = ORIENTED_EDGE ( 'NONE', *, *, #293, .F. ) ;
#1086 = CYLINDRICAL_SURFACE ( 'NONE', #1750, 10.00000000000000178 ) ;
#1087 = EDGE_CURVE ( 'NONE', #955, #572, #1582, .T. ) ;
#1088 = EDGE_CURVE ( 'NONE', #572, #822, #1735, .T. ) ;
#1089 = CARTESIAN_POINT ( 'NONE',  ( -1.699814129151786535, 4.525138145038114956, 10.00000000000000000 ) ) ;
#1090 = CARTESIAN_POINT ( 'NONE',  ( 0.000000000000000000, 8.500000000000001776, 1.040949779275250731E-15 ) ) ;
#1091 = ORIENTED_EDGE ( 'NONE', *, *, #1336, .F. ) ;
#1092 = ORIENTED_EDGE ( 'NONE', *, *, #222, .F. ) ;
#1093 = DIRECTION ( 'NONE',  ( -0.000000000000000000, -0.000000000000000000, -1.000000000000000000 ) ) ;
#1094 = ORIENTED_EDGE ( 'NONE', *, *, #1148, .F. ) ;
#1095 = VERTEX_POINT ( 'NONE', #250 ) ;
#1096 = EDGE_CURVE ( 'NONE', #822, #1524, #906, .T. ) ;
#1097 = DIRECTION ( 'NONE',  ( -1.000000000000000000, 0.000000000000000000, 0.000000000000000000 ) ) ;
#1098 = CARTESIAN_POINT ( 'NONE',  ( -3.897114317029979347, -2.249999999999990230, 10.00000000000000000 ) ) ;
#1099 = AXIS2_PLACEMENT_3D ( 'NONE', #700, #1104, #795 ) ;
#1100 = CIRCLE ( 'NONE', #981, 0.3000000000000000999 ) ;
#1101 = DIRECTION ( 'NONE',  ( 0.000000000000000000, -1.224646799147356905E-16, 1.000000000000000000 ) ) ;
#1102 = ORIENTED_EDGE ( 'NONE', *, *, #1650, .F. ) ;
#1103 = EDGE_LOOP ( 'NONE', ( #284, #1621, #765, #1053 ) ) ;
#1104 = DIRECTION ( 'NONE',  ( 0.000000000000000000, -1.224646799147353454E-16, 1.000000000000000000 ) ) ;
#1105 = CIRCLE ( 'NONE', #1555, 2.500000000000003109 ) ;
#1106 = ORIENTED_EDGE ( 'NONE', *, *, #975, .T. ) ;
#1107 = AXIS2_PLACEMENT_3D ( 'NONE', #76, #1158, #1569 ) ;
#1108 = DIRECTION ( 'NONE',  ( -0.000000000000000000, 1.224646799147353207E-16, -1.000000000000000000 ) ) ;
#1109 = CYLINDRICAL_SURFACE ( 'NONE', #935, 8.500000000000001776 ) ;
#1110 = DIRECTION ( 'NONE',  ( -1.000000000000000000, 0.000000000000000000, 0.000000000000000000 ) ) ;
#1111 = ORIENTED_EDGE ( 'NONE', *, *, #1214, .T. ) ;
#1112 = ORIENTED_EDGE ( 'NONE', *, *, #1124, .F. ) ;
#1113 = DIRECTION ( 'NONE',  ( -1.000000000000000000, 0.000000000000000000, 0.000000000000000000 ) ) ;
#1114 = ORIENTED_EDGE ( 'NONE', *, *, #204, .F. ) ;
#1115 = CARTESIAN_POINT ( 'NONE',  ( 0.000000000000000000, -9.799999999999997158, 4.699999999999998401 ) ) ;
#1116 = DATE_AND_TIME ( #445, #182 ) ;
#1117 = PLANE ( 'NONE',  #676 ) ;
#1118 = ORIENTED_EDGE ( 'NONE', *, *, #817, .T. ) ;
#1119 = VERTEX_POINT ( 'NONE', #534 ) ;
#1120 = DIRECTION ( 'NONE',  ( -0.000000000000000000, -0.000000000000000000, 1.000000000000000000 ) ) ;
#1121 = ORIENTED_EDGE ( 'NONE', *, *, #1541, .T. ) ;
#1122 = PLANE ( 'NONE',  #1379 ) ;
#1123 = ORIENTED_EDGE ( 'NONE', *, *, #583, .F. ) ;
#1124 = EDGE_CURVE ( 'NONE', #516, #379, #90, .T. ) ;
#1125 = CARTESIAN_POINT ( 'NONE',  ( -5.597114317029980413, -2.249999999999990230, 10.00000000000000000 ) ) ;
#1126 = DIRECTION ( 'NONE',  ( -1.000000000000000000, 0.000000000000000000, 0.000000000000000000 ) ) ;
#1127 = VERTEX_POINT ( 'NONE', #501 ) ;
#1128 = CARTESIAN_POINT ( 'NONE',  ( 2.711324865405194906, 7.750778897598428863, 14.80000000000000071 ) ) ;
#1129 = CONICAL_SURFACE ( 'NONE', #1349, 8.500000000000001776, 0.5235987755982949299 ) ;
#1130 = CIRCLE ( 'NONE', #927, 2.000000000000000888 ) ;
#1131 = ORIENTED_EDGE ( 'NONE', *, *, #598, .F. ) ;
#1132 = CARTESIAN_POINT ( 'NONE',  ( -5.178992753475444744, -0.1036571396498229686, -5.637853980444014668E-16 ) ) ;
#1133 = ORIENTED_EDGE ( 'NONE', *, *, #1229, .F. ) ;
#1134 = AXIS2_PLACEMENT_3D ( 'NONE', #1201, #388, #931 ) ;
#1135 = AXIS2_PLACEMENT_3D ( 'NONE', #1304, #868, #887 ) ;
#1136 = CARTESIAN_POINT ( 'NONE',  ( 3.055708076733299805, -8.090524829906579285, 11.06387829605112927 ) ) ;
#1137 = CC_DESIGN_APPROVAL ( #1690, ( #149 ) ) ;
#1138 = CARTESIAN_POINT ( 'NONE',  ( 2.711324865405194906, -7.750778897598432415, 14.80000000000000071 ) ) ;
#1139 = EDGE_CURVE ( 'NONE', #287, #1387, #730, .T. ) ;
#1140 = LINE ( 'NONE', #748, #504 ) ;
#1141 = ADVANCED_FACE ( 'NONE', ( #1217 ), #932, .T. ) ;
#1142 = CARTESIAN_POINT ( 'NONE',  ( -2.999999999999997335, 7.952986860293433935, 14.30000000000000249 ) ) ;
#1143 = ORIENTED_EDGE ( 'NONE', *, *, #740, .F. ) ;
#1144 = CARTESIAN_POINT ( 'NONE',  ( -3.165999864500339545, 7.889371075714021408, 10.84788974346013646 ) ) ;
#1145 = DIRECTION ( 'NONE',  ( 0.000000000000000000, -1.224646799147353454E-16, 1.000000000000000000 ) ) ;
#1146 = PERSON_AND_ORGANIZATION ( #46, #1419 ) ;
#1147 = ADVANCED_FACE ( 'NONE', ( #1184 ), #115, .T. ) ;
#1148 = EDGE_CURVE ( 'NONE', #1164, #287, #1052, .T. ) ;
#1149 = CARTESIAN_POINT ( 'NONE',  ( 0.000000000000000000, -9.429780353434619030E-16, 7.699999999999999289 ) ) ;
#1150 = CARTESIAN_POINT ( 'NONE',  ( 3.438822149029212127, -7.217564939208398478, 11.29999999999999893 ) ) ;
#1151 = DIRECTION ( 'NONE',  ( 1.000000000000000000, 0.000000000000000000, -0.000000000000000000 ) ) ;
#1152 = EDGE_LOOP ( 'NONE', ( #340, #1397, #1391, #1704, #1358, #1438, #1181, #760, #26, #1121, #318, #132 ) ) ;
#1153 = DIRECTION ( 'NONE',  ( 8.659560562355008046E-17, -0.7071067811865535679, -0.7071067811865415775 ) ) ;
#1154 = CARTESIAN_POINT ( 'NONE',  ( 3.887430600636993577E-16, -9.236594306241048713, 10.00000000000000000 ) ) ;
#1155 = ORIENTED_EDGE ( 'NONE', *, *, #68, .T. ) ;
#1156 = PERSON_AND_ORGANIZATION_ROLE ( 'design_supplier' ) ;
#1157 = CARTESIAN_POINT ( 'NONE',  ( -3.897114317029979347, -2.249999999999990230, 0.5000000000000022204 ) ) ;
#1158 = DIRECTION ( 'NONE',  ( -0.000000000000000000, 1.224646799147353454E-16, -1.000000000000000000 ) ) ;
#1159 = ORIENTED_EDGE ( 'NONE', *, *, #282, .F. ) ;
#1160 = CARTESIAN_POINT ( 'NONE',  ( 9.552245033349344711E-16, 7.799999999999992717, 4.041334437186260086E-16 ) ) ;
#1161 = ADVANCED_FACE ( 'NONE', ( #511 ), #1592, .T. ) ;
#1162 = CARTESIAN_POINT ( 'NONE',  ( -4.922617066186351309, -0.5329257117198569205, 10.00000000000000000 ) ) ;
#1163 = CIRCLE ( 'NONE', #1701, 9.800000000000006040 ) ;
#1164 = VERTEX_POINT ( 'NONE', #522 ) ;
#1165 = AXIS2_PLACEMENT_3D ( 'NONE', #1722, #509, #1049 ) ;
#1166 = DIRECTION ( 'NONE',  ( 0.000000000000000000, -1.000000000000000000, -2.040851148208007998E-16 ) ) ;
#1167 = CARTESIAN_POINT ( 'NONE',  ( 7.999125313655461866, 4.618297153120543896, 9.700000000000001066 ) ) ;
#1168 = B_SPLINE_CURVE_WITH_KNOTS ( 'NONE', 3,
 ( #1675, #1256, #41, #1426, #221, #993, #1540 ),
 .UNSPECIFIED., .F., .F.,
 ( 4, 3, 4 ),
 ( 0.000000000000000000, 0.0008016430926924864942, 0.001184404147895084646 ),
 .UNSPECIFIED. ) ;
#1169 = DIRECTION ( 'NONE',  ( 0.000000000000000000, 0.000000000000000000, -1.000000000000000000 ) ) ;
#1170 = ORIENTED_EDGE ( 'NONE', *, *, #1274, .F. ) ;
#1171 = DIRECTION ( 'NONE',  ( 0.000000000000000000, 1.000000000000000000, 1.224646799147353454E-16 ) ) ;
#1172 = EDGE_CURVE ( 'NONE', #1207, #1331, #527, .T. ) ;
#1173 = DIRECTION ( 'NONE',  ( 0.000000000000000000, -1.000000000000000000, -1.224646799147353454E-16 ) ) ;
#1174 = ORIENTED_EDGE ( 'NONE', *, *, #513, .T. ) ;
#1175 = CARTESIAN_POINT ( 'NONE',  ( -3.764984115255197050, -6.970887559628678787, 11.30000000000000071 ) ) ;
#1176 = DIRECTION ( 'NONE',  ( 0.000000000000000000, 1.224646799147349263E-16, -1.000000000000000000 ) ) ;
#1177 = ORIENTED_EDGE ( 'NONE', *, *, #66, .T. ) ;
#1178 = DIRECTION ( 'NONE',  ( 0.000000000000000000, -1.000000000000000000, -1.224646799147353454E-16 ) ) ;
#1179 = DIRECTION ( 'NONE',  ( 0.000000000000000000, -1.224646799147353454E-16, 1.000000000000000000 ) ) ;
#1180 = EDGE_CURVE ( 'NONE', #1595, #1545, #664, .T. ) ;
#1181 = ORIENTED_EDGE ( 'NONE', *, *, #214, .T. ) ;
#1182 = DIRECTION ( 'NONE',  ( 0.000000000000000000, -1.000000000000000000, -8.850629979473508477E-17 ) ) ;
#1183 = DIRECTION ( 'NONE',  ( 0.000000000000000000, -1.000000000000000000, -2.040851148208007998E-16 ) ) ;
#1184 = FACE_OUTER_BOUND ( 'NONE', #1465, .T. ) ;
#1185 = ORIENTED_EDGE ( 'NONE', *, *, #155, .F. ) ;
#1186 = DIRECTION ( 'NONE',  ( 0.000000000000000000, -1.000000000000000000, -1.224646799147353454E-16 ) ) ;
#1187 = AXIS2_PLACEMENT_3D ( 'NONE', #1157, #1568, #1561 ) ;
#1188 = CIRCLE ( 'NONE', #481, 0.2999999999999999334 ) ;
#1189 = AXIS2_PLACEMENT_3D ( 'NONE', #721, #1120, #980 ) ;
#1190 = EDGE_LOOP ( 'NONE', ( #36, #862, #473, #739 ) ) ;
#1191 = DIRECTION ( 'NONE',  ( 0.000000000000000000, 1.000000000000000000, 1.224646799147353454E-16 ) ) ;
#1192 = CARTESIAN_POINT ( 'NONE',  ( 2.807412167446293960, -7.818963033439256805, 14.63357191090259768 ) ) ;
#1193 = AXIS2_PLACEMENT_3D ( 'NONE', #336, #210, #1423 ) ;
#1194 = EDGE_CURVE ( 'NONE', #933, #1406, #1744, .T. ) ;
#1195 = DIRECTION ( 'NONE',  ( -0.000000000000000000, 1.224646799147358138E-16, -1.000000000000000000 ) ) ;
#1196 = ORIENTED_EDGE ( 'NONE', *, *, #1591, .T. ) ;
#1197 = ADVANCED_FACE ( 'NONE', ( #1625 ), #1204, .F. ) ;
#1198 = CARTESIAN_POINT ( 'NONE',  ( -2.807412167446289075, -7.818963033439258581, 14.63357191090259590 ) ) ;
#1199 = DIRECTION ( 'NONE',  ( -1.000000000000000000, 0.000000000000000000, 0.000000000000000000 ) ) ;
#1200 = CARTESIAN_POINT ( 'NONE',  ( 3.099382989645213637, -7.914915178760445258, 11.07195905563932747 ) ) ;
#1201 = CARTESIAN_POINT ( 'NONE',  ( -7.999125313655461866, 4.618297153120543008, 0.5000000000000038858 ) ) ;
#1202 = EDGE_LOOP ( 'NONE', ( #963, #1445, #1474 ) ) ;
#1203 = DIRECTION ( 'NONE',  ( 0.000000000000000000, 0.000000000000000000, -1.000000000000000000 ) ) ;
#1204 =( BOUNDED_SURFACE ( )  B_SPLINE_SURFACE ( 3, 2, ( 
 ( #1653, #697, #300 ),
 ( #1507, #828, #167 ),
 ( #1523, #440, #1250 ),
 ( #446, #1374, #24 ) ),
 .UNSPECIFIED., .F., .F., .F. ) 
 B_SPLINE_SURFACE_WITH_KNOTS ( ( 4, 4 ),
 ( 3, 3 ),
 ( 0.01217364065553730446, 0.01340321668765640656 ),
 ( 0.000000000000000000, 0.7425553604213265269 ),
 .UNSPECIFIED. ) 
 GEOMETRIC_REPRESENTATION_ITEM ( )  RATIONAL_B_SPLINE_SURFACE ( (
 ( 1.000000000000000000, 0.8756618496934412965, 0.9359796194168981120),
 ( 1.000000000000000000, 0.8774389403300242307, 0.9368946243337654689),
 ( 1.000000000000000000, 0.8793141860475720550, 0.9378601682495166791),
 ( 1.000000000000000000, 0.8813040193170775805, 0.9388847120672956237) ) ) 
 REPRESENTATION_ITEM ( '' )  SURFACE ( )  );
#1205 = FACE_OUTER_BOUND ( 'NONE', #247, .T. ) ;
#1206 = CARTESIAN_POINT ( 'NONE',  ( -3.082343526512433041, 7.832791209753692030, 11.30000000000000604 ) ) ;
#1207 = VERTEX_POINT ( 'NONE', #577 ) ;
#1208 = DIRECTION ( 'NONE',  ( -1.000000000000000000, 0.000000000000000000, 0.000000000000000000 ) ) ;
#1209 = CARTESIAN_POINT ( 'NONE',  ( 0.000000000000000000, -5.755839955992559655E-16, 4.699999999999999289 ) ) ;
#1210 = EDGE_CURVE ( 'NONE', #229, #1524, #424, .T. ) ;
#1211 = TOROIDAL_SURFACE ( 'NONE', #1576, 1.700000000000001066, 0.2999999999999999889 ) ;
#1212 = ORIENTED_EDGE ( 'NONE', *, *, #1210, .F. ) ;
#1213 = AXIS2_PLACEMENT_3D ( 'NONE', #1040, #918, #1296 ) ;
#1214 = EDGE_CURVE ( 'NONE', #94, #933, #681, .T. ) ;
#1215 = DIRECTION ( 'NONE',  ( 0.000000000000000000, -1.224646799147353454E-16, 1.000000000000000000 ) ) ;
#1216 = CIRCLE ( 'NONE', #367, 10.00000000000000178 ) ;
#1217 = FACE_OUTER_BOUND ( 'NONE', #1103, .T. ) ;
#1218 = ORIENTED_EDGE ( 'NONE', *, *, #436, .F. ) ;
#1219 = CARTESIAN_POINT ( 'NONE',  ( 0.000000000000000000, 0.000000000000000000, 0.000000000000000000 ) ) ;
#1220 = AXIS2_PLACEMENT_3D ( 'NONE', #197, #359, #1552 ) ;
#1221 = EDGE_CURVE ( 'NONE', #1095, #643, #1363, .T. ) ;
#1222 = DIRECTION ( 'NONE',  ( -0.01478714414006898972, -0.9998906642069326223, 0.000000000000000000 ) ) ;
#1223 = CARTESIAN_POINT ( 'NONE',  ( 0.000000000000000000, 0.000000000000000000, 0.000000000000000000 ) ) ;
#1224 = CARTESIAN_POINT ( 'NONE',  ( 9.674709713264082226E-16, 7.799999999999992717, 4.041334437186256635E-16 ) ) ;
#1225 = VERTEX_POINT ( 'NONE', #1224 ) ;
#1226 = CARTESIAN_POINT ( 'NONE',  ( 0.000000000000000000, 8.500000000000000000, 8.000000000000000000 ) ) ;
#1227 = DIRECTION ( 'NONE',  ( 0.8585371441400670989, -0.5127513745781847598, 9.265435904376610250E-16 ) ) ;
#1228 = ORIENTED_EDGE ( 'NONE', *, *, #942, .F. ) ;
#1229 = EDGE_CURVE ( 'NONE', #1497, #1607, #1729, .T. ) ;
#1230 = DIRECTION ( 'NONE',  ( 0.000000000000000000, 1.000000000000000000, 0.000000000000000000 ) ) ;
#1231 = APPLICATION_PROTOCOL_DEFINITION ( 'international standard', 'config_control_design', 1994, #1061 ) ;
#1232 = FACE_OUTER_BOUND ( 'NONE', #1642, .T. ) ;
#1233 = EDGE_LOOP ( 'NONE', ( #326, #885, #211, #1517 ) ) ;
#1234 = EDGE_LOOP ( 'NONE', ( #1458, #707, #1514, #117, #1692, #660, #1022 ) ) ;
#1235 = CARTESIAN_POINT ( 'NONE',  ( 0.000000000000000000, -9.184850993605159777E-16, 7.500000000000007105 ) ) ;
#1236 = ORIENTED_EDGE ( 'NONE', *, *, #1087, .T. ) ;
#1237 = CARTESIAN_POINT ( 'NONE',  ( 3.078203224844628494, 7.923078838516460998, 11.18608222940181740 ) ) ;
#1238 = PERSON_AND_ORGANIZATION ( #46, #1419 ) ;
#1239 = VECTOR ( 'NONE', #1093, 1000.000000000000000 ) ;
#1240 = AXIS2_PLACEMENT_3D ( 'NONE', #255, #920, #1191 ) ;
#1241 = CARTESIAN_POINT ( 'NONE',  ( -3.790502616087775944, -7.468654501462128614, 10.51575166985572629 ) ) ;
#1242 = ORIENTED_EDGE ( 'NONE', *, *, #518, .T. ) ;
#1243 = ORIENTED_EDGE ( 'NONE', *, *, #435, .T. ) ;
#1244 = AXIS2_PLACEMENT_3D ( 'NONE', #1276, #747, #63 ) ;
#1245 = CARTESIAN_POINT ( 'NONE',  ( -2.807412167446288631, 7.818963033439255028, 14.63357191090259768 ) ) ;
#1246 = APPROVAL ( #175, 'UNSPECIFIED' ) ;
#1247 = CIRCLE ( 'NONE', #1702, 8.500000000000001776 ) ;
#1248 = APPROVAL_PERSON_ORGANIZATION ( #1662, #1246, #324 ) ;
#1249 = DIRECTION ( 'NONE',  ( -1.000000000000000000, -0.000000000000000000, 0.000000000000000000 ) ) ;
#1250 = CARTESIAN_POINT ( 'NONE',  ( -3.054873388472762130, -7.869557597002510008, 11.40890052051413761 ) ) ;
#1251 = ORIENTED_EDGE ( 'NONE', *, *, #9, .T. ) ;
#1252 = ORIENTED_EDGE ( 'NONE', *, *, #1393, .T. ) ;
#1253 = CARTESIAN_POINT ( 'NONE',  ( -3.223404738524036972, 7.171476038365793393, 11.44029124902986538 ) ) ;
#1254 = B_SPLINE_CURVE_WITH_KNOTS ( 'NONE', 3,
 ( #1175, #500, #1575, #368 ),
 .UNSPECIFIED., .F., .F.,
 ( 4, 4 ),
 ( 0.000000000000000000, 0.001220064239478937636 ),
 .UNSPECIFIED. ) ;
#1255 = ORIENTED_EDGE ( 'NONE', *, *, #1637, .T. ) ;
#1256 = CARTESIAN_POINT ( 'NONE',  ( -3.772672011793570146, 7.114509646722734892, 11.07479540680339802 ) ) ;
#1257 = CARTESIAN_POINT ( 'NONE',  ( 2.711324865405194906, -1.383850883036509265E-15, 14.80000000000000071 ) ) ;
#1258 = ORIENTED_EDGE ( 'NONE', *, *, #518, .F. ) ;
#1259 = CARTESIAN_POINT ( 'NONE',  ( -3.054874242526925521, 7.869759153170175381, 11.40858819457463191 ) ) ;
#1260 = CARTESIAN_POINT ( 'NONE',  ( -3.588339690274477967, 7.706042005813777962, 10.33705524110957263 ) ) ;
#1261 = ADVANCED_FACE ( 'NONE', ( #187 ), #1386, .T. ) ;
#1262 = DIRECTION ( 'NONE',  ( 0.000000000000000000, 0.000000000000000000, -1.000000000000000000 ) ) ;
#1263 = DATE_TIME_ROLE ( 'creation_date' ) ;
#1264 = VECTOR ( 'NONE', #71, 1000.000000000000000 ) ;
#1266 = AXIS2_PLACEMENT_3D ( 'NONE', #1431, #852, #227 ) ;
#1265 = LINE ( 'NONE', #53, #1357 ) ;
#1267 = CARTESIAN_POINT ( 'NONE',  ( 3.673846722050708724, -7.020110966947411768, 11.30000000000000249 ) ) ;
#1268 =( BOUNDED_SURFACE ( )  B_SPLINE_SURFACE ( 3, 2, ( 
 ( #50, #490, #1682 ),
 ( #1136, #1291, #1546 ),
 ( #1565, #585, #339 ),
 ( #874, #1420, #203 ) ),
 .UNSPECIFIED., .F., .F., .F. ) 
 B_SPLINE_SURFACE_WITH_KNOTS ( ( 4, 4 ),
 ( 3, 3 ),
 ( 0.01217251162008268356, 0.01340322342146628085 ),
 ( 0.2574447508305225396, 1.000000000000000000 ),
 .UNSPECIFIED. ) 
 GEOMETRIC_REPRESENTATION_ITEM ( )  RATIONAL_B_SPLINE_SURFACE ( (
 ( 0.9359770810095193738, 0.8756569734206247624, 1.000000000000000000),
 ( 0.9368928382056079807, 0.8774355243390922210, 1.000000000000000000),
 ( 0.9378592206197913228, 0.8793123977479804232, 1.000000000000000000),
 ( 0.9388847116471408238, 0.8813040697941986190, 1.000000000000000000) ) ) 
 REPRESENTATION_ITEM ( '' )  SURFACE ( )  );
#1269 = CARTESIAN_POINT ( 'NONE',  ( 3.887430600636993577E-16, -9.236594306241048713, 0.5000000000000022204 ) ) ;
#1270 = ORIENTED_EDGE ( 'NONE', *, *, #1044, .T. ) ;
#1271 = CARTESIAN_POINT ( 'NONE',  ( -3.797073968079204942, 7.604750441726228161, 10.30000000000000249 ) ) ;
#1272 = AXIS2_PLACEMENT_3D ( 'NONE', #1732, #131, #259 ) ;
#1273 = EDGE_CURVE ( 'NONE', #349, #798, #983, .T. ) ;
#1274 = EDGE_CURVE ( 'NONE', #575, #1331, #237, .T. ) ;
#1275 = CONICAL_SURFACE ( 'NONE', #1301, 8.211324865405194018, 0.5235987755982910441 ) ;
#1276 = CARTESIAN_POINT ( 'NONE',  ( 3.887430600636993577E-16, -9.236594306241048713, 0.5000000000000022204 ) ) ;
#1277 = COORDINATED_UNIVERSAL_TIME_OFFSET ( 0, 0, .AHEAD. ) ;
#1278 = DIRECTION ( 'NONE',  ( 0.000000000000000000, 1.000000000000000000, 1.224646799147353454E-16 ) ) ;
#1279 = CARTESIAN_POINT ( 'NONE',  ( -7.999125313655461866, 4.618297153120543008, 0.5000000000000038858 ) ) ;
#1280 = CARTESIAN_POINT ( 'NONE',  ( 3.691834030264476318, -7.657297048132408079, 10.29999999999999893 ) ) ;
#1281 = ORIENTED_EDGE ( 'NONE', *, *, #520, .F. ) ;
#1282 = LINE ( 'NONE', #1671, #417 ) ;
#1283 = ADVANCED_FACE ( 'NONE', ( #159 ), #1117, .F. ) ;
#1284 = CARTESIAN_POINT ( 'NONE',  ( 0.000000000000000000, -9.799999999999997158, 4.699999999999998401 ) ) ;
#1285 = ORIENTED_EDGE ( 'NONE', *, *, #357, .T. ) ;
#1286 = CARTESIAN_POINT ( 'NONE',  ( 2.922835737772484510, -3.996648576560254629, 9.700000000000001066 ) ) ;
#1287 = CARTESIAN_POINT ( 'NONE',  ( 1.040949779275250337E-15, -8.500000000000003553, 7.999999999999996447 ) ) ;
#1288 = ORIENTED_EDGE ( 'NONE', *, *, #1676, .F. ) ;
#1289 = EDGE_CURVE ( 'NONE', #379, #1496, #690, .T. ) ;
#1290 = PLANE ( 'NONE',  #867 ) ;
#1291 = CARTESIAN_POINT ( 'NONE',  ( 3.231051519796196203, -7.604491096556240670, 10.74822067692798555 ) ) ;
#1292 = ORIENTED_EDGE ( 'NONE', *, *, #1214, .F. ) ;
#1293 = CARTESIAN_POINT ( 'NONE',  ( -3.897114317029979347, -2.249999999999990230, 9.700000000000001066 ) ) ;
#1294 = ORIENTED_EDGE ( 'NONE', *, *, #1063, .F. ) ;
#1295 = ADVANCED_FACE ( 'NONE', ( #1232 ), #1754, .T. ) ;
#1296 = DIRECTION ( 'NONE',  ( -0.000000000000000000, 1.000000000000000000, 0.000000000000000000 ) ) ;
#1297 = CIRCLE ( 'NONE', #727, 6.000000000000000000 ) ;
#1298 = CIRCLE ( 'NONE', #1442, 8.000000000000000000 ) ;
#1299 = DIRECTION ( 'NONE',  ( 0.000000000000000000, 0.000000000000000000, -1.000000000000000000 ) ) ;
#1300 = ORIENTED_EDGE ( 'NONE', *, *, #335, .T. ) ;
#1301 = AXIS2_PLACEMENT_3D ( 'NONE', #1679, #472, #1544 ) ;
#1302 = CARTESIAN_POINT ( 'NONE',  ( 0.000000000000000000, -1.383850883036509659E-15, 11.30000000000000071 ) ) ;
#1303 = AXIS2_PLACEMENT_3D ( 'NONE', #1512, #1478, #415 ) ;
#1304 = CARTESIAN_POINT ( 'NONE',  ( 3.897114317029979347, -2.249999999999989786, 0.5000000000000022204 ) ) ;
#1305 = ORIENTED_EDGE ( 'NONE', *, *, #1180, .T. ) ;
#1306 = CARTESIAN_POINT ( 'NONE',  ( -3.057061580178072280, -7.931227805012052379, 11.29999999999999893 ) ) ;
#1307 = CARTESIAN_POINT ( 'NONE',  ( 3.780039054568385293, -7.257686952346324993, 10.84929555348775665 ) ) ;
#1308 = ORIENTED_EDGE ( 'NONE', *, *, #153, .F. ) ;
#1309 = CARTESIAN_POINT ( 'NONE',  ( -3.897114317029979347, -2.249999999999990230, -8.266365894244623486E-16 ) ) ;
#1310 = CARTESIAN_POINT ( 'NONE',  ( 0.000000000000000000, -1.751244922780715498E-15, 14.30000000000000071 ) ) ;
#1311 = DIRECTION ( 'NONE',  ( 0.000000000000000000, 1.224646799147349263E-16, -1.000000000000000000 ) ) ;
#1312 = ORIENTED_EDGE ( 'NONE', *, *, #1371, .F. ) ;
#1313 = FACE_BOUND ( 'NONE', #1383, .T. ) ;
#1314 = EDGE_LOOP ( 'NONE', ( #629, #447, #891, #1633, #1174, #1627, #1155 ) ) ;
#1315 = EDGE_CURVE ( 'NONE', #161, #830, #426, .T. ) ;
#1316 = EDGE_CURVE ( 'NONE', #635, #7, #150, .T. ) ;
#1317 = DIRECTION ( 'NONE',  ( -1.000000000000000000, 0.000000000000000000, 0.000000000000000000 ) ) ;
#1318 = FACE_OUTER_BOUND ( 'NONE', #30, .T. ) ;
#1319 = DIRECTION ( 'NONE',  ( 0.000000000000000000, 0.000000000000000000, 1.000000000000000000 ) ) ;
#1320 = ORIENTED_EDGE ( 'NONE', *, *, #1618, .F. ) ;
#1321 = CARTESIAN_POINT ( 'NONE',  ( -3.339848494719147354, -7.816613457325906289, 10.55684703021171167 ) ) ;
#1322 = AXIS2_PLACEMENT_3D ( 'NONE', #1219, #1516, #407 ) ;
#1323 = EDGE_CURVE ( 'NONE', #1616, #853, #1105, .T. ) ;
#1324 = VECTOR ( 'NONE', #267, 1000.000000000000000 ) ;
#1325 = ADVANCED_FACE ( 'NONE', ( #459 ), #1017, .T. ) ;
#1326 = AXIS2_PLACEMENT_3D ( 'NONE', #984, #615, #1016 ) ;
#1327 = CARTESIAN_POINT ( 'NONE',  ( 3.056494599805063661, 8.309471454108161126, 10.71970312969908079 ) ) ;
#1328 = CYLINDRICAL_SURFACE ( 'NONE', #540, 6.000000000000000000 ) ;
#1329 = CIRCLE ( 'NONE', #1220, 0.2999999999999999334 ) ;
#1330 = DIRECTION ( 'NONE',  ( -0.7070294691058415237, -0.01045608989582524039, 0.7071067811865492381 ) ) ;
#1331 = VERTEX_POINT ( 'NONE', #1411 ) ;
#1332 = CARTESIAN_POINT ( 'NONE',  ( 1.016456843292303031E-15, -8.300000000000000711, 4.699999999999998401 ) ) ;
#1333 = EDGE_LOOP ( 'NONE', ( #304, #494, #971, #1365 ) ) ;
#1334 = LINE ( 'NONE', #1048, #1324 ) ;
#1335 = DIRECTION ( 'NONE',  ( 0.000000000000000000, 0.000000000000000000, -1.000000000000000000 ) ) ;
#1336 = EDGE_CURVE ( 'NONE', #1450, #86, #843, .T. ) ;
#1337 = CARTESIAN_POINT ( 'NONE',  ( -3.201688854364288961, 7.548984333442844807, 11.29999999999999893 ) ) ;
#1338 = ORIENTED_EDGE ( 'NONE', *, *, #950, .F. ) ;
#1339 = DIRECTION ( 'NONE',  ( -0.000000000000000000, -0.000000000000000000, -1.000000000000000000 ) ) ;
#1340 = CARTESIAN_POINT ( 'NONE',  ( 3.897114317029979347, -2.249999999999989786, 0.5000000000000022204 ) ) ;
#1341 = ADVANCED_FACE ( 'NONE', ( #587 ), #1019, .T. ) ;
#1342 = PRODUCT ( 'OLY014_01297-A', 'OLY014_01297-A', '', ( #1083 ) ) ;
#1343 = LINE ( 'NONE', #791, #173 ) ;
#1344 = CARTESIAN_POINT ( 'NONE',  ( 3.780039054568385737, 7.257686952346322329, 10.84929555348775665 ) ) ;
#1345 = ORIENTED_EDGE ( 'NONE', *, *, #125, .T. ) ;
#1346 = CARTESIAN_POINT ( 'NONE',  ( -2.999999999999997335, -7.952986860293437488, 14.80000000000000071 ) ) ;
#1347 = EDGE_CURVE ( 'NONE', #830, #161, #485, .T. ) ;
#1348 = ORIENTED_EDGE ( 'NONE', *, *, #275, .F. ) ;
#1349 = AXIS2_PLACEMENT_3D ( 'NONE', #10, #1108, #1518 ) ;
#1350 = CARTESIAN_POINT ( 'NONE',  ( 0.000000000000000000, -8.800000000000004263, 7.999999999999996447 ) ) ;
#1351 = PERSON_AND_ORGANIZATION ( #46, #1419 ) ;
#1352 = VECTOR ( 'NONE', #1408, 1000.000000000000000 ) ;
#1353 = DIRECTION ( 'NONE',  ( 0.000000000000000000, -1.000000000000000000, -9.856383386231855129E-17 ) ) ;
#1354 = AXIS2_PLACEMENT_3D ( 'NONE', #809, #1101, #34 ) ;
#1355 = ORIENTED_EDGE ( 'NONE', *, *, #1629, .F. ) ;
#1356 = CARTESIAN_POINT ( 'NONE',  ( 3.000000000000001776, 7.952986860293433935, 14.80000000000000071 ) ) ;
#1357 = VECTOR ( 'NONE', #995, 1000.000000000000114 ) ;
#1358 = ORIENTED_EDGE ( 'NONE', *, *, #1502, .T. ) ;
#1359 = AXIS2_PLACEMENT_3D ( 'NONE', #558, #439, #570 ) ;
#1360 = ADVANCED_FACE ( 'NONE', ( #1542 ), #815, .F. ) ;
#1361 = CARTESIAN_POINT ( 'NONE',  ( -2.679266092958108914, -4.433310720700322172, -1.094015037989438969E-15 ) ) ;
#1362 = CARTESIAN_POINT ( 'NONE',  ( -3.897114317029979347, -2.249999999999990230, 10.00000000000000000 ) ) ;
#1363 = LINE ( 'NONE', #430, #145 ) ;
#1364 = ORIENTED_EDGE ( 'NONE', *, *, #824, .T. ) ;
#1365 = ORIENTED_EDGE ( 'NONE', *, *, #1347, .F. ) ;
#1366 = LINE ( 'NONE', #1346, #725 ) ;
#1367 = ORIENTED_EDGE ( 'NONE', *, *, #1371, .T. ) ;
#1368 = B_SPLINE_CURVE_WITH_KNOTS ( 'NONE', 3,
 ( #1045, #228, #1307, #505, #1443, #797, #1033 ),
 .UNSPECIFIED., .F., .F.,
 ( 4, 3, 4 ),
 ( 0.000000000000000000, 0.0008016430926924884457, 0.001184404147895087031 ),
 .UNSPECIFIED. ) ;
#1369 = DIRECTION ( 'NONE',  ( -0.000000000000000000, -0.000000000000000000, 1.000000000000000000 ) ) ;
#1370 = COORDINATED_UNIVERSAL_TIME_OFFSET ( 0, 0, .AHEAD. ) ;
#1371 = EDGE_CURVE ( 'NONE', #502, #516, #857, .T. ) ;
#1372 = B_SPLINE_CURVE_WITH_KNOTS ( 'NONE', 3,
 ( #1271, #716, #1260, #47, #60, #1144, #1681, #655 ),
 .UNSPECIFIED., .F., .F.,
 ( 4, 2, 2, 4 ),
 ( -0.0005716943060850210225, -0.0002273081267104773559, 0.0001170780526640663108, 0.0008058504114131493073 ),
 .UNSPECIFIED. ) ;
#1373 = EDGE_CURVE ( 'NONE', #280, #1593, #1265, .T. ) ;
#1374 = CARTESIAN_POINT ( 'NONE',  ( -3.223404710967297415, -7.171479630333719157, 11.44028560536355776 ) ) ;
#1375 = ORIENTED_EDGE ( 'NONE', *, *, #1650, .T. ) ;
#1376 = EDGE_LOOP ( 'NONE', ( #1026, #1395, #1424, #713 ) ) ;
#1377 = CARTESIAN_POINT ( 'NONE',  ( 3.000000000000002665, -7.952986860293435711, 14.29999999999999893 ) ) ;
#1378 = LINE ( 'NONE', #1115, #371 ) ;
#1379 = AXIS2_PLACEMENT_3D ( 'NONE', #982, #192, #1528 ) ;
#1380 = CIRCLE ( 'NONE', #484, 0.2999999999999999334 ) ;
#1381 = DIRECTION ( 'NONE',  ( -0.000000000000000000, 1.224646799147353454E-16, -1.000000000000000000 ) ) ;
#1382 = ORIENTED_EDGE ( 'NONE', *, *, #1485, .F. ) ;
#1383 = EDGE_LOOP ( 'NONE', ( #463, #979 ) ) ;
#1384 = CIRCLE ( 'NONE', #1326, 7.799999999999992717 ) ;
#1385 = CARTESIAN_POINT ( 'NONE',  ( -3.055708076733424594, 8.090524829905735515, 11.06387829605062656 ) ) ;
#1386 = CONICAL_SURFACE ( 'NONE', #1077, 8.211324865405194018, 0.5235987755982910441 ) ;
#1387 = VERTEX_POINT ( 'NONE', #1138 ) ;
#1388 = VECTOR ( 'NONE', #628, 1000.000000000000000 ) ;
#1389 = CARTESIAN_POINT ( 'NONE',  ( 7.999125313655461866, 4.618297153120543896, 9.700000000000001066 ) ) ;
#1390 = DIRECTION ( 'NONE',  ( -0.000000000000000000, 1.224646799147353454E-16, -1.000000000000000000 ) ) ;
#1391 = ORIENTED_EDGE ( 'NONE', *, *, #547, .T. ) ;
#1392 = ORIENTED_EDGE ( 'NONE', *, *, #350, .T. ) ;
#1393 = EDGE_CURVE ( 'NONE', #487, #1207, #332, .T. ) ;
#1394 = CARTESIAN_POINT ( 'NONE',  ( -3.776494007615074366, 7.185759003238764819, 10.96310100054858694 ) ) ;
#1395 = ORIENTED_EDGE ( 'NONE', *, *, #469, .F. ) ;
#1396 = FACE_OUTER_BOUND ( 'NONE', #1233, .T. ) ;
#1397 = ORIENTED_EDGE ( 'NONE', *, *, #1289, .T. ) ;
#1398 = DIRECTION ( 'NONE',  ( -1.000000000000000000, 0.000000000000000000, 0.000000000000000000 ) ) ;
#1399 = APPROVAL_DATE_TIME ( #1116, #1690 ) ;
#1400 = CARTESIAN_POINT ( 'NONE',  ( 3.000000000000002665, -7.952986860293435711, 14.30000000000000071 ) ) ;
#1401 = EDGE_LOOP ( 'NONE', ( #329, #606, #561, #588 ) ) ;
#1402 = ADVANCED_FACE ( 'NONE', ( #1006 ), #1549, .T. ) ;
#1403 = FACE_OUTER_BOUND ( 'NONE', #1202, .T. ) ;
#1404 = ADVANCED_FACE ( 'NONE', ( #1685 ), #1614, .T. ) ;
#1405 = FACE_OUTER_BOUND ( 'NONE', #683, .T. ) ;
#1406 = VERTEX_POINT ( 'NONE', #723 ) ;
#1407 = LINE ( 'NONE', #1160, #172 ) ;
#1408 = DIRECTION ( 'NONE',  ( -0.000000000000000000, -0.000000000000000000, -1.000000000000000000 ) ) ;
#1409 = DATE_AND_TIME ( #1005, #62 ) ;
#1410 = CONICAL_SURFACE ( 'NONE', #646, 7.799999999999992717, 0.7853981633974569387 ) ;
#1411 = CARTESIAN_POINT ( 'NONE',  ( 0.000000000000000000, 10.00000000000000178, 4.900000000000011013 ) ) ;
#1412 = DIRECTION ( 'NONE',  ( 0.000000000000000000, 0.000000000000000000, -1.000000000000000000 ) ) ;
#1413 = CONICAL_SURFACE ( 'NONE', #341, 6.000000000000000000, 0.7853981633974457255 ) ;
#1414 = FACE_OUTER_BOUND ( 'NONE', #434, .T. ) ;
#1415 = EDGE_LOOP ( 'NONE', ( #1102, #1236, #216, #1481, #826, #297 ) ) ;
#1416 = DIRECTION ( 'NONE',  ( 0.000000000000000000, 0.000000000000000000, 1.000000000000000000 ) ) ;
#1417 = VECTOR ( 'NONE', #952, 1000.000000000000000 ) ;
#1418 = UNCERTAINTY_MEASURE_WITH_UNIT (LENGTH_MEASURE( 1.000000000000000082E-05 ), #274, 'distance_accuracy_value', 'NONE');
#1419 = ORGANIZATION ( 'UNSPECIFIED', 'UNSPECIFIED', '' ) ;
#1420 = CARTESIAN_POINT ( 'NONE',  ( 3.223404738524039193, -7.171476038365794281, 11.44029124902986361 ) ) ;
#1421 = ORIENTED_EDGE ( 'NONE', *, *, #856, .F. ) ;
#1422 = CARTESIAN_POINT ( 'NONE',  ( 3.797073968079209827, 7.604750441726226384, 10.30000000000000249 ) ) ;
#1423 = DIRECTION ( 'NONE',  ( -1.000000000000000000, 0.000000000000000000, 0.000000000000000000 ) ) ;
#1424 = ORIENTED_EDGE ( 'NONE', *, *, #1588, .F. ) ;
#1425 = DIRECTION ( 'NONE',  ( -0.000000000000000000, 1.224646799147353454E-16, -1.000000000000000000 ) ) ;
#1426 = CARTESIAN_POINT ( 'NONE',  ( -3.787121127773637408, 7.400476539238147744, 10.62354238171455023 ) ) ;
#1427 = ORIENTED_EDGE ( 'NONE', *, *, #824, .F. ) ;
#1428 = FACE_OUTER_BOUND ( 'NONE', #260, .T. ) ;
#1429 = DIRECTION ( 'NONE',  ( 0.000000000000000000, 0.000000000000000000, 1.000000000000000000 ) ) ;
#1430 = EDGE_LOOP ( 'NONE', ( #180, #234, #954, #858 ) ) ;
#1431 = CARTESIAN_POINT ( 'NONE',  ( 0.000000000000000000, 4.500000000000000000, 10.00000000000000000 ) ) ;
#1432 = DIRECTION ( 'NONE',  ( -1.000000000000000000, 0.000000000000000000, 0.000000000000000000 ) ) ;
#1433 = ORIENTED_EDGE ( 'NONE', *, *, #66, .F. ) ;
#1434 = CARTESIAN_POINT ( 'NONE',  ( -6.397114317029982899, -2.249999999999990230, -8.266365894244623486E-16 ) ) ;
#1435 = EDGE_CURVE ( 'NONE', #933, #1640, #265, .T. ) ;
#1436 = AXIS2_PLACEMENT_3D ( 'NONE', #626, #82, #333 ) ;
#1437 = CARTESIAN_POINT ( 'NONE',  ( 0.000000000000000000, 0.000000000000000000, 0.000000000000000000 ) ) ;
#1438 = ORIENTED_EDGE ( 'NONE', *, *, #413, .T. ) ;
#1439 = AXIS2_PLACEMENT_3D ( 'NONE', #871, #1554, #338 ) ;
#1440 = PLANE ( 'NONE',  #1748 ) ;
#1441 = CIRCLE ( 'NONE', #1189, 6.299999999999999822 ) ;
#1442 = AXIS2_PLACEMENT_3D ( 'NONE', #864, #738, #355 ) ;
#1443 = CARTESIAN_POINT ( 'NONE',  ( 3.790502616087780385, -7.468654501462126838, 10.51575166985572451 ) ) ;
#1444 = AXIS2_PLACEMENT_3D ( 'NONE', #1480, #243, #1067 ) ;
#1445 = ORIENTED_EDGE ( 'NONE', *, *, #969, .F. ) ;
#1446 = CIRCLE ( 'NONE', #732, 8.500000000000001776 ) ;
#1447 = DIRECTION ( 'NONE',  ( 0.000000000000000000, -1.224646799147353454E-16, 1.000000000000000000 ) ) ;
#1448 = LINE ( 'NONE', #1567, #25 ) ;
#1449 = CARTESIAN_POINT ( 'NONE',  ( -3.116649978395503950, 7.734837708080458007, 11.30000000000000426 ) ) ;
#1450 = VERTEX_POINT ( 'NONE', #96 ) ;
#1451 = CARTESIAN_POINT ( 'NONE',  ( 0.000000000000000000, -9.184850993605159777E-16, 7.500000000000007105 ) ) ;
#1452 = ADVANCED_FACE ( 'NONE', ( #881 ), #61, .F. ) ;
#1453 = ADVANCED_FACE ( 'NONE', ( #612 ), #58, .T. ) ;
#1454 = ORIENTED_EDGE ( 'NONE', *, *, #404, .T. ) ;
#1455 = CARTESIAN_POINT ( 'NONE',  ( 0.000000000000000000, 4.500000000000000000, 0.5000000000000038858 ) ) ;
#1456 = CARTESIAN_POINT ( 'NONE',  ( 3.339548250484342784, -7.816735268689199323, 10.55750663877218365 ) ) ;
#1457 = DIRECTION ( 'NONE',  ( 0.000000000000000000, -1.000000000000000000, -2.040851148208007998E-16 ) ) ;
#1458 = ORIENTED_EDGE ( 'NONE', *, *, #99, .T. ) ;
#1459 = ADVANCED_FACE ( 'NONE', ( #1405 ), #759, .T. ) ;
#1460 = CARTESIAN_POINT ( 'NONE',  ( -2.903641871419019527, -7.886349040251091402, 14.46689717442450984 ) ) ;
#1461 = EDGE_CURVE ( 'NONE', #1595, #933, #238, .T. ) ;
#1462 = CARTESIAN_POINT ( 'NONE',  ( 2.903641871419023524, 7.886349040251087850, 14.46689717442451162 ) ) ;
#1463 = CARTESIAN_POINT ( 'NONE',  ( 2.711324865405194906, -7.750778897598432415, 14.80000000000000071 ) ) ;
#1464 = DIRECTION ( 'NONE',  ( -0.000000000000000000, 1.224646799147353454E-16, -1.000000000000000000 ) ) ;
#1465 = EDGE_LOOP ( 'NONE', ( #479, #978, #1159, #310 ) ) ;
#1466 = DIRECTION ( 'NONE',  ( -1.000000000000000000, 0.000000000000000000, 0.000000000000000000 ) ) ;
#1467 = CIRCLE ( 'NONE', #1490, 0.2999999999999999334 ) ;
#1468 = TOROIDAL_SURFACE ( 'NONE', #1493, 8.800000000000002487, 0.2999999999999999889 ) ;
#1469 = CARTESIAN_POINT ( 'NONE',  ( 3.764775953510130613, 6.967000125871452454, 11.30609539273844000 ) ) ;
#1470 = CARTESIAN_POINT ( 'NONE',  ( 3.000000000000002665, -7.952986860293435711, 14.29999999999999893 ) ) ;
#1471 = AXIS2_PLACEMENT_3D ( 'NONE', #1149, #987, #477 ) ;
#1472 = EDGE_CURVE ( 'NONE', #939, #1450, #1329, .T. ) ;
#1473 = DIRECTION ( 'NONE',  ( 0.000000000000000000, 1.000000000000000000, 8.673617379884034239E-17 ) ) ;
#1474 = ORIENTED_EDGE ( 'NONE', *, *, #1088, .F. ) ;
#1475 = PLANE ( 'NONE',  #1213 ) ;
#1476 = FACE_OUTER_BOUND ( 'NONE', #562, .T. ) ;
#1477 = CARTESIAN_POINT ( 'NONE',  ( 9.797174393178825657E-16, -8.000000000000000000, 0.2000000000000025091 ) ) ;
#1478 = DIRECTION ( 'NONE',  ( 0.000000000000000000, -1.224646799147353700E-16, 1.000000000000000000 ) ) ;
#1479 = ADVANCED_FACE ( 'NONE', ( #1414 ), #997, .T. ) ;
#1480 = CARTESIAN_POINT ( 'NONE',  ( 0.000000000000000000, -1.383850883036509265E-15, 11.30000000000000071 ) ) ;
#1481 = ORIENTED_EDGE ( 'NONE', *, *, #1096, .T. ) ;
#1482 = DIRECTION ( 'NONE',  ( 0.000000000000000000, 1.000000000000000000, 8.673617379884034239E-17 ) ) ;
#1483 = DIRECTION ( 'NONE',  ( -1.000000000000000000, 0.000000000000000000, 0.000000000000000000 ) ) ;
#1484 = DIRECTION ( 'NONE',  ( -0.000000000000000000, 1.224646799147353454E-16, -1.000000000000000000 ) ) ;
#1485 = EDGE_CURVE ( 'NONE', #1647, #1004, #990, .T. ) ;
#1486 = ORIENTED_EDGE ( 'NONE', *, *, #226, .T. ) ;
#1487 = CARTESIAN_POINT ( 'NONE',  ( 3.887430600636993577E-16, -9.236594306241048713, -1.682247624832385700E-15 ) ) ;
#1488 = ORIENTED_EDGE ( 'NONE', *, *, #1315, .T. ) ;
#1489 = AXIS2_PLACEMENT_3D ( 'NONE', #495, #390, #1466 ) ;
#1490 = AXIS2_PLACEMENT_3D ( 'NONE', #960, #429, #157 ) ;
#1491 = CARTESIAN_POINT ( 'NONE',  ( 0.000000000000000000, -6.000769315822044545E-16, 4.900000000000010125 ) ) ;
#1492 = PERSON_AND_ORGANIZATION_ROLE ( 'creator' ) ;
#1493 = AXIS2_PLACEMENT_3D ( 'NONE', #753, #1179, #1173 ) ;
#1494 = DIRECTION ( 'NONE',  ( -0.000000000000000000, 0.000000000000000000, -1.000000000000000000 ) ) ;
#1495 = CIRCLE ( 'NONE', #1193, 6.000000000000000000 ) ;
#1496 = VERTEX_POINT ( 'NONE', #1287 ) ;
#1497 = VERTEX_POINT ( 'NONE', #634 ) ;
#1498 = DIRECTION ( 'NONE',  ( -0.000000000000000000, -0.000000000000000000, -1.000000000000000000 ) ) ;
#1499 = CC_DESIGN_SECURITY_CLASSIFICATION ( #149, ( #911 ) ) ;
#1500 = B_SPLINE_CURVE_WITH_KNOTS ( 'NONE', 3,
 ( #590, #620, #726, #488 ),
 .UNSPECIFIED., .F., .F.,
 ( 4, 4 ),
 ( 0.000000000000000000, 0.001220064239478938937 ),
 .UNSPECIFIED. ) ;
#1501 = ORIENTED_EDGE ( 'NONE', *, *, #1010, .F. ) ;
#1502 = EDGE_CURVE ( 'NONE', #635, #502, #57, .T. ) ;
#1503 = VERTEX_POINT ( 'NONE', #1142 ) ;
#1504 = ADVANCED_FACE ( 'NONE', ( #618 ), #656, .F. ) ;
#1505 = FACE_OUTER_BOUND ( 'NONE', #1031, .T. ) ;
#1506 = APPROVAL_STATUS ( 'not_yet_approved' ) ;
#1507 = CARTESIAN_POINT ( 'NONE',  ( -3.787460744564195458, -7.403329983945641679, 10.61967279656163043 ) ) ;
#1508 = ORIENTED_EDGE ( 'NONE', *, *, #1027, .T. ) ;
#1509 = CARTESIAN_POINT ( 'NONE',  ( 3.082343526512437037, -7.832791209753692030, 11.29999999999999716 ) ) ;
#1510 = CARTESIAN_POINT ( 'NONE',  ( -3.068977524661108180, -3.734651290076215879, 10.00000000000000000 ) ) ;
#1511 = DIRECTION ( 'NONE',  ( -0.9998906642069326223, -0.01478714414006898972, 0.000000000000000000 ) ) ;
#1512 = CARTESIAN_POINT ( 'NONE',  ( 0.000000000000000000, -2.449293598294749678E-17, 0.2000000000000034805 ) ) ;
#1513 = CARTESIAN_POINT ( 'NONE',  ( -3.772672011793569702, -7.114509646722737557, 11.07479540680339625 ) ) ;
#1514 = ORIENTED_EDGE ( 'NONE', *, *, #1323, .T. ) ;
#1515 = ORIENTED_EDGE ( 'NONE', *, *, #1008, .T. ) ;
#1516 = DIRECTION ( 'NONE',  ( -0.000000000000000000, 1.224646799147353454E-16, -1.000000000000000000 ) ) ;
#1517 = ORIENTED_EDGE ( 'NONE', *, *, #586, .T. ) ;
#1518 = DIRECTION ( 'NONE',  ( 0.000000000000000000, 1.000000000000000000, 2.040851148208007998E-16 ) ) ;
#1519 = APPROVAL_STATUS ( 'not_yet_approved' ) ;
#1520 = EDGE_CURVE ( 'NONE', #124, #160, #460, .T. ) ;
#1521 = TOROIDAL_SURFACE ( 'NONE', #230, 8.300000000000000711, 0.2999999999999999889 ) ;
#1522 = VECTOR ( 'NONE', #1230, 1000.000000000000000 ) ;
#1523 = CARTESIAN_POINT ( 'NONE',  ( -3.776483378052333251, -7.185560705871520959, 10.96341188785152276 ) ) ;
#1524 = VERTEX_POINT ( 'NONE', #486 ) ;
#1525 = ORIENTED_EDGE ( 'NONE', *, *, #1536, .T. ) ;
#1526 = CARTESIAN_POINT ( 'NONE',  ( -3.056496822687869486, 8.310076143963392781, 10.71875228184145357 ) ) ;
#1527 = ADVANCED_FACE ( 'NONE', ( #1021 ), #1275, .T. ) ;
#1528 = DIRECTION ( 'NONE',  ( 0.000000000000000000, 1.000000000000000000, 1.224646799147353454E-16 ) ) ;
#1529 = AXIS2_PLACEMENT_3D ( 'NONE', #1362, #696, #937 ) ;
#1530 = AXIS2_PLACEMENT_3D ( 'NONE', #806, #299, #2 ) ;
#1531 = EDGE_LOOP ( 'NONE', ( #1600, #554, #27, #270 ) ) ;
#1532 = DIRECTION ( 'NONE',  ( 0.000000000000000000, 0.4999999999999933387, -0.8660254037844424824 ) ) ;
#1533 = PERSON_AND_ORGANIZATION_ROLE ( 'creator' ) ;
#1534 = CARTESIAN_POINT ( 'NONE',  ( -3.897114317029979347, -2.249999999999990230, 0.5000000000000022204 ) ) ;
#1535 = ORIENTED_EDGE ( 'NONE', *, *, #1710, .T. ) ;
#1536 = EDGE_CURVE ( 'NONE', #86, #94, #1495, .T. ) ;
#1537 = DIRECTION ( 'NONE',  ( 0.000000000000000000, -1.224646799147353454E-16, 1.000000000000000000 ) ) ;
#1538 = ORIENTED_EDGE ( 'NONE', *, *, #1180, .F. ) ;
#1539 = CYLINDRICAL_SURFACE ( 'NONE', #394, 6.000000000000000000 ) ;
#1540 = CARTESIAN_POINT ( 'NONE',  ( -3.797073968079204942, 7.604750441726228161, 10.30000000000000249 ) ) ;
#1541 = EDGE_CURVE ( 'NONE', #160, #77, #1037, .T. ) ;
#1542 = FACE_OUTER_BOUND ( 'NONE', #773, .T. ) ;
#1543 = CARTESIAN_POINT ( 'NONE',  ( 3.057061580177623306, -7.931227805012410315, 11.30000000000216609 ) ) ;
#1544 = DIRECTION ( 'NONE',  ( 0.000000000000000000, 1.000000000000000000, 2.112598763794258724E-16 ) ) ;
#1545 = VERTEX_POINT ( 'NONE', #249 ) ;
#1546 = CARTESIAN_POINT ( 'NONE',  ( 3.787480850814387789, -7.403728738560642952, 10.61904340641499367 ) ) ;
#1547 = APPROVAL_ROLE ( '' ) ;
#1548 = AXIS2_PLACEMENT_3D ( 'NONE', #886, #741, #54 ) ;
#1549 = PLANE ( 'NONE',  #344 ) ;
#1550 = DIRECTION ( 'NONE',  ( -0.000000000000000000, -0.000000000000000000, 1.000000000000000000 ) ) ;
#1551 = AXIS2_PLACEMENT_3D ( 'NONE', #311, #181, #709 ) ;
#1552 = DIRECTION ( 'NONE',  ( 0.000000000000000000, 0.000000000000000000, -1.000000000000000000 ) ) ;
#1553 = ORIENTED_EDGE ( 'NONE', *, *, #40, .F. ) ;
#1554 = DIRECTION ( 'NONE',  ( 0.000000000000000000, -1.224646799147353454E-16, 1.000000000000000000 ) ) ;
#1555 = AXIS2_PLACEMENT_3D ( 'NONE', #292, #12, #1278 ) ;
#1556 = AXIS2_PLACEMENT_3D ( 'NONE', #493, #1169, #224 ) ;
#1557 = CC_DESIGN_APPROVAL ( #796, ( #48 ) ) ;
#1558 = FACE_OUTER_BOUND ( 'NONE', #816, .T. ) ;
#1559 = ORIENTED_EDGE ( 'NONE', *, *, #1435, .T. ) ;
#1560 = PERSON_AND_ORGANIZATION ( #46, #1419 ) ;
#1561 = DIRECTION ( 'NONE',  ( -1.000000000000000000, 0.000000000000000000, 0.000000000000000000 ) ) ;
#1562 = CARTESIAN_POINT ( 'NONE',  ( 3.588339690274482408, -7.706042005813777074, 10.33705524110957441 ) ) ;
#1563 = EDGE_LOOP ( 'NONE', ( #685, #406, #1740, #882 ) ) ;
#1564 = DIRECTION ( 'NONE',  ( -1.000000000000000000, 0.000000000000000000, 0.000000000000000000 ) ) ;
#1565 = CARTESIAN_POINT ( 'NONE',  ( 3.054874242526931738, -7.869759153170737598, 11.40858819457501916 ) ) ;
#1566 = ORIENTED_EDGE ( 'NONE', *, *, #1618, .T. ) ;
#1567 = CARTESIAN_POINT ( 'NONE',  ( -2.999999999999997335, 7.952986860293433935, 11.30000000000000071 ) ) ;
#1568 = DIRECTION ( 'NONE',  ( 0.000000000000000000, 0.000000000000000000, -1.000000000000000000 ) ) ;
#1569 = DIRECTION ( 'NONE',  ( 0.000000000000000000, 1.000000000000000000, 1.224646799147353454E-16 ) ) ;
#1570 = VERTEX_POINT ( 'NONE', #1589 ) ;
#1571 = CARTESIAN_POINT ( 'NONE',  ( 0.000000000000000000, -7.799999999999992717, -1.506315562951243821E-15 ) ) ;
#1572 = CARTESIAN_POINT ( 'NONE',  ( 4.922617066186346868, -0.5329257117198541449, 9.700000000000001066 ) ) ;
#1573 = EDGE_CURVE ( 'NONE', #1647, #1095, #1050, .T. ) ;
#1574 = CARTESIAN_POINT ( 'NONE',  ( -7.999125313655461866, 4.618297153120543008, 9.700000000000001066 ) ) ;
#1575 = CARTESIAN_POINT ( 'NONE',  ( -3.158484444891025866, -7.536332516823229355, 11.29999999999999893 ) ) ;
#1576 = AXIS2_PLACEMENT_3D ( 'NONE', #1293, #1412, #223 ) ;
#1577 = CARTESIAN_POINT ( 'NONE',  ( 3.790502616087780829, 7.468654501462123285, 10.51575166985572629 ) ) ;
#1578 = ORIENTED_EDGE ( 'NONE', *, *, #689, .T. ) ;
#1579 = AXIS2_PLACEMENT_3D ( 'NONE', #715, #589, #580 ) ;
#1580 = DIRECTION ( 'NONE',  ( 0.000000000000000000, -0.7071067811865536790, 0.7071067811865412445 ) ) ;
#1581 = AXIS2_PLACEMENT_3D ( 'NONE', #134, #667, #272 ) ;
#1582 = CIRCLE ( 'NONE', #539, 8.500000000000001776 ) ;
#1583 = CARTESIAN_POINT ( 'NONE',  ( -2.999999999999997335, 7.952986860293433935, 14.30000000000000071 ) ) ;
#1584 = VECTOR ( 'NONE', #239, 1000.000000000000000 ) ;
#1585 = ORIENTED_EDGE ( 'NONE', *, *, #608, .F. ) ;
#1586 = VECTOR ( 'NONE', #1597, 1000.000000000000114 ) ;
#1587 = CARTESIAN_POINT ( 'NONE',  ( 3.897114317029979347, -2.249999999999989786, 10.00000000000000000 ) ) ;
#1588 = EDGE_CURVE ( 'NONE', #1640, #853, #928, .T. ) ;
#1589 = CARTESIAN_POINT ( 'NONE',  ( -5.897114317029980235, -2.249999999999990230, 0.5000000000000022204 ) ) ;
#1590 = LOCAL_TIME ( 13, 14, 5.000000000000000000, #1370 ) ;
#1591 = EDGE_CURVE ( 'NONE', #1712, #77, #1446, .T. ) ;
#1592 = CYLINDRICAL_SURFACE ( 'NONE', #1272, 10.00000000000000178 ) ;
#1593 = VERTEX_POINT ( 'NONE', #231 ) ;
#1594 = DIRECTION ( 'NONE',  ( -1.000000000000000000, 0.000000000000000000, 0.000000000000000000 ) ) ;
#1595 = VERTEX_POINT ( 'NONE', #109 ) ;
#1596 = CARTESIAN_POINT ( 'NONE',  ( 0.000000000000000000, -5.755839955992559655E-16, 4.699999999999999289 ) ) ;
#1597 = DIRECTION ( 'NONE',  ( 0.3444594950788844590, -0.6175335264177952421, -0.7071067811865489050 ) ) ;
#1598 = ADVANCED_FACE ( 'NONE', ( #1318 ), #790, .T. ) ;
#1599 = CARTESIAN_POINT ( 'NONE',  ( 3.772672011793574143, 7.114509646722733116, 11.07479540680339625 ) ) ;
#1600 = ORIENTED_EDGE ( 'NONE', *, *, #1008, .F. ) ;
#1601 = DIRECTION ( 'NONE',  ( 1.224646799147353207E-16, 1.000000000000000000, 0.000000000000000000 ) ) ;
#1602 = ORIENTED_EDGE ( 'NONE', *, *, #1663, .T. ) ;
#1603 = CARTESIAN_POINT ( 'NONE',  ( 1.016456843292303031E-15, -8.300000000000000711, 4.399999999999998579 ) ) ;
#1604 = CARTESIAN_POINT ( 'NONE',  ( 0.000000000000000000, -1.812477262738082875E-15, 14.80000000000000071 ) ) ;
#1605 = CARTESIAN_POINT ( 'NONE',  ( 0.000000000000000000, -1.812477262738082480E-15, 14.80000000000000071 ) ) ;
#1606 = B_SPLINE_CURVE_WITH_KNOTS ( 'NONE', 3,
 ( #1648, #1245, #28, #803 ),
 .UNSPECIFIED., .F., .F.,
 ( 4, 4 ),
 ( 0.000000000000000000, 0.0006117363758275233846 ),
 .UNSPECIFIED. ) ;
#1607 = VERTEX_POINT ( 'NONE', #381 ) ;
#1608 = CARTESIAN_POINT ( 'NONE',  ( -3.797073968079205386, -7.604750441726229937, 10.29999999999999893 ) ) ;
#1609 = CIRCLE ( 'NONE', #840, 0.2999999999999999334 ) ;
#1610 = EDGE_CURVE ( 'NONE', #516, #1387, #1674, .T. ) ;
#1611 = VECTOR ( 'NONE', #316, 1000.000000000000000 ) ;
#1612 = DIRECTION ( 'NONE',  ( -0.000000000000000000, -0.000000000000000000, -1.000000000000000000 ) ) ;
#1613 = CC_DESIGN_DATE_AND_TIME_ASSIGNMENT ( #42, #467, ( #149 ) ) ;
#1614 = CONICAL_SURFACE ( 'NONE', #627, 8.500000000000001776, 0.5235987755982949299 ) ;
#1615 = DIRECTION ( 'NONE',  ( 0.000000000000000000, -1.224646799147353454E-16, 1.000000000000000000 ) ) ;
#1616 = VERTEX_POINT ( 'NONE', #1434 ) ;
#1617 = CARTESIAN_POINT ( 'NONE',  ( -3.897114317029979347, -2.249999999999990230, 10.00000000000000000 ) ) ;
#1618 = EDGE_CURVE ( 'NONE', #991, #1164, #428, .T. ) ;
#1619 = DIRECTION ( 'NONE',  ( 1.000000000000000000, 0.000000000000000000, 0.000000000000000000 ) ) ;
#1620 = DIRECTION ( 'NONE',  ( -0.000000000000000000, 1.224646799147353454E-16, -1.000000000000000000 ) ) ;
#1621 = ORIENTED_EDGE ( 'NONE', *, *, #122, .F. ) ;
#1622 = CARTESIAN_POINT ( 'NONE',  ( 0.000000000000000000, 0.000000000000000000, 0.000000000000000000 ) ) ;
#1623 = CARTESIAN_POINT ( 'NONE',  ( 7.999125313655461866, 4.618297153120543896, 0.5000000000000038858 ) ) ;
#1624 = APPROVAL_DATE_TIME ( #551, #796 ) ;
#1625 = FACE_OUTER_BOUND ( 'NONE', #648, .T. ) ;
#1626 = ORIENTED_EDGE ( 'NONE', *, *, #1472, .F. ) ;
#1627 = ORIENTED_EDGE ( 'NONE', *, *, #1718, .T. ) ;
#1628 = CARTESIAN_POINT ( 'NONE',  ( 0.000000000000000000, -5.388445916248354013E-16, 4.399999999999999467 ) ) ;
#1629 = EDGE_CURVE ( 'NONE', #1078, #575, #767, .T. ) ;
#1630 = ADVANCED_FACE ( 'NONE', ( #784 ), #1328, .T. ) ;
#1631 = ORIENTED_EDGE ( 'NONE', *, *, #74, .F. ) ;
#1632 = CIRCLE ( 'NONE', #141, 1.700000000000001510 ) ;
#1633 = ORIENTED_EDGE ( 'NONE', *, *, #520, .T. ) ;
#1634 = DIRECTION ( 'NONE',  ( 0.000000000000000000, 1.224646799147349263E-16, -1.000000000000000000 ) ) ;
#1635 = ADVANCED_FACE ( 'NONE', ( #792 ), #1638, .F. ) ;
#1636 = DIRECTION ( 'NONE',  ( 0.000000000000000000, 1.000000000000000000, 1.045014142154702998E-16 ) ) ;
#1637 = EDGE_CURVE ( 'NONE', #94, #1654, #116, .T. ) ;
#1638 = TOROIDAL_SURFACE ( 'NONE', #878, 6.299999999999999822, 0.2999999999999999889 ) ;
#1639 = ORIENTED_EDGE ( 'NONE', *, *, #226, .F. ) ;
#1640 = VERTEX_POINT ( 'NONE', #102 ) ;
#1641 = DIRECTION ( 'NONE',  ( -0.000000000000000000, 1.224646799147353454E-16, -1.000000000000000000 ) ) ;
#1642 = EDGE_LOOP ( 'NONE', ( #1708, #483, #1535, #1382 ) ) ;
#1643 = CARTESIAN_POINT ( 'NONE',  ( 3.411278922376863143, 7.786055689221582199, 10.46783041676012083 ) ) ;
#1644 = CYLINDRICAL_SURFACE ( 'NONE', #1529, 2.000000000000001332 ) ;
#1645 = DIRECTION ( 'NONE',  ( -0.000000000000000000, -0.000000000000000000, 1.000000000000000000 ) ) ;
#1646 = ORIENTED_EDGE ( 'NONE', *, *, #513, .F. ) ;
#1647 = VERTEX_POINT ( 'NONE', #1028 ) ;
#1648 = CARTESIAN_POINT ( 'NONE',  ( -2.711324865405189577, 7.750778897598430639, 14.80000000000000071 ) ) ;
#1649 = ORIENTED_EDGE ( 'NONE', *, *, #770, .F. ) ;
#1650 = EDGE_CURVE ( 'NONE', #955, #528, #1448, .T. ) ;
#1651 = CARTESIAN_POINT ( 'NONE',  ( 0.000000000000000000, -9.429780353434621002E-16, 7.699999999999999289 ) ) ;
#1652 = EDGE_CURVE ( 'NONE', #1524, #1127, #1254, .T. ) ;
#1653 = CARTESIAN_POINT ( 'NONE',  ( -3.797821290704097130, -7.620385817931756733, 10.27518874194874243 ) ) ;
#1654 = VERTEX_POINT ( 'NONE', #893 ) ;
#1655 = ORIENTED_EDGE ( 'NONE', *, *, #253, .T. ) ;
#1656 = CARTESIAN_POINT ( 'NONE',  ( -5.948119815342720607, 1.184148576560276167, 10.00000000000000000 ) ) ;
#1657 = VERTEX_POINT ( 'NONE', #905 ) ;
#1658 = FACE_OUTER_BOUND ( 'NONE', #1680, .T. ) ;
#1659 = AXIS2_PLACEMENT_3D ( 'NONE', #75, #207, #195 ) ;
#1660 = ORIENTED_EDGE ( 'NONE', *, *, #1637, .F. ) ;
#1661 = FACE_OUTER_BOUND ( 'NONE', #1376, .T. ) ;
#1662 = PERSON_AND_ORGANIZATION ( #46, #1419 ) ;
#1663 = EDGE_CURVE ( 'NONE', #379, #593, #1247, .T. ) ;
#1664 = CIRCLE ( 'NONE', #1266, 1.700000000000001066 ) ;
#1665 = CONICAL_SURFACE ( 'NONE', #903, 9.799999999999997158, 0.7853981633974309595 ) ;
#1666 = CARTESIAN_POINT ( 'NONE',  ( 0.000000000000000000, -5.755839955992559655E-16, 4.699999999999999289 ) ) ;
#1667 = EDGE_LOOP ( 'NONE', ( #1242, #632, #1736, #1094 ) ) ;
#1668 = CARTESIAN_POINT ( 'NONE',  ( -3.231051519796536819, 7.604491096555274332, 10.74822067692741534 ) ) ;
#1669 = AXIS2_PLACEMENT_3D ( 'NONE', #943, #1484, #1353 ) ;
#1670 = ORIENTED_EDGE ( 'NONE', *, *, #1749, .F. ) ;
#1671 = CARTESIAN_POINT ( 'NONE',  ( 1.224646799147353454E-15, -10.00000000000000355, 7.500000000000007105 ) ) ;
#1672 = AXIS2_PLACEMENT_3D ( 'NONE', #84, #1537, #352 ) ;
#1673 =( GEOMETRIC_REPRESENTATION_CONTEXT ( 3 ) GLOBAL_UNCERTAINTY_ASSIGNED_CONTEXT ( ( #1418 ) ) GLOBAL_UNIT_ASSIGNED_CONTEXT ( ( #274, #136, #968 ) ) REPRESENTATION_CONTEXT ( 'NONE', 'WORKASPACE' ) );
#1674 = B_SPLINE_CURVE_WITH_KNOTS ( 'NONE', 3,
 ( #1470, #242, #1192, #1463 ),
 .UNSPECIFIED., .F., .F.,
 ( 4, 4 ),
 ( 0.000000000000000000, 0.0006117363758275264204 ),
 .UNSPECIFIED. ) ;
#1675 = CARTESIAN_POINT ( 'NONE',  ( -3.764984115255199271, 6.970887559628674346, 11.30000000000000071 ) ) ;
#1676 = EDGE_CURVE ( 'NONE', #888, #322, #178, .T. ) ;
#1677 = DIRECTION ( 'NONE',  ( 0.000000000000000000, 0.000000000000000000, -1.000000000000000000 ) ) ;
#1678 = DIRECTION ( 'NONE',  ( -0.000000000000000000, -0.000000000000000000, 1.000000000000000000 ) ) ;
#1679 = CARTESIAN_POINT ( 'NONE',  ( 0.000000000000000000, -1.812477262738082875E-15, 14.80000000000000071 ) ) ;
#1680 = EDGE_LOOP ( 'NONE', ( #1639, #665, #779, #573 ) ) ;
#1681 = CARTESIAN_POINT ( 'NONE',  ( -3.099382989645209197, 7.914915178760445258, 11.07195905563933103 ) ) ;
#1682 = CARTESIAN_POINT ( 'NONE',  ( 3.797849829067547756, -7.620983734207110949, 10.27423979874337867 ) ) ;
#1683 = CARTESIAN_POINT ( 'NONE',  ( -3.897114317029979347, -2.249999999999990230, 9.700000000000001066 ) ) ;
#1684 = DIRECTION ( 'NONE',  ( 0.000000000000000000, 0.000000000000000000, -1.000000000000000000 ) ) ;
#1685 = FACE_OUTER_BOUND ( 'NONE', #1563, .T. ) ;
#1686 = EDGE_LOOP ( 'NONE', ( #319, #1281, #1660, #1039 ) ) ;
#1687 = ADVANCED_FACE ( 'NONE', ( #670 ), #1644, .F. ) ;
#1688 = DIRECTION ( 'NONE',  ( 8.659560562355009279E-17, 0.7071067811865536790, 0.7071067811865414665 ) ) ;
#1689 = ADVANCED_FACE ( 'NONE', ( #827 ), #1109, .T. ) ;
#1690 = APPROVAL ( #1519, 'UNSPECIFIED' ) ;
#1691 = LINE ( 'NONE', #331, #1352 ) ;
#1692 = ORIENTED_EDGE ( 'NONE', *, *, #877, .T. ) ;
#1693 = APPROVAL_DATE_TIME ( #1409, #1246 ) ;
#1694 = CIRCLE ( 'NONE', #365, 8.500000000000001776 ) ;
#1695 = CARTESIAN_POINT ( 'NONE',  ( 7.999125313655461866, 4.618297153120543896, 0.5000000000000038858 ) ) ;
#1696 = AXIS2_PLACEMENT_3D ( 'NONE', #499, #248, #1317 ) ;
#1697 = DIRECTION ( 'NONE',  ( 0.000000000000000000, -1.000000000000000000, -2.040851148208007998E-16 ) ) ;
#1698 = AXIS2_PLACEMENT_3D ( 'NONE', #408, #290, #818 ) ;
#1699 = ORIENTED_EDGE ( 'NONE', *, *, #1663, .F. ) ;
#1700 = DIRECTION ( 'NONE',  ( -1.000000000000000000, 0.000000000000000000, 0.000000000000000000 ) ) ;
#1701 = AXIS2_PLACEMENT_3D ( 'NONE', #631, #1711, #496 ) ;
#1702 = AXIS2_PLACEMENT_3D ( 'NONE', #1310, #641, #1183 ) ;
#1703 = LINE ( 'NONE', #1162, #930 ) ;
#1704 = ORIENTED_EDGE ( 'NONE', *, *, #1316, .F. ) ;
#1705 = DIRECTION ( 'NONE',  ( -0.000000000000000000, -0.000000000000000000, -1.000000000000000000 ) ) ;
#1706 = LINE ( 'NONE', #217, #451 ) ;
#1707 = DIRECTION ( 'NONE',  ( -1.000000000000000000, 0.000000000000000000, 0.000000000000000000 ) ) ;
#1708 = ORIENTED_EDGE ( 'NONE', *, *, #1573, .T. ) ;
#1709 = DIRECTION ( 'NONE',  ( -0.000000000000000000, -0.000000000000000000, -1.000000000000000000 ) ) ;
#1710 = EDGE_CURVE ( 'NONE', #643, #1004, #678, .T. ) ;
#1711 = DIRECTION ( 'NONE',  ( 0.000000000000000000, -1.224646799147353454E-16, 1.000000000000000000 ) ) ;
#1712 = VERTEX_POINT ( 'NONE', #1743 ) ;
#1713 = CYLINDRICAL_SURFACE ( 'NONE', #1696, 2.000000000000001332 ) ;
#1714 = ADVANCED_FACE ( 'NONE', ( #22 ), #1055, .F. ) ;
#1715 = DIRECTION ( 'NONE',  ( 0.000000000000000000, -1.000000000000000000, -2.040851148208007998E-16 ) ) ;
#1716 = ORIENTED_EDGE ( 'NONE', *, *, #1461, .T. ) ;
#1717 = CARTESIAN_POINT ( 'NONE',  ( 1.077689183249671000E-15, 8.800000000000000711, 8.000000000000000000 ) ) ;
#1718 = EDGE_CURVE ( 'NONE', #939, #156, #879, .T. ) ;
#1719 = LINE ( 'NONE', #1583, #1584 ) ;
#1720 = ORIENTED_EDGE ( 'NONE', *, *, #761, .T. ) ;
#1721 = CARTESIAN_POINT ( 'NONE',  ( 3.227337948794672062, 7.388477271044836314, 11.09461754355943519 ) ) ;
#1722 = CARTESIAN_POINT ( 'NONE',  ( 0.000000000000000000, -5.755839955992559655E-16, 4.699999999999999289 ) ) ;
#1723 = CLOSED_SHELL ( 'NONE', ( #1598, #860, #497, #1024, #1714, #1147, #1341, #142, #694, #1295, #1161, #391, #334, #246, #1479, #1689, #254, #531, #286, #1459, #202, #1687, #953, #688, #1630, #409, #541, #164, #1283, #1453, #1325, #645, #510, #87, #549, #1635, #1452, #106, #728, #213, #1504, #839, #1034, #279, #892, #1141, #1360, #1402, #1261, #1527, #385, #1404, #722, #909, #1197, #565, #668 ) ) ;
#1724 = AXIS2_PLACEMENT_3D ( 'NONE', #1717, #398, #1601 ) ;
#1725 = CARTESIAN_POINT ( 'NONE',  ( -2.711324865405189577, -7.952986860293437488, 14.80000000000000071 ) ) ;
#1726 = ORIENTED_EDGE ( 'NONE', *, *, #591, .F. ) ;
#1727 = AXIS2_PLACEMENT_3D ( 'NONE', #1651, #1215, #1 ) ;
#1728 = CARTESIAN_POINT ( 'NONE',  ( -3.411278922376860034, -7.786055689221583087, 10.46783041676011905 ) ) ;
#1729 = CIRCLE ( 'NONE', #957, 2.000000000000000888 ) ;
#1730 = CARTESIAN_POINT ( 'NONE',  ( 3.054873388473173801, 7.869557597002739158, 11.40890052051431525 ) ) ;
#1731 = CARTESIAN_POINT ( 'NONE',  ( 3.412912646225318536, -7.785325452246738109, 10.46646165733491607 ) ) ;
#1732 = CARTESIAN_POINT ( 'NONE',  ( 0.000000000000000000, 0.000000000000000000, 0.000000000000000000 ) ) ;
#1733 = ORIENTED_EDGE ( 'NONE', *, *, #293, .T. ) ;
#1734 = CARTESIAN_POINT ( 'NONE',  ( -3.177919268800298180, -7.883675515054249239, 10.85859990733273506 ) ) ;
#1735 = B_SPLINE_CURVE_WITH_KNOTS ( 'NONE', 3,
 ( #907, #1206, #1449, #1337, #768, #1058, #938, #776, #395, #123 ),
 .UNSPECIFIED., .F., .F.,
 ( 4, 2, 2, 2, 4 ),
 ( 0.0004571323368332988425, 0.0007612950203836527140, 0.001065457703934006694, 0.001369620387484360349, 0.001673783071034714437 ),
 .UNSPECIFIED. ) ;
#1736 = ORIENTED_EDGE ( 'NONE', *, *, #275, .T. ) ;
#1737 = CARTESIAN_POINT ( 'NONE',  ( 2.807412167446293960, 7.818963033439253252, 14.63357191090259768 ) ) ;
#1738 = DIRECTION ( 'NONE',  ( 0.000000000000000000, 1.224646799147349263E-16, -1.000000000000000000 ) ) ;
#1739 = DIRECTION ( 'NONE',  ( 0.3625699740269560656, 0.6070774365219721025, -0.7071067811865500152 ) ) ;
#1740 = ORIENTED_EDGE ( 'NONE', *, *, #1520, .F. ) ;
#1741 = CARTESIAN_POINT ( 'NONE',  ( 0.000000000000000000, -1.383850883036509462E-15, 11.30000000000000071 ) ) ;
#1742 = DIRECTION ( 'NONE',  ( -0.000000000000000000, 1.224646799147353454E-16, -1.000000000000000000 ) ) ;
#1743 = CARTESIAN_POINT ( 'NONE',  ( 3.000000000000002665, -7.952986860293435711, 11.29999999999999893 ) ) ;
#1744 = LINE ( 'NONE', #1076, #1047 ) ;
#1745 = ORIENTED_EDGE ( 'NONE', *, *, #31, .T. ) ;
#1746 = FACE_OUTER_BOUND ( 'NONE', #553, .T. ) ;
#1747 = DIRECTION ( 'NONE',  ( 0.000000000000000000, 1.000000000000000000, 8.850629979473508477E-17 ) ) ;
#1748 = AXIS2_PLACEMENT_3D ( 'NONE', #1054, #778, #1186 ) ;
#1749 = EDGE_CURVE ( 'NONE', #1640, #1570, #266, .T. ) ;
#1750 = AXIS2_PLACEMENT_3D ( 'NONE', #1622, #412, #850 ) ;
#1751 = VECTOR ( 'NONE', #1739, 1000.000000000000114 ) ;
#1752 = CARTESIAN_POINT ( 'NONE',  ( 1.077689183249670803E-15, 8.800000000000000711, 7.700000000000000178 ) ) ;
#1753 = AXIS2_PLACEMENT_3D ( 'NONE', #1269, #1030, #1707 ) ;
#1754 = CYLINDRICAL_SURFACE ( 'NONE', #208, 8.000000000000000000 ) ;
#1755 = VERTEX_POINT ( 'NONE', #800 ) ;
#1756 = CARTESIAN_POINT ( 'NONE',  ( 3.887430600636993577E-16, -9.236594306241048713, 10.00000000000000000 ) ) ;
ENDSEC;
END-ISO-10303-21;
